run_label,replicate,rng_seed,step_size,points_per_seed,selected_points,constraint_handling,leiden_TAC,leiden_TotEmiss,leiden_ISI,average_TAC,average_TotEmiss,average_ISI
condition2_main,1,20260824,0.03,40,123,equality_tangent,1,1,2,1,1,2
condition2_main,1,20260824,0.03,40,123,inequalities_only,1,1,2,1,1,2
condition2_main,2,20260825,0.03,40,123,equality_tangent,1,1,2,1,1,2
condition2_main,2,20260825,0.03,40,123,inequalities_only,1,1,2,1,1,2
condition2_main,3,20260826,0.03,40,123,equality_tangent,1,1,2,1,1,2
condition2_main,3,20260826,0.03,40,123,inequalities_only,1,1,2,1,1,2
condition2_main,4,20260827,0.03,40,123,equality_tangent,1,1,2,1,1,2
condition2_main,4,20260827,0.03,40,123,inequalities_only,1,1,2,1,1,2
condition2_main,5,20260828,0.03,40,123,equality_tangent,1,1,2,1,1,2
condition2_main,5,20260828,0.03,40,123,inequalities_only,1,1,2,1,1,2
condition2_main,6,20260829,0.03,40,123,equality_tangent,1,1,2,1,1,2
condition2_main,6,20260829,0.03,40,123,inequalities_only,1,1,2,1,1,2
condition2_main,7,20260830,0.03,40,123,equality_tangent,1,1,2,1,1,2
condition2_main,7,20260830,0.03,40,123,inequalities_only,1,1,2,1,1,2
condition2_main,8,20260831,0.03,40,123,equality_tangent,1,1,2,1,1,2
condition2_main,8,20260831,0.03,40,123,inequalities_only,1,1,2,1,1,2
condition2_main,9,20260832,0.03,40,123,equality_tangent,1,1,2,1,1,2
condition2_main,9,20260832,0.03,40,123,inequalities_only,1,1,2,1,1,2
condition2_main,10,20260833,0.03,40,123,equality_tangent,1,1,2,1,1,2
condition2_main,10,20260833,0.03,40,123,inequalities_only,1,1,2,1,1,2
