retained_resolution,epsilon_resolution,grouping,requested_slices,represented_slices,multi_point_slices,mean_information_loss,sd_across_slices,min_information_loss,max_information_loss,rank
6,11,TAC + ISI,6,6,6,0.1705875691666667,0.14898249695570917,2.6499999991971134e-07,0.362372982,1
6,11,TAC + total emissions,6,6,6,0.23141197600000007,0.18693389677629108,1.1506000000000001e-05,0.40004513700000005,2
6,11,Total emissions + ISI,6,6,6,0.7692231165000001,0.655597144512232,1.4099999995880297e-07,1.6319124170000001,3
6,21,TAC + ISI,6,6,6,0.2735933773333334,0.22009374405276505,2.6499999991971134e-07,0.5053700720000001,2
6,21,TAC + total emissions,6,6,6,0.2373920213333334,0.1881128905895831,1.1506000000000001e-05,0.40004513700000005,1
6,21,Total emissions + ISI,6,6,6,0.7925044785,0.6619127723491817,1.4099999995880297e-07,1.6319124170000001,3
11,11,TAC + ISI,11,11,11,0.24023311299999997,0.1545679653598407,2.6499999991971134e-07,0.471253747,1
11,11,TAC + total emissions,11,11,11,0.28354962790909094,0.14875253695239699,1.1506000000000001e-05,0.40004513700000005,2
11,11,Total emissions + ISI,11,11,11,0.8230377757272728,0.5683703213751713,1.4099999995880297e-07,1.6319124170000001,3
11,21,TAC + ISI,11,11,11,0.30982764409090907,0.1856042044281222,2.6499999991971134e-07,0.538447916,2
11,21,TAC + total emissions,11,11,11,0.28681147081818187,0.14827007968103117,1.1506000000000001e-05,0.40004513700000005,1
11,21,Total emissions + ISI,11,11,11,0.8609490227272727,0.5620774275527554,1.4099999995880297e-07,1.6319124170000001,3
