pair,frontier_id,x_objective,y_objective,x_normalized,y_normalized,main_sink,is_2d_nondominated,mean_information_loss
TAC-emissions,PF0001,TotEmiss,TAC,0.08232830999590715,0.027645000424175076,Urea,False,0.2868114708181818
TAC-emissions,PF0002,TotEmiss,TAC,0.11480141215718269,0.03267725730282546,Urea,False,0.2868114708181818
TAC-emissions,PF0003,TotEmiss,TAC,0.14727996436600913,0.037030997156007994,Urea,False,0.2868114708181818
TAC-emissions,PF0004,TotEmiss,TAC,0.17975354031157081,0.04091705749954963,Urea,False,0.2868114708181818
TAC-emissions,PF0005,TotEmiss,TAC,0.4074885055478008,0.06194187706796318,Acetic Acid,False,0.2868114708181818
TAC-emissions,PF0006,TotEmiss,TAC,0.5506675880957551,0.10760253765213829,Acetic Acid,False,0.2868114708181818
TAC-emissions,PF0007,TotEmiss,TAC,0.5721004670165223,0.11781154445192225,Acetic Acid,False,0.2868114708181818
TAC-emissions,PF0008,TotEmiss,TAC,0.6363994440296354,0.13975222040511742,Acetic Acid,False,0.2868114708181818
TAC-emissions,PF0009,TotEmiss,TAC,0.6579058596884014,0.1455917093513093,Acetic Acid,False,0.2868114708181818
TAC-emissions,PF0010,TotEmiss,TAC,0.7010549918056612,0.15591619341928062,Acetic Acid,False,0.2868114708181818
TAC-emissions,PF0011,TotEmiss,TAC,0.7226296233308956,0.16048025638675972,Acetic Acid,False,0.2868114708181818
TAC-emissions,PF0012,TotEmiss,TAC,0.9999970779724396,0.9996727002722847,Greenhouse,False,0.2868114708181818
TAC-emissions,PF0013,TotEmiss,TAC,0.1473038344195108,0.03703570110705622,Urea,False,0.2868114708181818
TAC-emissions,PF0014,TotEmiss,TAC,0.17977953700956123,0.04092177310526143,Urea,False,0.2868114708181818
TAC-emissions,PF0015,TotEmiss,TAC,0.5292346046636371,0.09325678126332328,Acetic Acid,False,0.2868114708181818
TAC-emissions,PF0016,TotEmiss,TAC,0.17977953047157064,0.04092177007316531,Urea,False,0.2868114708181818
TAC-emissions,PF0017,TotEmiss,TAC,0.7441931281055932,0.16475814627301905,Acetic Acid,False,0.2868114708181818
TAC-emissions,PF0018,TotEmiss,TAC,0.7872474462444745,0.17163898984219325,Acetic Acid,False,0.2868114708181818
TAC-emissions,PF0019,TotEmiss,TAC,0.14730383184821824,0.037035699880103905,Urea,False,0.2868114708181818
TAC-emissions,PF0020,TotEmiss,TAC,0.6794803605453154,0.15096697567098868,Acetic Acid,False,0.2868114708181818
TAC-emissions,PF0021,TotEmiss,TAC,0.5935334179698397,0.12615189255653314,Acetic Acid,False,0.2868114708181818
TAC-emissions,PF0022,TotEmiss,TAC,0.7657534509106463,0.16872271206579048,Acetic Acid,False,0.2868114708181818
TAC-emissions,PF0023,TotEmiss,TAC,0.7872753726367353,0.17164686446229058,Acetic Acid,False,0.2868114708181818
TAC-emissions,PF0024,TotEmiss,TAC,0.7657232635601074,0.16858585444797095,Acetic Acid,False,0.2868114708181818
TAC-emissions,PF0025,TotEmiss,TAC,0.7666644053215292,0.17476236114485363,Acetic Acid,False,0.2868114708181818
TAC-emissions,PF0026,TotEmiss,TAC,0.733331173512843,0.16679479262160885,Acetic Acid,False,0.2868114708181818
TAC-emissions,PF0027,TotEmiss,TAC,0.7333311814245153,0.17351920850174374,Acetic Acid,False,0.2868114708181818
TAC-emissions,PF0028,TotEmiss,TAC,0.7333311578021603,0.17856942735996065,Methanol,False,0.2868114708181818
TAC-emissions,PF0029,TotEmiss,TAC,0.6149663676782259,0.13335116827205212,Acetic Acid,False,0.2868114708181818
TAC-emissions,PF0030,TotEmiss,TAC,0.6999979414734454,0.1561807996069139,Acetic Acid,False,0.2868114708181818
TAC-emissions,PF0031,TotEmiss,TAC,0.6999979362807349,0.16492479446806557,Acetic Acid,False,0.2868114708181818
TAC-emissions,PF0032,TotEmiss,TAC,0.6999979324866524,0.171829424974552,Methanol,False,0.2868114708181818
TAC-emissions,PF0033,TotEmiss,TAC,0.6999979382912681,0.17715050210862623,Methanol,False,0.2868114708181818
TAC-emissions,PF0034,TotEmiss,TAC,0.6999979502477516,0.25345968198154356,Methanol,False,0.2868114708181818
TAC-emissions,PF0035,TotEmiss,TAC,0.6666647047393732,0.15428669391449293,Acetic Acid,False,0.2868114708181818
TAC-emissions,PF0036,TotEmiss,TAC,0.6666647100843781,0.16287605273251152,Acetic Acid,False,0.2868114708181818
TAC-emissions,PF0037,TotEmiss,TAC,0.6666646942573902,0.16982201296451274,Methanol,False,0.2868114708181818
TAC-emissions,PF0038,TotEmiss,TAC,0.666664671523532,0.17499820478306088,Methanol,False,0.2868114708181818
TAC-emissions,PF0039,TotEmiss,TAC,0.6666647139771248,0.2529341310542956,Methanol,False,0.2868114708181818
TAC-emissions,PF0040,TotEmiss,TAC,0.6666647151489624,0.6636680888082422,Methanol,False,0.2868114708181818
TAC-emissions,PF0041,TotEmiss,TAC,0.6333314719763832,0.14085917372732593,Acetic Acid,False,0.2868114708181818
TAC-emissions,PF0042,TotEmiss,TAC,0.6333314681041737,0.15226996109393723,Acetic Acid,False,0.2868114708181818
TAC-emissions,PF0043,TotEmiss,TAC,0.6333314636778682,0.16082731632306066,Acetic Acid,False,0.2868114708181818
TAC-emissions,PF0044,TotEmiss,TAC,0.6333314706028998,0.1675690160773908,Methanol,False,0.2868114708181818
TAC-emissions,PF0045,TotEmiss,TAC,0.6333259023747312,0.1726304556133932,Methanol,False,0.2868114708181818
TAC-emissions,PF0046,TotEmiss,TAC,0.6333314777033064,0.2516790388578732,Methanol,False,0.2868114708181818
TAC-emissions,PF0047,TotEmiss,TAC,0.6333314765753661,0.2967820836992728,Methanol,False,0.2868114708181818
TAC-emissions,PF0048,TotEmiss,TAC,0.5999982354767832,0.13907781960912094,Acetic Acid,False,0.2868114708181818
TAC-emissions,PF0049,TotEmiss,TAC,0.5999982305609147,0.1501832401301888,Acetic Acid,False,0.2868114708181818
TAC-emissions,PF0050,TotEmiss,TAC,0.5999982260392877,0.1586469235655742,Acetic Acid,False,0.2868114708181818
TAC-emissions,PF0051,TotEmiss,TAC,0.5999982151232667,0.16512245137582052,Methanol,False,0.2868114708181818
TAC-emissions,PF0052,TotEmiss,TAC,0.5883476322778232,0.1696720724817515,Methanol,False,0.2868114708181818
TAC-emissions,PF0053,TotEmiss,TAC,0.5999982414036671,0.25022138782878206,Methanol,False,0.2868114708181818
TAC-emissions,PF0054,TotEmiss,TAC,0.599998240233935,0.29454084918534157,Methanol,False,0.2868114708181818
TAC-emissions,PF0055,TotEmiss,TAC,0.5999982390118658,0.323837601210593,Methanol,False,0.2868114708181818
TAC-emissions,PF0056,TotEmiss,TAC,0.5666650021532227,0.12107012806485208,Acetic Acid,False,0.2868114708181818
TAC-emissions,PF0057,TotEmiss,TAC,0.5666649989306057,0.13716720080903758,Acetic Acid,False,0.2868114708181818
TAC-emissions,PF0058,TotEmiss,TAC,0.5666649952668877,0.14807120461324702,Acetic Acid,False,0.2868114708181818
TAC-emissions,PF0059,TotEmiss,TAC,0.5666649998076757,0.15627458936922514,Methanol,False,0.2868114708181818
TAC-emissions,PF0060,TotEmiss,TAC,0.5234461978216608,0.16222610543172417,Methanol,False,0.2868114708181818
TAC-emissions,PF0061,TotEmiss,TAC,0.5558970770838157,0.16619755506498726,Methanol,False,0.2868114708181818
TAC-emissions,PF0062,TotEmiss,TAC,0.5666650050959765,0.24820682689615928,Methanol,False,0.2868114708181818
TAC-emissions,PF0063,TotEmiss,TAC,0.5666650038459269,0.29147896447273225,Methanol,False,0.2868114708181818
TAC-emissions,PF0064,TotEmiss,TAC,0.5666650023369814,0.3200738707426009,Methanol,False,0.2868114708181818
TAC-emissions,PF0065,TotEmiss,TAC,0.5470329172718592,0.33645806189991434,Methanol,False,0.2868114708181818
TAC-emissions,PF0066,TotEmiss,TAC,0.1797795340279717,0.040921771764892576,Urea,False,0.2868114708181818
TAC-emissions,PF0067,TotEmiss,TAC,0.5333317657595749,0.11939777783725228,Acetic Acid,False,0.2868114708181818
TAC-emissions,PF0068,TotEmiss,TAC,0.4909953241846715,0.1575755054297915,Methanol,False,0.2868114708181818
TAC-emissions,PF0069,TotEmiss,TAC,0.5333317687733699,0.24552286466021686,Methanol,False,0.2868114708181818
TAC-emissions,PF0070,TotEmiss,TAC,0.5333317673544609,0.2874313408886631,Methanol,False,0.2868114708181818
TAC-emissions,PF0071,TotEmiss,TAC,0.5305690697589586,0.32530227548119756,Methanol,False,0.2868114708181818
TAC-emissions,PF0072,TotEmiss,TAC,0.49999852691787827,0.08546119923955199,Acetic Acid,False,0.2868114708181818
TAC-emissions,PF0073,TotEmiss,TAC,0.499998529349594,0.1176013734082445,Acetic Acid,False,0.2868114708181818
TAC-emissions,PF0074,TotEmiss,TAC,0.45854444242454373,0.1518471608001155,Methanol,False,0.2868114708181818
TAC-emissions,PF0075,TotEmiss,TAC,0.4999985324168876,0.24189435856939237,Methanol,False,0.2868114708181818
TAC-emissions,PF0076,TotEmiss,TAC,0.49999853046893716,0.28172357354098404,Methanol,False,0.2868114708181818
TAC-emissions,PF0077,TotEmiss,TAC,0.49764123863136284,0.2989859688790264,Methanol,False,0.2868114708181818
TAC-emissions,PF0078,TotEmiss,TAC,0.4999985324751302,0.33789429875748267,Methanol,False,0.2868114708181818
TAC-emissions,PF0079,TotEmiss,TAC,0.4666652965174172,0.08500419683448912,Acetic Acid,False,0.2868114708181818
TAC-emissions,PF0080,TotEmiss,TAC,0.46666529291752745,0.11566963044460508,Acetic Acid,False,0.2868114708181818
TAC-emissions,PF0081,TotEmiss,TAC,0.46666529594314027,0.23659371277980584,Methanol,False,0.2868114708181818
TAC-emissions,PF0082,TotEmiss,TAC,0.46471336042987793,0.26659629916163874,Methanol,False,0.2868114708181818
TAC-emissions,PF0083,TotEmiss,TAC,0.46666529648103866,0.31531161705851546,Methanol,False,0.2868114708181818
TAC-emissions,PF0084,TotEmiss,TAC,0.43333206012547676,0.0842595505215755,Acetic Acid,False,0.2868114708181818
TAC-emissions,PF0085,TotEmiss,TAC,0.43333205645355216,0.11358685022779885,Acetic Acid,False,0.2868114708181818
TAC-emissions,PF0086,TotEmiss,TAC,0.4317855354165697,0.22256855157152786,Methanol,False,0.2868114708181818
TAC-emissions,PF0087,TotEmiss,TAC,0.4333320604879972,0.2891369605999035,Methanol,False,0.2868114708181818
TAC-emissions,PF0088,TotEmiss,TAC,0.37509473928097187,0.05946810422089166,Acetic Acid,False,0.2868114708181818
TAC-emissions,PF0089,TotEmiss,TAC,0.3999988237370307,0.08325552177361542,Acetic Acid,False,0.2868114708181818
TAC-emissions,PF0090,TotEmiss,TAC,0.35438592655909756,0.12179483727346947,Methanol,False,0.2868114708181818
TAC-emissions,PF0091,TotEmiss,TAC,0.39726119874469507,0.12868746466733405,Methanol,False,0.2868114708181818
TAC-emissions,PF0092,TotEmiss,TAC,0.39999882450700414,0.25766284399015416,Methanol,False,0.2868114708181818
TAC-emissions,PF0093,TotEmiss,TAC,0.39999882382972324,0.3081992887420258,Methanol,False,0.2868114708181818
TAC-emissions,PF0094,TotEmiss,TAC,0.36666558694301676,0.08200381565084072,Acetic Acid,False,0.2868114708181818
TAC-emissions,PF0095,TotEmiss,TAC,0.31149206169309335,0.1143741118230181,Methanol,False,0.2868114708181818
TAC-emissions,PF0096,TotEmiss,TAC,0.3329291682038896,0.11815206243904296,Methanol,False,0.2868114708181818
TAC-emissions,PF0097,TotEmiss,TAC,0.3543662706119441,0.12179015882891993,Methanol,False,0.2868114708181818
TAC-emissions,PF0098,TotEmiss,TAC,0.3666655889125889,0.21604929706553255,Methanol,False,0.2868114708181818
TAC-emissions,PF0099,TotEmiss,TAC,0.36666558786626674,0.28269854153987517,Methanol,False,0.2868114708181818
TAC-emissions,PF0100,TotEmiss,TAC,0.3333323509583406,0.08050316579768031,Acetic Acid,False,0.2868114708181818
TAC-emissions,PF0101,TotEmiss,TAC,0.33333235190585675,0.252576898817407,Methanol,False,0.2868114708181818
TAC-emissions,PF0102,TotEmiss,TAC,0.33333235112787163,0.29851516759790725,Methanol,False,0.2868114708181818
TAC-emissions,PF0103,TotEmiss,TAC,0.29999911456035366,0.07873961430238485,Urea,False,0.2868114708181818
TAC-emissions,PF0104,TotEmiss,TAC,0.29999911596743517,0.21416271253904065,Methanol,False,0.2868114708181818
TAC-emissions,PF0105,TotEmiss,TAC,0.2999991152100327,0.27357061672640465,Methanol,False,0.2868114708181818
TAC-emissions,PF0106,TotEmiss,TAC,0.2666658781447662,0.07667922018929804,Urea,False,0.2868114708181818
TAC-emissions,PF0107,TotEmiss,TAC,0.26666588013395115,0.1498153775468153,Methanol,False,0.2868114708181818
TAC-emissions,PF0108,TotEmiss,TAC,0.26666587925165525,0.2445791489719594,Urea,False,0.2868114708181818
TAC-emissions,PF0109,TotEmiss,TAC,0.26666587806436537,0.2851715750970988,Algae,False,0.2868114708181818
TAC-emissions,PF0110,TotEmiss,TAC,0.233332641774888,0.07435221327470942,Urea,False,0.2868114708181818
TAC-emissions,PF0111,TotEmiss,TAC,0.23333263807993507,0.24092999655324815,Urea,False,0.2868114708181818
TAC-emissions,PF0112,TotEmiss,TAC,0.23333264231593076,0.260822131056676,Urea,False,0.2868114708181818
TAC-emissions,PF0113,TotEmiss,TAC,0.049855060498512904,0.021472253855520037,Urea,False,0.2868114708181818
TAC-emissions,PF0114,TotEmiss,TAC,0.19999940532240967,0.07176925070025729,Urea,False,0.2868114708181818
TAC-emissions,PF0115,TotEmiss,TAC,0.19999940004124514,0.23539402886010585,Urea,False,0.2868114708181818
TAC-emissions,PF0116,TotEmiss,TAC,0.1979916569323208,0.26329932304571807,Urea,False,0.2868114708181818
TAC-emissions,PF0117,TotEmiss,TAC,0.14727430015258183,0.03702985622871892,Urea,False,0.2868114708181818
TAC-emissions,PF0118,TotEmiss,TAC,0.16666616564945738,0.2103310225798201,Urea,False,0.2868114708181818
TAC-emissions,PF0119,TotEmiss,TAC,0.15708316114949933,0.22083644818902212,Urea,False,0.2868114708181818
TAC-emissions,PF0120,TotEmiss,TAC,0.13333293101966145,0.18122752011312446,Urea,False,0.2868114708181818
TAC-emissions,PF0121,TotEmiss,TAC,0.12413857765676775,0.19662233569186663,Urea,False,0.2868114708181818
TAC-emissions,PF0122,TotEmiss,TAC,0.09119399265536195,0.16879140279030075,Urea,False,0.2868114708181818
TAC-emissions,PF0123,TotEmiss,TAC,0.0666664582659766,0.1372147179894742,Urea,False,0.2868114708181818
TAC-emissions,PF0124,TotEmiss,TAC,0.15657531357987248,0.2254978555795328,Urea,False,0.2868114708181818
TAC-emissions,PF0125,TotEmiss,TAC,0.26219810140830035,0.28951360084407873,Algae,False,0.2868114708181818
TAC-emissions,PF0126,TotEmiss,TAC,0.47644534292714197,0.3377212456729573,Methanol,False,0.2868114708181818
TAC-emissions,PF0127,TotEmiss,TAC,0.9999928838775077,1.0000000886489266,Greenhouse,False,0.2868114708181818
TAC-emissions,PF0128,TotEmiss,TAC,0.06786363526167964,0.22694068132010425,Urea,False,0.2868114708181818
TAC-emissions,PF0129,TotEmiss,TAC,0.369290578764683,0.3173627164264115,Methanol,False,0.2868114708181818
TAC-emissions,PF0130,TotEmiss,TAC,0.47936399576836203,0.33336011130986243,Methanol,False,0.2868114708181818
TAC-emissions,PF0131,TotEmiss,TAC,0.07364943779999734,0.16668005595760754,Urea,False,0.2868114708181818
TAC-emissions,PF0132,TotEmiss,TAC,0.19814904612251819,0.1666800536224087,Urea,False,0.2868114708181818
TAC-emissions,PF0133,TotEmiss,TAC,0.3086375601281677,0.16668004517708723,Methanol,False,0.2868114708181818
TAC-emissions,PF0134,TotEmiss,TAC,0.4243056172841811,0.16668005204442393,Methanol,False,0.2868114708181818
TAC-emissions,PF0135,TotEmiss,TAC,0.639984634304656,0.16668006717783548,Methanol,False,0.2868114708181818
TAC-emissions,PF0136,TotEmiss,TAC,0.4999985335250481,0.3414006352833742,Methanol,False,0.2868114708181818
TAC-emissions,PF0137,TotEmiss,TAC,0.333332352287047,0.3091707995550171,Algae,False,0.2868114708181818
TAC-emissions,PF0138,TotEmiss,TAC,0.16666617001093123,0.23656449056176007,Urea,False,0.2868114708181818
TAC-emissions,PF0139,TotEmiss,TAC,-9.717742008220347e-09,1.7370031443373778e-05,Urea,False,0.2868114708181818
TAC-emissions,PF0140,TotEmiss,TAC,0.16666617104068623,0.23656440361953007,Urea,False,0.2868114708181818
TAC-emissions,PF0141,TotEmiss,TAC,0.4999985334719845,0.3333601139826676,Methanol,False,0.2868114708181818
TAC-emissions,PF0142,TotEmiss,TAC,0.7546642354586065,0.16668006698946478,Acetic Acid,False,0.2868114708181818
TAC-emissions,PF0143,TotEmiss,TAC,0.6666647139149547,0.16668006710783398,Acetic Acid,False,0.2868114708181818
TAC-emissions,PF0144,TotEmiss,TAC,0.49999853321284404,0.16668004827519614,Methanol,False,0.2868114708181818
TAC-emissions,PF0145,TotEmiss,TAC,0.3333323522706078,0.16668006147722925,Methanol,False,0.2868114708181818
TAC-emissions,PF0146,TotEmiss,TAC,0.166666169972244,0.16668005932844776,Urea,False,0.2868114708181818
TAC-emissions,PF0147,TotEmiss,TAC,3.113185403673227e-05,6.14681942021522e-10,Urea,False,0.2868114708181818
TAC-emissions,PF0148,TotEmiss,TAC,0.0011434382857782427,0.003168912677447341,Urea,False,0.2868114708181818
TAC-emissions,PF0149,TotEmiss,TAC,0.017351094767866143,0.012606632735320413,Urea,False,0.2868114708181818
TAC-emissions,PF0150,TotEmiss,TAC,0.0335607529267325,0.01758161884366028,Urea,False,0.2868114708181818
TAC-emissions,PF0151,TotEmiss,TAC,0.032893984352702806,0.03725855296271498,Urea,False,0.2868114708181818
TAC-emissions,PF0152,TotEmiss,TAC,0.043603081767250494,0.042905584639516006,Urea,False,0.2868114708181818
TAC-emissions,PF0153,TotEmiss,TAC,0.054312330355508615,0.04788831388444133,Urea,False,0.2868114708181818
TAC-emissions,PF0154,TotEmiss,TAC,0.06502157876231697,0.05239557162656799,Urea,False,0.2868114708181818
TAC-emissions,PF0155,TotEmiss,TAC,0.07583884063280409,0.05660520580076521,Urea,False,0.2868114708181818
TAC-emissions,PF0156,TotEmiss,TAC,0.08644106385439258,0.060397905653058095,Urea,False,0.2868114708181818
TAC-emissions,PF0157,TotEmiss,TAC,0.09714936673094955,0.06401694822190036,Urea,False,0.2868114708181818
TAC-emissions,PF0158,TotEmiss,TAC,0.1080124272973599,0.06753043131915987,Urea,False,0.2868114708181818
TAC-emissions,PF0159,TotEmiss,TAC,0.11873695609013157,0.07079113462203265,Urea,False,0.2868114708181818
TAC-emissions,PF0160,TotEmiss,TAC,0.12946148485052103,0.0739041124623232,Urea,False,0.2868114708181818
TAC-emissions,PF0161,TotEmiss,TAC,0.14018601358421234,0.07688704663487045,Urea,False,0.2868114708181818
TAC-emissions,PF0162,TotEmiss,TAC,0.1507102761284385,0.07973305345020652,Urea,False,0.2868114708181818
TAC-emissions,PF0163,TotEmiss,TAC,0.1614287898166979,0.08253815556308419,Urea,False,0.2868114708181818
TAC-emissions,PF0164,TotEmiss,TAC,0.17214727445176936,0.08524346175715501,Urea,False,0.2868114708181818
TAC-emissions,PF0165,TotEmiss,TAC,0.18286575904889804,0.087859641397733,Urea,False,0.2868114708181818
TAC-emissions,PF0166,TotEmiss,TAC,0.19358424361955634,0.09039500685044603,Urea,False,0.2868114708181818
TAC-emissions,PF0167,TotEmiss,TAC,0.20430272817001074,0.09285640853269694,Urea,False,0.2868114708181818
TAC-emissions,PF0168,TotEmiss,TAC,0.21502121270423757,0.09524964467032279,Urea,False,0.2868114708181818
TAC-emissions,PF0169,TotEmiss,TAC,0.22573969722498466,0.09757970274635672,Urea,False,0.2868114708181818
TAC-emissions,PF0170,TotEmiss,TAC,0.23645818173428007,0.09985092105352471,Methanol,False,0.2868114708181818
TAC-emissions,PF0171,TotEmiss,TAC,0.2471766662336881,0.10206710498983451,Methanol,False,0.2868114708181818
TAC-emissions,PF0172,TotEmiss,TAC,0.25789515072445224,0.10423161464581611,Methanol,False,0.2868114708181818
TAC-emissions,PF0173,TotEmiss,TAC,0.26861363520758924,0.10634743276818853,Methanol,False,0.2868114708181818
TAC-emissions,PF0174,TotEmiss,TAC,0.2793321196839462,0.10841721860389082,Methanol,False,0.2868114708181818
TAC-emissions,PF0175,TotEmiss,TAC,0.2900506041542425,0.11044335120135529,Methanol,False,0.2868114708181818
TAC-emissions,PF0176,TotEmiss,TAC,0.3007690886190941,0.11242796461313258,Methanol,False,0.2868114708181818
TAC-emissions,PF0177,TotEmiss,TAC,0.31148757307903635,0.11437297673094185,Methanol,False,0.2868114708181818
TAC-emissions,PF0178,TotEmiss,TAC,0.3222060575345435,0.11628011301029824,Methanol,False,0.2868114708181818
TAC-emissions,PF0179,TotEmiss,TAC,0.3329245419860321,0.1181509260124301,Methanol,False,0.2868114708181818
TAC-emissions,PF0180,TotEmiss,TAC,0.34364302643388106,0.11998681145279516,Methanol,False,0.2868114708181818
TAC-emissions,PF0181,TotEmiss,TAC,0.35436151087843093,0.12178902126595091,Methanol,False,0.2868114708181818
TAC-emissions,PF0182,TotEmiss,TAC,0.3650799953199993,0.12355867405524872,Methanol,False,0.2868114708181818
TAC-emissions,PF0183,TotEmiss,TAC,0.37579847975887576,0.12529676317847319,Methanol,False,0.2868114708181818
TAC-emissions,PF0184,TotEmiss,TAC,0.38651696419533665,0.12700416261639536,Methanol,False,0.2868114708181818
TAC-emissions,PF0185,TotEmiss,TAC,0.39723544862964183,0.12868163067089253,Methanol,False,0.2868114708181818
TAC-emissions,PF0186,TotEmiss,TAC,0.4098679640863072,0.1368952053341868,Methanol,False,0.2868114708181818
TAC-emissions,PF0187,TotEmiss,TAC,0.4260933802435279,0.14381098674406753,Methanol,False,0.2868114708181818
TAC-emissions,PF0188,TotEmiss,TAC,0.4423187512886536,0.1482841232579894,Methanol,False,0.2868114708181818
TAC-emissions,PF0189,TotEmiss,TAC,0.45851960348339843,0.15187600300464396,Methanol,False,0.2868114708181818
TAC-emissions,PF0190,TotEmiss,TAC,0.44001749430236015,0.2353912152738867,Methanol,False,0.2868114708181818
TAC-emissions,PF0191,TotEmiss,TAC,0.4482494491977433,0.24676974956993472,Methanol,False,0.2868114708181818
TAC-emissions,PF0192,TotEmiss,TAC,0.4564814039167191,0.2570920268819041,Methanol,False,0.2868114708181818
TAC-emissions,PF0193,TotEmiss,TAC,0.4647133585120835,0.2665963295576344,Methanol,False,0.2868114708181818
TAC-emissions,PF0194,TotEmiss,TAC,0.47294529285614556,0.27544097995070277,Methanol,False,0.2868114708181818
TAC-emissions,PF0195,TotEmiss,TAC,0.48117726744642125,0.2837371271725098,Methanol,False,0.2868114708181818
TAC-emissions,PF0196,TotEmiss,TAC,0.4894092218188639,0.29156542386982753,Methanol,False,0.2868114708181818
TAC-emissions,PF0197,TotEmiss,TAC,0.49764117614212283,0.2989859403096283,Methanol,False,0.2868114708181818
TAC-emissions,PF0198,TotEmiss,TAC,0.5058731304234209,0.3060434791481866,Methanol,False,0.2868114708181818
TAC-emissions,PF0199,TotEmiss,TAC,0.5141050846691362,0.3127705269041757,Methanol,False,0.2868114708181818
TAC-emissions,PF0200,TotEmiss,TAC,0.5223370388867777,0.31918793146572416,Methanol,False,0.2868114708181818
TAC-emissions,PF0201,TotEmiss,TAC,0.6533164554572609,0.17545765908775202,Methanol,False,0.2868114708181818
TAC-emissions,PF0202,TotEmiss,TAC,0.6696934431109538,0.1766904960638841,Methanol,False,0.2868114708181818
TAC-emissions,PF0203,TotEmiss,TAC,0.6860733118302419,0.17778984922146318,Methanol,False,0.2868114708181818
TAC-emissions,PF0204,TotEmiss,TAC,0.7024242197826639,0.17886005083206233,Methanol,False,0.2868114708181818
TAC-emissions,PF0205,TotEmiss,TAC,0.7187751728567936,0.17951857444193012,Methanol,False,0.2868114708181818
TAC-emissions,PF0206,TotEmiss,TAC,0.8208074730885577,0.5365504136830104,Acetic Acid,False,0.2868114708181818
TAC-emissions,PF0207,TotEmiss,TAC,0.9999999900646386,0.999424059872279,Greenhouse,False,0.2868114708181818
TAC-emissions,PF0208,TotEmiss,TAC,0.7950569805363987,0.1716842940992166,Acetic Acid,False,0.2868114708181818
TAC-emissions,PF0209,TotEmiss,TAC,0.7950569412706348,0.1716842777060662,Acetic Acid,False,0.2868114708181818
TAC-emissions,PF0210,TotEmiss,TAC,0.7833310303467228,0.17338236581060723,Acetic Acid,False,0.2868114708181818
TAC-emissions,PF0211,TotEmiss,TAC,0.7666644090374658,0.17542624303999496,Acetic Acid,False,0.2868114708181818
TAC-emissions,PF0212,TotEmiss,TAC,0.749997790621099,0.17725209274622103,Methanol,False,0.2868114708181818
TAC-emissions,PF0213,TotEmiss,TAC,0.7333311690281503,0.17859149457575804,Methanol,False,0.2868114708181818
TAC-emissions,PF0214,TotEmiss,TAC,0.7166645671942641,0.17947617467009,Methanol,False,0.2868114708181818
TAC-emissions,PF0215,TotEmiss,TAC,0.6999979489822945,0.17872171162491168,Methanol,False,0.2868114708181818
TAC-emissions,PF0216,TotEmiss,TAC,0.6833313308387914,0.17761756528960823,Methanol,False,0.2868114708181818
TAC-emissions,PF0217,TotEmiss,TAC,0.6666647126885228,0.17647066921949478,Methanol,False,0.2868114708181818
TAC-emissions,PF0218,TotEmiss,TAC,0.6499980945434011,0.17519020171292388,Methanol,False,0.2868114708181818
TAC-emissions,PF0219,TotEmiss,TAC,0.6333314764362656,0.1738251535085208,Methanol,False,0.2868114708181818
TAC-emissions,PF0220,TotEmiss,TAC,0.6166648582947452,0.17250937564453972,Methanol,False,0.2868114708181818
TAC-emissions,PF0221,TotEmiss,TAC,0.5999981682138039,0.33644680258442455,Methanol,False,0.2868114708181818
TAC-emissions,PF0222,TotEmiss,TAC,0.5833315311944384,0.34250847268394174,Methanol,False,0.2868114708181818
TAC-emissions,PF0223,TotEmiss,TAC,0.566664996465556,0.34596909071185017,Methanol,False,0.2868114708181818
TAC-emissions,PF0224,TotEmiss,TAC,0.549998386776172,0.33819490635967353,Methanol,False,0.2868114708181818
TAC-emissions,PF0225,TotEmiss,TAC,0.5333317684441384,0.3272842758424835,Methanol,False,0.2868114708181818
TAC-emissions,PF0226,TotEmiss,TAC,0.5166651502032136,0.3147988239238011,Methanol,False,0.2868114708181818
TAC-emissions,PF0227,TotEmiss,TAC,0.499998531939743,0.30104243537468955,Methanol,False,0.2868114708181818
TAC-emissions,PF0228,TotEmiss,TAC,0.48333191361717703,0.28582856856867317,Methanol,False,0.2868114708181818
TAC-emissions,PF0229,TotEmiss,TAC,0.46666529687942815,0.26874844072290066,Methanol,False,0.2868114708181818
TAC-emissions,PF0230,TotEmiss,TAC,0.44999867662460236,0.15008070335512141,Methanol,False,0.2868114708181818
TAC-emissions,PF0231,TotEmiss,TAC,0.43333190018304,0.14596498765020588,Methanol,False,0.2868114708181818
TAC-emissions,PF0232,TotEmiss,TAC,0.41666543832822805,0.14036025059430618,Methanol,False,0.2868114708181818
TAC-emissions,PF0233,TotEmiss,TAC,0.3999988235699661,0.12910933305838335,Methanol,False,0.2868114708181818
TAC-emissions,PF0234,TotEmiss,TAC,0.38333220544042584,0.12650000409027576,Methanol,False,0.2868114708181818
TAC-emissions,PF0235,TotEmiss,TAC,0.3666655873106359,0.12381775718932035,Methanol,False,0.2868114708181818
TAC-emissions,PF0236,TotEmiss,TAC,0.3499989691805397,0.12105949092214392,Methanol,False,0.2868114708181818
TAC-emissions,PF0237,TotEmiss,TAC,0.33333235105007436,0.1182214069783622,Methanol,False,0.2868114708181818
TAC-emissions,PF0238,TotEmiss,TAC,0.31666573407966225,0.1152989512425468,Methanol,False,0.2868114708181818
TAC-emissions,PF0239,TotEmiss,TAC,0.2999991147877444,0.11228673947481468,Methanol,False,0.2868114708181818
TAC-emissions,PF0240,TotEmiss,TAC,0.28333249665570204,0.1091784027815116,Methanol,False,0.2868114708181818
TAC-emissions,PF0241,TotEmiss,TAC,0.26666587969881145,0.1059664409308171,Methanol,False,0.2868114708181818
TAC-emissions,PF0242,TotEmiss,TAC,0.24999926038926995,0.10264198864988978,Methanol,False,0.2868114708181818
TAC-emissions,PF0243,TotEmiss,TAC,0.23333264225455175,0.09919447181198729,Methanol,False,0.2868114708181818
TAC-emissions,PF0244,TotEmiss,TAC,0.2166660241185324,0.09561119354014021,Urea,False,0.2868114708181818
TAC-emissions,PF0245,TotEmiss,TAC,0.19999940598089153,0.09187668511370213,Urea,False,0.2868114708181818
TAC-emissions,PF0246,TotEmiss,TAC,0.18333278784117918,0.08797174293231823,Urea,False,0.2868114708181818
TAC-emissions,PF0247,TotEmiss,TAC,0.1666661709255997,0.08387178230616404,Urea,False,0.2868114708181818
TAC-emissions,PF0248,TotEmiss,TAC,0.1499995515521698,0.07954319566067787,Urea,False,0.2868114708181818
TAC-emissions,PF0249,TotEmiss,TAC,0.13333293341688437,0.07491929538316615,Urea,False,0.2868114708181818
TAC-emissions,PF0250,TotEmiss,TAC,0.11666631525799288,0.07012107318118511,Urea,False,0.2868114708181818
TAC-emissions,PF0251,TotEmiss,TAC,0.09999969709386401,0.06494548819730032,Urea,False,0.2868114708181818
TAC-emissions,PF0252,TotEmiss,TAC,0.08333307891632888,0.05930454785651479,Urea,False,0.2868114708181818
TAC-emissions,PF0253,TotEmiss,TAC,0.06666646071555772,0.053053569988317374,Urea,False,0.2868114708181818
TAC-emissions,PF0254,TotEmiss,TAC,0.04999984246875848,0.04594732532506775,Urea,False,0.2868114708181818
TAC-emissions,PF0255,TotEmiss,TAC,0.03333322410493801,0.03750688752149481,Urea,False,0.2868114708181818
TAC-emissions,PF0256,TotEmiss,TAC,0.016666604673602006,0.012353089094411443,Urea,False,0.2868114708181818
TAC-emissions,PF0257,TotEmiss,TAC,-9.716970318531965e-09,5.863746697789849e-06,Urea,True,0.2868114708181818
TAC-emissions,PF0258,TotEmiss,TAC,0.5472565019943761,0.3462353015195663,Methanol,False,0.2868114708181818
TAC-emissions,PF0259,TotEmiss,TAC,0.5421788750466321,0.33336011340191624,Methanol,False,0.2868114708181818
TAC-emissions,PF0260,TotEmiss,TAC,0.5190891153336588,0.3166921083436815,Methanol,False,0.2868114708181818
TAC-emissions,PF0261,TotEmiss,TAC,0.4988270385023243,0.30002410333330953,Methanol,False,0.2868114708181818
TAC-emissions,PF0262,TotEmiss,TAC,0.4807882121452539,0.283356099824023,Methanol,False,0.2868114708181818
TAC-emissions,PF0263,TotEmiss,TAC,0.4647959166608179,0.26668809320111087,Methanol,False,0.2868114708181818
TAC-emissions,PF0264,TotEmiss,TAC,0.4507626728901218,0.2500200900151604,Methanol,False,0.2868114708181818
TAC-emissions,PF0265,TotEmiss,TAC,0.43863471540273535,0.23335208505050853,Methanol,False,0.2868114708181818
TAC-emissions,PF0266,TotEmiss,TAC,0.4283747487406703,0.21668407722653327,Methanol,False,0.2868114708181818
TAC-emissions,PF0267,TotEmiss,TAC,0.41995467158165894,0.20001607138574146,Methanol,False,0.2868114708181818
TAC-emissions,PF0268,TotEmiss,TAC,0.4133519144833295,0.1833480648820997,Methanol,False,0.2868114708181818
TAC-emissions,PF0269,TotEmiss,TAC,0.40854750982283394,0.166680056813032,Methanol,False,0.2868114708181818
TAC-emissions,PF0270,TotEmiss,TAC,0.4055248710064822,0.1500120433708975,Methanol,False,0.2868114708181818
TAC-emissions,PF0271,TotEmiss,TAC,0.4042690512728676,0.1333440167499225,Methanol,False,0.2868114708181818
TAC-emissions,PF0272,TotEmiss,TAC,0.3244575971274956,0.11667605267145052,Methanol,False,0.2868114708181818
TAC-emissions,PF0273,TotEmiss,TAC,0.23720969336172748,0.10000804784308844,Methanol,False,0.2868114708181818
TAC-emissions,PF0274,TotEmiss,TAC,0.16456710064977845,0.0833400422635165,Urea,False,0.2868114708181818
TAC-emissions,PF0275,TotEmiss,TAC,0.10541223763161987,0.06667203721974449,Urea,False,0.2868114708181818
TAC-emissions,PF0276,TotEmiss,TAC,0.05921812171111329,0.05000403196200096,Urea,False,0.2868114708181818
TAC-emissions,PF0277,TotEmiss,TAC,0.026345593750597376,0.03333602623061004,Urea,False,0.2868114708181818
TAC-emissions,PF0278,TotEmiss,TAC,0.0066282247758504215,0.016668018600076277,Urea,False,0.2868114708181818
TAC-emissions,PF0279,TotEmiss,TAC,3.1113588420546485e-05,4.891974475586479e-10,Urea,True,0.2868114708181818
TAC-ISI,PF0001,ISI,TAC,0.9134808471712728,0.027645000424175076,Urea,True,0.309827644090909
TAC-ISI,PF0002,ISI,TAC,0.8796482221212071,0.03267725730282546,Urea,True,0.309827644090909
TAC-ISI,PF0003,ISI,TAC,0.8458152555609,0.037030997156007994,Urea,True,0.309827644090909
TAC-ISI,PF0004,ISI,TAC,0.8119825943845173,0.04091705749954963,Urea,True,0.309827644090909
TAC-ISI,PF0005,ISI,TAC,0.5751516156238581,0.06194187706796318,Acetic Acid,True,0.309827644090909
TAC-ISI,PF0006,ISI,TAC,0.40599152169119823,0.10760253765213829,Acetic Acid,True,0.309827644090909
TAC-ISI,PF0007,ISI,TAC,0.3721589033709863,0.11781154445192225,Acetic Acid,True,0.309827644090909
TAC-ISI,PF0008,ISI,TAC,0.2706610260440552,0.13975222040511742,Acetic Acid,True,0.309827644090909
TAC-ISI,PF0009,ISI,TAC,0.2368284026493008,0.1455917093513093,Acetic Acid,True,0.309827644090909
TAC-ISI,PF0010,ISI,TAC,0.16916316681957008,0.15591619341928062,Acetic Acid,True,0.309827644090909
TAC-ISI,PF0011,ISI,TAC,0.1353305440165137,0.16048025638675972,Acetic Acid,True,0.309827644090909
TAC-ISI,PF0012,ISI,TAC,6.197072986419588e-08,0.9996727002722847,Greenhouse,False,0.309827644090909
TAC-ISI,PF0013,ISI,TAC,0.8458138308424288,0.03703570110705622,Urea,True,0.309827644090909
TAC-ISI,PF0014,ISI,TAC,0.8119810167339615,0.04092177310526143,Urea,True,0.309827644090909
TAC-ISI,PF0015,ISI,TAC,0.43982414670448705,0.09325678126332328,Acetic Acid,True,0.309827644090909
TAC-ISI,PF0016,ISI,TAC,0.8119810167260006,0.04092177007316531,Urea,True,0.309827644090909
TAC-ISI,PF0017,ISI,TAC,0.10149792146619115,0.16475814627301905,Acetic Acid,True,0.309827644090909
TAC-ISI,PF0018,ISI,TAC,0.033832647066302346,0.17163898984219325,Acetic Acid,True,0.309827644090909
TAC-ISI,PF0019,ISI,TAC,0.8458138308399223,0.037035699880103905,Urea,True,0.309827644090909
TAC-ISI,PF0020,ISI,TAC,0.2029957895654293,0.15096697567098868,Acetic Acid,True,0.309827644090909
TAC-ISI,PF0021,ISI,TAC,0.3383262805106102,0.12615189255653314,Acetic Acid,True,0.309827644090909
TAC-ISI,PF0022,ISI,TAC,0.06766329905255915,0.16872271206579048,Acetic Acid,True,0.309827644090909
TAC-ISI,PF0023,ISI,TAC,0.033829473862961736,0.17164686446229058,Acetic Acid,True,0.309827644090909
TAC-ISI,PF0024,ISI,TAC,0.06766525402895625,0.16858585444797095,Acetic Acid,True,0.309827644090909
TAC-ISI,PF0025,ISI,TAC,0.033832666966628656,0.17476236114485363,Acetic Acid,False,0.309827644090909
TAC-ISI,PF0026,ISI,TAC,0.1014979178292694,0.16679479262160885,Acetic Acid,False,0.309827644090909
TAC-ISI,PF0027,ISI,TAC,0.06766530161600579,0.17351920850174374,Acetic Acid,False,0.309827644090909
TAC-ISI,PF0028,ISI,TAC,0.03383265713768625,0.17856942735996065,Methanol,False,0.309827644090909
TAC-ISI,PF0029,ISI,TAC,0.3044936577148951,0.13335116827205212,Acetic Acid,True,0.309827644090909
TAC-ISI,PF0030,ISI,TAC,0.16916316487566624,0.1561807996069139,Acetic Acid,False,0.309827644090909
TAC-ISI,PF0031,ISI,TAC,0.13533053968376904,0.16492479446806557,Acetic Acid,False,0.309827644090909
TAC-ISI,PF0032,ISI,TAC,0.10149791519941141,0.171829424974552,Methanol,False,0.309827644090909
TAC-ISI,PF0033,ISI,TAC,0.06766529955685614,0.17715050210862623,Methanol,False,0.309827644090909
TAC-ISI,PF0034,ISI,TAC,0.03383268294063358,0.25345968198154356,Methanol,False,0.309827644090909
TAC-ISI,PF0035,ISI,TAC,0.2029957869557842,0.15428669391449293,Acetic Acid,False,0.309827644090909
TAC-ISI,PF0036,ISI,TAC,0.16916316933017544,0.16287605273251152,Acetic Acid,False,0.309827644090909
TAC-ISI,PF0037,ISI,TAC,0.13533053719299049,0.16982201296451274,Methanol,False,0.309827644090909
TAC-ISI,PF0038,ISI,TAC,0.10149790872994438,0.17499820478306088,Methanol,False,0.309827644090909
TAC-ISI,PF0039,ISI,TAC,0.06766530521993544,0.2529341310542956,Methanol,False,0.309827644090909
TAC-ISI,PF0040,ISI,TAC,0.03383268430792117,0.6636680888082422,Methanol,False,0.309827644090909
TAC-ISI,PF0041,ISI,TAC,0.270661033728542,0.14085917372732593,Acetic Acid,False,0.309827644090909
TAC-ISI,PF0042,ISI,TAC,0.23682840894400908,0.15226996109393723,Acetic Acid,False,0.309827644090909
TAC-ISI,PF0043,ISI,TAC,0.20299578425238352,0.16082731632306066,Acetic Acid,False,0.309827644090909
TAC-ISI,PF0044,ISI,TAC,0.1691631680875032,0.1675690160773908,Methanol,False,0.309827644090909
TAC-ISI,PF0045,ISI,TAC,0.13532867382971964,0.1726304556133932,Methanol,False,0.309827644090909
TAC-ISI,PF0046,ISI,TAC,0.10149792743740885,0.2516790388578732,Methanol,False,0.309827644090909
TAC-ISI,PF0047,ISI,TAC,0.06766530415412172,0.2967820836992728,Methanol,False,0.309827644090909
TAC-ISI,PF0048,ISI,TAC,0.3044936558385104,0.13907781960912094,Acetic Acid,False,0.309827644090909
TAC-ISI,PF0049,ISI,TAC,0.27066103063620006,0.1501832401301888,Acetic Acid,False,0.309827644090909
TAC-ISI,PF0050,ISI,TAC,0.23682840608554998,0.1586469235655742,Acetic Acid,False,0.309827644090909
TAC-ISI,PF0051,ISI,TAC,0.20299578036391974,0.16512245137582052,Methanol,False,0.309827644090909
TAC-ISI,PF0052,ISI,TAC,0.16916316387388647,0.1696720724817515,Methanol,False,0.309827644090909
TAC-ISI,PF0053,ISI,TAC,0.13533054964161878,0.25022138782878206,Methanol,False,0.309827644090909
TAC-ISI,PF0054,ISI,TAC,0.10149792637381806,0.29454084918534157,Methanol,False,0.309827644090909
TAC-ISI,PF0055,ISI,TAC,0.0676653031544961,0.323837601210593,Methanol,False,0.309827644090909
TAC-ISI,PF0056,ISI,TAC,0.3721589025994437,0.12107012806485208,Acetic Acid,False,0.309827644090909
TAC-ISI,PF0057,ISI,TAC,0.33832627792684644,0.13716720080903758,Acetic Acid,False,0.309827644090909
TAC-ISI,PF0058,ISI,TAC,0.30449365337453255,0.14807120461324702,Acetic Acid,False,0.309827644090909
TAC-ISI,PF0059,ISI,TAC,0.27066103559631366,0.15627458936922514,Methanol,False,0.309827644090909
TAC-ISI,PF0060,ISI,TAC,0.23682839792706276,0.16222610543172417,Methanol,False,0.309827644090909
TAC-ISI,PF0061,ISI,TAC,0.2029957726414789,0.16619755506498726,Methanol,False,0.309827644090909
TAC-ISI,PF0062,ISI,TAC,0.16916317184135596,0.24820682689615928,Methanol,False,0.309827644090909
TAC-ISI,PF0063,ISI,TAC,0.1353305485589725,0.29147896447273225,Methanol,False,0.309827644090909
TAC-ISI,PF0064,ISI,TAC,0.10149792531340729,0.3200738707426009,Methanol,False,0.309827644090909
TAC-ISI,PF0065,ISI,TAC,0.06766530352538719,0.33645806189991434,Methanol,False,0.309827644090909
TAC-ISI,PF0066,ISI,TAC,0.8119810167362442,0.040921771764892576,Urea,True,0.309827644090909
TAC-ISI,PF0067,ISI,TAC,0.4059915247416661,0.11939777783725228,Acetic Acid,False,0.309827644090909
TAC-ISI,PF0068,ISI,TAC,0.2706610233778504,0.1575755054297915,Methanol,False,0.309827644090909
TAC-ISI,PF0069,ISI,TAC,0.20299579403440668,0.24552286466021686,Methanol,False,0.309827644090909
TAC-ISI,PF0070,ISI,TAC,0.16916317070296868,0.2874313408886631,Methanol,False,0.309827644090909
TAC-ISI,PF0071,ISI,TAC,0.10149792170085237,0.32530227548119756,Methanol,False,0.309827644090909
TAC-ISI,PF0072,ISI,TAC,0.4736567662173678,0.08546119923955199,Acetic Acid,True,0.309827644090909
TAC-ISI,PF0073,ISI,TAC,0.43982414687579846,0.1176013734082445,Acetic Acid,False,0.309827644090909
TAC-ISI,PF0074,ISI,TAC,0.3044936492798301,0.1518471608001155,Methanol,False,0.309827644090909
TAC-ISI,PF0075,ISI,TAC,0.23682841621348524,0.24189435856939237,Methanol,False,0.309827644090909
TAC-ISI,PF0076,ISI,TAC,0.20299579272825943,0.28172357354098404,Methanol,False,0.309827644090909
TAC-ISI,PF0077,ISI,TAC,0.1691631674391008,0.2989859688790264,Methanol,False,0.309827644090909
TAC-ISI,PF0078,ISI,TAC,0.13533054871893424,0.33789429875748267,Methanol,False,0.309827644090909
TAC-ISI,PF0079,ISI,TAC,0.5074893943765196,0.08500419683448912,Acetic Acid,True,0.309827644090909
TAC-ISI,PF0080,ISI,TAC,0.473656768999168,0.11566963044460508,Acetic Acid,False,0.309827644090909
TAC-ISI,PF0081,ISI,TAC,0.27066103834853583,0.23659371277980584,Methanol,False,0.309827644090909
TAC-ISI,PF0082,ISI,TAC,0.23682841610859431,0.26659629916163874,Methanol,False,0.309827644090909
TAC-ISI,PF0083,ISI,TAC,0.2029957935517868,0.31531161705851546,Methanol,False,0.309827644090909
TAC-ISI,PF0084,ISI,TAC,0.5413220164819942,0.0842595505215755,Acetic Acid,True,0.309827644090909
TAC-ISI,PF0085,ISI,TAC,0.5074893911071257,0.11358685022779885,Acetic Acid,False,0.309827644090909
TAC-ISI,PF0086,ISI,TAC,0.30449366115342436,0.22256855157152786,Methanol,False,0.309827644090909
TAC-ISI,PF0087,ISI,TAC,0.2706610383842902,0.2891369605999035,Methanol,False,0.309827644090909
TAC-ISI,PF0088,ISI,TAC,0.608984376827774,0.05946810422089166,Acetic Acid,True,0.309827644090909
TAC-ISI,PF0089,ISI,TAC,0.5751546385933056,0.08325552177361542,Acetic Acid,False,0.309827644090909
TAC-ISI,PF0090,ISI,TAC,0.439822096105767,0.12179483727346947,Methanol,False,0.309827644090909
TAC-ISI,PF0091,ISI,TAC,0.37215670044674415,0.12868746466733405,Methanol,False,0.309827644090909
TAC-ISI,PF0092,ISI,TAC,0.3383262832406848,0.25766284399015416,Methanol,False,0.309827644090909
TAC-ISI,PF0093,ISI,TAC,0.30449366010811246,0.3081992887420258,Methanol,False,0.309827644090909
TAC-ISI,PF0094,ISI,TAC,0.6089872603074336,0.08200381565084072,Acetic Acid,False,0.309827644090909
TAC-ISI,PF0095,ISI,TAC,0.5074890092105692,0.1143741118230181,Methanol,False,0.309827644090909
TAC-ISI,PF0096,ISI,TAC,0.47365637176448866,0.11815206243904296,Methanol,False,0.309827644090909
TAC-ISI,PF0097,ISI,TAC,0.4398237343235726,0.12179015882891993,Methanol,False,0.309827644090909
TAC-ISI,PF0098,ISI,TAC,0.4059915286940454,0.21604929706553255,Methanol,False,0.309827644090909
TAC-ISI,PF0099,ISI,TAC,0.3721589049614035,0.28269854153987517,Methanol,False,0.309827644090909
TAC-ISI,PF0100,ISI,TAC,0.6428198828234895,0.08050316579768031,Acetic Acid,False,0.309827644090909
TAC-ISI,PF0101,ISI,TAC,0.43982414983156143,0.252576898817407,Methanol,False,0.309827644090909
TAC-ISI,PF0102,ISI,TAC,0.40599152662503757,0.29851516759790725,Methanol,False,0.309827644090909
TAC-ISI,PF0103,ISI,TAC,0.6766525049369253,0.07873961430238485,Urea,False,0.309827644090909
TAC-ISI,PF0104,ISI,TAC,0.5074893947481115,0.21416271253904065,Methanol,False,0.309827644090909
TAC-ISI,PF0105,ISI,TAC,0.47365677151104224,0.27357061672640465,Methanol,False,0.309827644090909
TAC-ISI,PF0106,ISI,TAC,0.710485127041561,0.07667922018929804,Urea,False,0.309827644090909
TAC-ISI,PF0107,ISI,TAC,0.5751546398426428,0.1498153775468153,Methanol,False,0.309827644090909
TAC-ISI,PF0108,ISI,TAC,0.5413220163705227,0.2445791489719594,Urea,False,0.309827644090909
TAC-ISI,PF0109,ISI,TAC,0.5074893928562806,0.2851715750970988,Algae,False,0.309827644090909
TAC-ISI,PF0110,ISI,TAC,0.7443177491819577,0.07435221327470942,Urea,False,0.309827644090909
TAC-ISI,PF0111,ISI,TAC,0.6089872579074163,0.24092999655324815,Urea,False,0.309827644090909
TAC-ISI,PF0112,ISI,TAC,0.5751546378571328,0.260822131056676,Urea,False,0.309827644090909
TAC-ISI,PF0113,ISI,TAC,0.9473134804986966,0.021472253855520037,Urea,True,0.309827644090909
TAC-ISI,PF0114,ISI,TAC,0.7781503712706133,0.07176925070025729,Urea,False,0.309827644090909
TAC-ISI,PF0115,ISI,TAC,0.6428198797254696,0.23539402886010585,Urea,False,0.309827644090909
TAC-ISI,PF0116,ISI,TAC,0.6089872552714286,0.26329932304571807,Urea,False,0.309827644090909
TAC-ISI,PF0117,ISI,TAC,0.8458156106232568,0.03702985622871892,Urea,True,0.309827644090909
TAC-ISI,PF0118,ISI,TAC,0.7104851250097952,0.2103310225798201,Urea,False,0.309827644090909
TAC-ISI,PF0119,ISI,TAC,0.6766524994865749,0.22083644818902212,Urea,False,0.309827644090909
TAC-ISI,PF0120,ISI,TAC,0.7781503703281365,0.18122752011312446,Urea,False,0.309827644090909
TAC-ISI,PF0121,ISI,TAC,0.7443177448279522,0.19662233569186663,Urea,False,0.309827644090909
TAC-ISI,PF0122,ISI,TAC,0.8119829902778394,0.16879140279030075,Urea,False,0.309827644090909
TAC-ISI,PF0123,ISI,TAC,0.8796482375091552,0.1372147179894742,Urea,False,0.309827644090909
TAC-ISI,PF0124,ISI,TAC,0.6766525051934716,0.2254978555795328,Urea,False,0.309827644090909
TAC-ISI,PF0125,ISI,TAC,0.507489394284904,0.28951360084407873,Algae,False,0.309827644090909
TAC-ISI,PF0126,ISI,TAC,0.16916317187066665,0.3377212456729573,Methanol,False,0.309827644090909
TAC-ISI,PF0127,ISI,TAC,6.207340591886543e-08,1.0000000886489266,Greenhouse,False,0.309827644090909
TAC-ISI,PF0128,ISI,TAC,0.8458156164048002,0.22694068132010425,Urea,False,0.309827644090909
TAC-ISI,PF0129,ISI,TAC,0.33832628307897195,0.3173627164264115,Methanol,False,0.309827644090909
TAC-ISI,PF0130,ISI,TAC,0.1691631697186229,0.33336011130986243,Methanol,False,0.309827644090909
TAC-ISI,PF0131,ISI,TAC,0.845815616398858,0.16668005595760754,Urea,False,0.309827644090909
TAC-ISI,PF0132,ISI,TAC,0.6766525031548346,0.1666800536224087,Urea,False,0.309827644090909
TAC-ISI,PF0133,ISI,TAC,0.5074893918505528,0.16668004517708723,Methanol,False,0.309827644090909
TAC-ISI,PF0134,ISI,TAC,0.33832628204636433,0.16668005204442393,Methanol,False,0.309827644090909
TAC-ISI,PF0135,ISI,TAC,0.16916317273763185,0.16668006717783548,Methanol,False,0.309827644090909
TAC-ISI,PF0136,ISI,TAC,0.13199062620129215,0.3414006352833742,Methanol,False,0.309827644090909
TAC-ISI,PF0137,ISI,TAC,0.3951258193809945,0.3091707995550171,Algae,False,0.309827644090909
TAC-ISI,PF0138,ISI,TAC,0.6583915286907476,0.23656449056176007,Urea,False,0.309827644090909
TAC-ISI,PF0139,ISI,TAC,0.9999999005539941,1.7370031443373778e-05,Urea,False,0.309827644090909
TAC-ISI,PF0140,ISI,TAC,0.6583914609186466,0.23656440361953007,Urea,False,0.309827644090909
TAC-ISI,PF0141,ISI,TAC,0.13947785114944017,0.3333601139826676,Methanol,False,0.309827644090909
TAC-ISI,PF0142,ISI,TAC,0.0850401466126097,0.16668006698946478,Acetic Acid,True,0.309827644090909
TAC-ISI,PF0143,ISI,TAC,0.15197876837171387,0.16668006710783398,Acetic Acid,False,0.309827644090909
TAC-ISI,PF0144,ISI,TAC,0.26103949898988976,0.16668004827519614,Methanol,False,0.309827644090909
TAC-ISI,PF0145,ISI,TAC,0.46925975040282425,0.16668006147722925,Methanol,False,0.309827644090909
TAC-ISI,PF0146,ISI,TAC,0.7239044417248024,0.16668005932844776,Urea,False,0.309827644090909
TAC-ISI,PF0147,ISI,TAC,0.9992233665639217,6.14681942021522e-10,Urea,True,0.309827644090909
TAC-ISI,PF0148,ISI,TAC,0.9980624150136892,0.003168912677447341,Urea,True,0.309827644090909
TAC-ISI,PF0149,ISI,TAC,0.9811460738192509,0.012606632735320413,Urea,True,0.309827644090909
TAC-ISI,PF0150,ISI,TAC,0.964229617404369,0.01758161884366028,Urea,True,0.309827644090909
TAC-ISI,PF0151,ISI,TAC,0.9473134694794635,0.03725855296271498,Urea,False,0.309827644090909
TAC-ISI,PF0152,ISI,TAC,0.930397171086711,0.042905584639516006,Urea,False,0.309827644090909
TAC-ISI,PF0153,ISI,TAC,0.9134808598707992,0.04788831388444133,Urea,False,0.309827644090909
TAC-ISI,PF0154,ISI,TAC,0.8965645486748268,0.05239557162656799,Urea,False,0.309827644090909
TAC-ISI,PF0155,ISI,TAC,0.8796482374970765,0.05660520580076521,Urea,False,0.309827644090909
TAC-ISI,PF0156,ISI,TAC,0.8627318372723264,0.060397905653058095,Urea,False,0.309827644090909
TAC-ISI,PF0157,ISI,TAC,0.8458156115025387,0.06401694822190036,Urea,False,0.309827644090909
TAC-ISI,PF0158,ISI,TAC,0.8288993039998468,0.06753043131915987,Urea,False,0.309827644090909
TAC-ISI,PF0159,ISI,TAC,0.8119829928447783,0.07079113462203265,Urea,False,0.309827644090909
TAC-ISI,PF0160,ISI,TAC,0.7950666816933433,0.0739041124623232,Urea,False,0.309827644090909
TAC-ISI,PF0161,ISI,TAC,0.778150370544906,0.07688704663487045,Urea,False,0.309827644090909
TAC-ISI,PF0162,ISI,TAC,0.7612340614000995,0.07973305345020652,Urea,False,0.309827644090909
TAC-ISI,PF0163,ISI,TAC,0.7443177482627438,0.08253815556308419,Urea,False,0.309827644090909
TAC-ISI,PF0164,ISI,TAC,0.7274014371198312,0.08524346175715501,Urea,False,0.309827644090909
TAC-ISI,PF0165,ISI,TAC,0.7104851259788338,0.087859641397733,Urea,False,0.309827644090909
TAC-ISI,PF0166,ISI,TAC,0.6935688148394004,0.09039500685044603,Urea,False,0.309827644090909
TAC-ISI,PF0167,ISI,TAC,0.6766525037012913,0.09285640853269694,Urea,False,0.309827644090909
TAC-ISI,PF0168,ISI,TAC,0.6597361925643258,0.09524964467032279,Urea,False,0.309827644090909
TAC-ISI,PF0169,ISI,TAC,0.6428198814283611,0.09757970274635672,Urea,False,0.309827644090909
TAC-ISI,PF0170,ISI,TAC,0.6259035702932791,0.09985092105352471,Methanol,False,0.309827644090909
TAC-ISI,PF0171,ISI,TAC,0.6089872591589822,0.10206710498983451,Methanol,False,0.309827644090909
TAC-ISI,PF0172,ISI,TAC,0.5920709480253854,0.10423161464581611,Methanol,False,0.309827644090909
TAC-ISI,PF0173,ISI,TAC,0.5751546368924166,0.10634743276818853,Methanol,False,0.309827644090909
TAC-ISI,PF0174,ISI,TAC,0.5582383257600125,0.10841721860389082,Methanol,False,0.309827644090909
TAC-ISI,PF0175,ISI,TAC,0.5413220146281177,0.11044335120135529,Methanol,False,0.309827644090909
TAC-ISI,PF0176,ISI,TAC,0.5244057034966816,0.11242796461313258,Methanol,False,0.309827644090909
TAC-ISI,PF0177,ISI,TAC,0.5074893923656613,0.11437297673094185,Methanol,False,0.309827644090909
TAC-ISI,PF0178,ISI,TAC,0.4905730812350147,0.11628011301029824,Methanol,False,0.309827644090909
TAC-ISI,PF0179,ISI,TAC,0.47365677010470664,0.1181509260124301,Methanol,False,0.309827644090909
TAC-ISI,PF0180,ISI,TAC,0.45674045897470017,0.11998681145279516,Methanol,False,0.309827644090909
TAC-ISI,PF0181,ISI,TAC,0.43982414784496576,0.12178902126595091,Methanol,False,0.309827644090909
TAC-ISI,PF0182,ISI,TAC,0.4229078367154719,0.12355867405524872,Methanol,False,0.309827644090909
TAC-ISI,PF0183,ISI,TAC,0.405991525586189,0.12529676317847319,Methanol,False,0.309827644090909
TAC-ISI,PF0184,ISI,TAC,0.3890752144570887,0.12700416261639536,Methanol,False,0.309827644090909
TAC-ISI,PF0185,ISI,TAC,0.37215890332814205,0.12868163067089253,Methanol,False,0.309827644090909
TAC-ISI,PF0186,ISI,TAC,0.35524259403557923,0.1368952053341868,Methanol,False,0.309827644090909
TAC-ISI,PF0187,ISI,TAC,0.33832628253508173,0.14381098674406753,Methanol,False,0.309827644090909
TAC-ISI,PF0188,ISI,TAC,0.3214099726302684,0.1482841232579894,Methanol,False,0.309827644090909
TAC-ISI,PF0189,ISI,TAC,0.3044936600966807,0.15187600300464396,Methanol,False,0.309827644090909
TAC-ISI,PF0190,ISI,TAC,0.28757734905753873,0.2353912152738867,Methanol,False,0.309827644090909
TAC-ISI,PF0191,ISI,TAC,0.2706610378027842,0.24676974956993472,Methanol,False,0.309827644090909
TAC-ISI,PF0192,ISI,TAC,0.25374472656872227,0.2570920268819041,Methanol,False,0.309827644090909
TAC-ISI,PF0193,ISI,TAC,0.2368284153496507,0.2665963295576344,Methanol,False,0.309827644090909
TAC-ISI,PF0194,ISI,TAC,0.21991210575265824,0.27544097995070277,Methanol,False,0.309827644090909
TAC-ISI,PF0195,ISI,TAC,0.2029957929427582,0.2837371271725098,Methanol,False,0.309827644090909
TAC-ISI,PF0196,ISI,TAC,0.18607948175040312,0.29156542386982753,Methanol,False,0.309827644090909
TAC-ISI,PF0197,ISI,TAC,0.16916317056322655,0.2989859403096283,Methanol,False,0.309827644090909
TAC-ISI,PF0198,ISI,TAC,0.15224685937981466,0.3060434791481866,Methanol,False,0.309827644090909
TAC-ISI,PF0199,ISI,TAC,0.13533054819867418,0.3127705269041757,Methanol,False,0.309827644090909
TAC-ISI,PF0200,ISI,TAC,0.1184142370178251,0.31918793146572416,Methanol,False,0.309827644090909
TAC-ISI,PF0201,ISI,TAC,0.10149772170275023,0.17545765908775202,Methanol,False,0.309827644090909
TAC-ISI,PF0202,ISI,TAC,0.08458157536943563,0.1766904960638841,Methanol,False,0.309827644090909
TAC-ISI,PF0203,ISI,TAC,0.06766530356740276,0.17778984922146318,Methanol,False,0.309827644090909
TAC-ISI,PF0204,ISI,TAC,0.05074899300355171,0.17886005083206233,Methanol,False,0.309827644090909
TAC-ISI,PF0205,ISI,TAC,0.0338326817833525,0.17951857444193012,Methanol,False,0.309827644090909
TAC-ISI,PF0206,ISI,TAC,0.016916373180831095,0.5365504136830104,Acetic Acid,True,0.309827644090909
TAC-ISI,PF0207,ISI,TAC,6.198119008047039e-08,0.999424059872279,Greenhouse,True,0.309827644090909
TAC-ISI,PF0208,ISI,TAC,0.021576402163169247,0.1716842940992166,Acetic Acid,False,0.309827644090909
TAC-ISI,PF0209,ISI,TAC,0.021576384102987997,0.1716842777060662,Acetic Acid,True,0.309827644090909
TAC-ISI,PF0210,ISI,TAC,0.02239525885937839,0.17338236581060723,Acetic Acid,False,0.309827644090909
TAC-ISI,PF0211,ISI,TAC,0.02356001035790822,0.17542624303999496,Acetic Acid,False,0.309827644090909
TAC-ISI,PF0212,ISI,TAC,0.024742378086257823,0.17725209274622103,Methanol,False,0.309827644090909
TAC-ISI,PF0213,ISI,TAC,0.025905130046674565,0.17859149457575804,Methanol,False,0.309827644090909
TAC-ISI,PF0214,ISI,TAC,0.03601626494729654,0.17947617467009,Methanol,False,0.309827644090909
TAC-ISI,PF0215,ISI,TAC,0.05325915786585952,0.17872171162491168,Methanol,False,0.309827644090909
TAC-ISI,PF0216,ISI,TAC,0.0704969948133253,0.17761756528960823,Methanol,False,0.309827644090909
TAC-ISI,PF0217,ISI,TAC,0.08770839143533397,0.17647066921949478,Methanol,False,0.309827644090909
TAC-ISI,PF0218,ISI,TAC,0.10491978805106346,0.17519020171292388,Methanol,False,0.309827644090909
TAC-ISI,PF0219,ISI,TAC,0.12226365081391566,0.1738251535085208,Methanol,False,0.309827644090909
TAC-ISI,PF0220,ISI,TAC,0.13953963264435068,0.17250937564453972,Methanol,False,0.309827644090909
TAC-ISI,PF0221,ISI,TAC,0.047301476995385394,0.33644680258442455,Methanol,False,0.309827644090909
TAC-ISI,PF0222,ISI,TAC,0.05016046291491711,0.34250847268394174,Methanol,False,0.309827644090909
TAC-ISI,PF0223,ISI,TAC,0.05301885514969348,0.34596909071185017,Methanol,False,0.309827644090909
TAC-ISI,PF0224,ISI,TAC,0.06157131568853958,0.33819490635967353,Methanol,False,0.309827644090909
TAC-ISI,PF0225,ISI,TAC,0.09582052185962472,0.3272842758424835,Methanol,False,0.309827644090909
TAC-ISI,PF0226,ISI,TAC,0.13006971044117496,0.3147988239238011,Methanol,False,0.309827644090909
TAC-ISI,PF0227,ISI,TAC,0.16431889771198882,0.30104243537468955,Methanol,False,0.309827644090909
TAC-ISI,PF0228,ISI,TAC,0.19856808497072756,0.28582856856867317,Methanol,False,0.309827644090909
TAC-ISI,PF0229,ISI,TAC,0.23281722996889478,0.26874844072290066,Methanol,False,0.309827644090909
TAC-ISI,PF0230,ISI,TAC,0.3133814554699258,0.15008070335512141,Methanol,False,0.309827644090909
TAC-ISI,PF0231,ISI,TAC,0.33078258548912454,0.14596498765020588,Methanol,False,0.309827644090909
TAC-ISI,PF0232,ISI,TAC,0.34815571153971037,0.14036025059430618,Methanol,False,0.309827644090909
TAC-ISI,PF0233,ISI,TAC,0.3677976246047942,0.12910933305838335,Methanol,False,0.309827644090909
TAC-ISI,PF0234,ISI,TAC,0.39410150197997434,0.12650000409027576,Methanol,False,0.309827644090909
TAC-ISI,PF0235,ISI,TAC,0.4204053793562414,0.12381775718932035,Methanol,False,0.309827644090909
TAC-ISI,PF0236,ISI,TAC,0.4467092567341002,0.12105949092214392,Methanol,False,0.309827644090909
TAC-ISI,PF0237,ISI,TAC,0.47301313411403884,0.1182214069783622,Methanol,False,0.309827644090909
TAC-ISI,PF0238,ISI,TAC,0.49931696767232636,0.1152989512425468,Methanol,False,0.309827644090909
TAC-ISI,PF0239,ISI,TAC,0.5256208888820955,0.11228673947481468,Methanol,False,0.309827644090909
TAC-ISI,PF0240,ISI,TAC,0.5519247662711934,0.1091784027815116,Methanol,False,0.309827644090909
TAC-ISI,PF0241,ISI,TAC,0.5782286000850825,0.1059664409308171,Methanol,False,0.309827644090909
TAC-ISI,PF0242,ISI,TAC,0.6045325210619097,0.10264198864988978,Methanol,False,0.309827644090909
TAC-ISI,PF0243,ISI,TAC,0.6308363984642523,0.09919447181198729,Methanol,False,0.309827644090909
TAC-ISI,PF0244,ISI,TAC,0.6571402758712491,0.09561119354014021,Urea,False,0.309827644090909
TAC-ISI,PF0245,ISI,TAC,0.6834441532818086,0.09187668511370213,Urea,False,0.309827644090909
TAC-ISI,PF0246,ISI,TAC,0.70974803069221,0.08797174293231823,Urea,False,0.309827644090909
TAC-ISI,PF0247,ISI,TAC,0.7360518654648704,0.08387178230616404,Urea,False,0.309827644090909
TAC-ISI,PF0248,ISI,TAC,0.7623557854283486,0.07954319566067787,Urea,False,0.309827644090909
TAC-ISI,PF0249,ISI,TAC,0.7886600316305915,0.07491929538316615,Urea,False,0.309827644090909
TAC-ISI,PF0250,ISI,TAC,0.8149865955679195,0.07012107318118511,Urea,False,0.309827644090909
TAC-ISI,PF0251,ISI,TAC,0.8413131601012106,0.06494548819730032,Urea,False,0.309827644090909
TAC-ISI,PF0252,ISI,TAC,0.8676397247874468,0.05930454785651479,Urea,False,0.309827644090909
TAC-ISI,PF0253,ISI,TAC,0.8939662896853338,0.053053569988317374,Urea,False,0.309827644090909
TAC-ISI,PF0254,ISI,TAC,0.9202928549472551,0.04594732532506775,Urea,False,0.309827644090909
TAC-ISI,PF0255,ISI,TAC,0.9466194209853669,0.03750688752149481,Urea,False,0.309827644090909
TAC-ISI,PF0256,ISI,TAC,0.9818599733678235,0.012353089094411443,Urea,True,0.309827644090909
TAC-ISI,PF0257,ISI,TAC,1.0000000758548742,5.863746697789849e-06,Urea,False,0.309827644090909
TAC-ISI,PF0258,ISI,TAC,0.0574064210175428,0.3462353015195663,Methanol,False,0.309827644090909
TAC-ISI,PF0259,ISI,TAC,0.07764011497959955,0.33336011340191624,Methanol,False,0.309827644090909
TAC-ISI,PF0260,ISI,TAC,0.12508857702189036,0.3166921083436815,Methanol,False,0.309827644090909
TAC-ISI,PF0261,ISI,TAC,0.16672627256977507,0.30002410333330953,Methanol,False,0.309827644090909
TAC-ISI,PF0262,ISI,TAC,0.20379524433356813,0.283356099824023,Methanol,False,0.309827644090909
TAC-ISI,PF0263,ISI,TAC,0.23665876311523337,0.26668809320111087,Methanol,False,0.309827644090909
TAC-ISI,PF0264,ISI,TAC,0.26549643382288246,0.2500200900151604,Methanol,False,0.309827644090909
TAC-ISI,PF0265,ISI,TAC,0.2904188639618775,0.23335208505050853,Methanol,False,0.309827644090909
TAC-ISI,PF0266,ISI,TAC,0.3115026966342711,0.21668407722653327,Methanol,False,0.309827644090909
TAC-ISI,PF0267,ISI,TAC,0.3288055936266421,0.20001607138574146,Methanol,False,0.309827644090909
TAC-ISI,PF0268,ISI,TAC,0.3423739765091584,0.1833480648820997,Methanol,False,0.309827644090909
TAC-ISI,PF0269,ISI,TAC,0.35224682323603235,0.166680056813032,Methanol,False,0.309827644090909
TAC-ISI,PF0270,ISI,TAC,0.3584582190148444,0.1500120433708975,Methanol,False,0.309827644090909
TAC-ISI,PF0271,ISI,TAC,0.36103882652805297,0.1333440167499225,Methanol,False,0.309827644090909
TAC-ISI,PF0272,ISI,TAC,0.48701957366930343,0.11667605267145052,Methanol,False,0.309827644090909
TAC-ISI,PF0273,ISI,TAC,0.6247174634757214,0.10000804784308844,Methanol,False,0.309827644090909
TAC-ISI,PF0274,ISI,TAC,0.7393647395198061,0.0833400422635165,Urea,False,0.309827644090909
TAC-ISI,PF0275,ISI,TAC,0.8327635219120663,0.06667203721974449,Urea,False,0.309827644090909
TAC-ISI,PF0276,ISI,TAC,0.905731676240748,0.05000403196200096,Urea,False,0.309827644090909
TAC-ISI,PF0277,ISI,TAC,0.9576570712057298,0.03333602623061004,Urea,False,0.309827644090909
TAC-ISI,PF0278,ISI,TAC,0.9888025981297206,0.016668018600076277,Urea,False,0.309827644090909
TAC-ISI,PF0279,ISI,TAC,0.9992233797110339,4.891974475586479e-10,Urea,False,0.309827644090909
Emissions-ISI,PF0001,TotEmiss,ISI,0.08232830999590715,0.9134808471712728,Urea,False,0.8609490227272727
Emissions-ISI,PF0002,TotEmiss,ISI,0.11480141215718269,0.8796482221212071,Urea,False,0.8609490227272727
Emissions-ISI,PF0003,TotEmiss,ISI,0.14727996436600913,0.8458152555609,Urea,False,0.8609490227272727
Emissions-ISI,PF0004,TotEmiss,ISI,0.17975354031157081,0.8119825943845173,Urea,False,0.8609490227272727
Emissions-ISI,PF0005,TotEmiss,ISI,0.4074885055478008,0.5751516156238581,Acetic Acid,False,0.8609490227272727
Emissions-ISI,PF0006,TotEmiss,ISI,0.5506675880957551,0.40599152169119823,Acetic Acid,False,0.8609490227272727
Emissions-ISI,PF0007,TotEmiss,ISI,0.5721004670165223,0.3721589033709863,Acetic Acid,False,0.8609490227272727
Emissions-ISI,PF0008,TotEmiss,ISI,0.6363994440296354,0.2706610260440552,Acetic Acid,False,0.8609490227272727
Emissions-ISI,PF0009,TotEmiss,ISI,0.6579058596884014,0.2368284026493008,Acetic Acid,False,0.8609490227272727
Emissions-ISI,PF0010,TotEmiss,ISI,0.7010549918056612,0.16916316681957008,Acetic Acid,False,0.8609490227272727
Emissions-ISI,PF0011,TotEmiss,ISI,0.7226296233308956,0.1353305440165137,Acetic Acid,False,0.8609490227272727
Emissions-ISI,PF0012,TotEmiss,ISI,0.9999970779724396,6.197072986419588e-08,Greenhouse,False,0.8609490227272727
Emissions-ISI,PF0013,TotEmiss,ISI,0.1473038344195108,0.8458138308424288,Urea,False,0.8609490227272727
Emissions-ISI,PF0014,TotEmiss,ISI,0.17977953700956123,0.8119810167339615,Urea,False,0.8609490227272727
Emissions-ISI,PF0015,TotEmiss,ISI,0.5292346046636371,0.43982414670448705,Acetic Acid,False,0.8609490227272727
Emissions-ISI,PF0016,TotEmiss,ISI,0.17977953047157064,0.8119810167260006,Urea,False,0.8609490227272727
Emissions-ISI,PF0017,TotEmiss,ISI,0.7441931281055932,0.10149792146619115,Acetic Acid,False,0.8609490227272727
Emissions-ISI,PF0018,TotEmiss,ISI,0.7872474462444745,0.033832647066302346,Acetic Acid,False,0.8609490227272727
Emissions-ISI,PF0019,TotEmiss,ISI,0.14730383184821824,0.8458138308399223,Urea,False,0.8609490227272727
Emissions-ISI,PF0020,TotEmiss,ISI,0.6794803605453154,0.2029957895654293,Acetic Acid,False,0.8609490227272727
Emissions-ISI,PF0021,TotEmiss,ISI,0.5935334179698397,0.3383262805106102,Acetic Acid,False,0.8609490227272727
Emissions-ISI,PF0022,TotEmiss,ISI,0.7657534509106463,0.06766329905255915,Acetic Acid,False,0.8609490227272727
Emissions-ISI,PF0023,TotEmiss,ISI,0.7872753726367353,0.033829473862961736,Acetic Acid,False,0.8609490227272727
Emissions-ISI,PF0024,TotEmiss,ISI,0.7657232635601074,0.06766525402895625,Acetic Acid,False,0.8609490227272727
Emissions-ISI,PF0025,TotEmiss,ISI,0.7666644053215292,0.033832666966628656,Acetic Acid,False,0.8609490227272727
Emissions-ISI,PF0026,TotEmiss,ISI,0.733331173512843,0.1014979178292694,Acetic Acid,False,0.8609490227272727
Emissions-ISI,PF0027,TotEmiss,ISI,0.7333311814245153,0.06766530161600579,Acetic Acid,False,0.8609490227272727
Emissions-ISI,PF0028,TotEmiss,ISI,0.7333311578021603,0.03383265713768625,Methanol,True,0.8609490227272727
Emissions-ISI,PF0029,TotEmiss,ISI,0.6149663676782259,0.3044936577148951,Acetic Acid,False,0.8609490227272727
Emissions-ISI,PF0030,TotEmiss,ISI,0.6999979414734454,0.16916316487566624,Acetic Acid,False,0.8609490227272727
Emissions-ISI,PF0031,TotEmiss,ISI,0.6999979362807349,0.13533053968376904,Acetic Acid,False,0.8609490227272727
Emissions-ISI,PF0032,TotEmiss,ISI,0.6999979324866524,0.10149791519941141,Methanol,False,0.8609490227272727
Emissions-ISI,PF0033,TotEmiss,ISI,0.6999979382912681,0.06766529955685614,Methanol,False,0.8609490227272727
Emissions-ISI,PF0034,TotEmiss,ISI,0.6999979502477516,0.03383268294063358,Methanol,False,0.8609490227272727
Emissions-ISI,PF0035,TotEmiss,ISI,0.6666647047393732,0.2029957869557842,Acetic Acid,False,0.8609490227272727
Emissions-ISI,PF0036,TotEmiss,ISI,0.6666647100843781,0.16916316933017544,Acetic Acid,False,0.8609490227272727
Emissions-ISI,PF0037,TotEmiss,ISI,0.6666646942573902,0.13533053719299049,Methanol,False,0.8609490227272727
Emissions-ISI,PF0038,TotEmiss,ISI,0.666664671523532,0.10149790872994438,Methanol,False,0.8609490227272727
Emissions-ISI,PF0039,TotEmiss,ISI,0.6666647139771248,0.06766530521993544,Methanol,False,0.8609490227272727
Emissions-ISI,PF0040,TotEmiss,ISI,0.6666647151489624,0.03383268430792117,Methanol,True,0.8609490227272727
Emissions-ISI,PF0041,TotEmiss,ISI,0.6333314719763832,0.270661033728542,Acetic Acid,False,0.8609490227272727
Emissions-ISI,PF0042,TotEmiss,ISI,0.6333314681041737,0.23682840894400908,Acetic Acid,False,0.8609490227272727
Emissions-ISI,PF0043,TotEmiss,ISI,0.6333314636778682,0.20299578425238352,Acetic Acid,False,0.8609490227272727
Emissions-ISI,PF0044,TotEmiss,ISI,0.6333314706028998,0.1691631680875032,Methanol,False,0.8609490227272727
Emissions-ISI,PF0045,TotEmiss,ISI,0.6333259023747312,0.13532867382971964,Methanol,False,0.8609490227272727
Emissions-ISI,PF0046,TotEmiss,ISI,0.6333314777033064,0.10149792743740885,Methanol,False,0.8609490227272727
Emissions-ISI,PF0047,TotEmiss,ISI,0.6333314765753661,0.06766530415412172,Methanol,False,0.8609490227272727
Emissions-ISI,PF0048,TotEmiss,ISI,0.5999982354767832,0.3044936558385104,Acetic Acid,False,0.8609490227272727
Emissions-ISI,PF0049,TotEmiss,ISI,0.5999982305609147,0.27066103063620006,Acetic Acid,False,0.8609490227272727
Emissions-ISI,PF0050,TotEmiss,ISI,0.5999982260392877,0.23682840608554998,Acetic Acid,False,0.8609490227272727
Emissions-ISI,PF0051,TotEmiss,ISI,0.5999982151232667,0.20299578036391974,Methanol,False,0.8609490227272727
Emissions-ISI,PF0052,TotEmiss,ISI,0.5883476322778232,0.16916316387388647,Methanol,False,0.8609490227272727
Emissions-ISI,PF0053,TotEmiss,ISI,0.5999982414036671,0.13533054964161878,Methanol,False,0.8609490227272727
Emissions-ISI,PF0054,TotEmiss,ISI,0.599998240233935,0.10149792637381806,Methanol,False,0.8609490227272727
Emissions-ISI,PF0055,TotEmiss,ISI,0.5999982390118658,0.0676653031544961,Methanol,False,0.8609490227272727
Emissions-ISI,PF0056,TotEmiss,ISI,0.5666650021532227,0.3721589025994437,Acetic Acid,False,0.8609490227272727
Emissions-ISI,PF0057,TotEmiss,ISI,0.5666649989306057,0.33832627792684644,Acetic Acid,False,0.8609490227272727
Emissions-ISI,PF0058,TotEmiss,ISI,0.5666649952668877,0.30449365337453255,Acetic Acid,False,0.8609490227272727
Emissions-ISI,PF0059,TotEmiss,ISI,0.5666649998076757,0.27066103559631366,Methanol,False,0.8609490227272727
Emissions-ISI,PF0060,TotEmiss,ISI,0.5234461978216608,0.23682839792706276,Methanol,False,0.8609490227272727
Emissions-ISI,PF0061,TotEmiss,ISI,0.5558970770838157,0.2029957726414789,Methanol,False,0.8609490227272727
Emissions-ISI,PF0062,TotEmiss,ISI,0.5666650050959765,0.16916317184135596,Methanol,False,0.8609490227272727
Emissions-ISI,PF0063,TotEmiss,ISI,0.5666650038459269,0.1353305485589725,Methanol,False,0.8609490227272727
Emissions-ISI,PF0064,TotEmiss,ISI,0.5666650023369814,0.10149792531340729,Methanol,False,0.8609490227272727
Emissions-ISI,PF0065,TotEmiss,ISI,0.5470329172718592,0.06766530352538719,Methanol,True,0.8609490227272727
Emissions-ISI,PF0066,TotEmiss,ISI,0.1797795340279717,0.8119810167362442,Urea,False,0.8609490227272727
Emissions-ISI,PF0067,TotEmiss,ISI,0.5333317657595749,0.4059915247416661,Acetic Acid,False,0.8609490227272727
Emissions-ISI,PF0068,TotEmiss,ISI,0.4909953241846715,0.2706610233778504,Methanol,False,0.8609490227272727
Emissions-ISI,PF0069,TotEmiss,ISI,0.5333317687733699,0.20299579403440668,Methanol,False,0.8609490227272727
Emissions-ISI,PF0070,TotEmiss,ISI,0.5333317673544609,0.16916317070296868,Methanol,False,0.8609490227272727
Emissions-ISI,PF0071,TotEmiss,ISI,0.5305690697589586,0.10149792170085237,Methanol,True,0.8609490227272727
Emissions-ISI,PF0072,TotEmiss,ISI,0.49999852691787827,0.4736567662173678,Acetic Acid,False,0.8609490227272727
Emissions-ISI,PF0073,TotEmiss,ISI,0.499998529349594,0.43982414687579846,Acetic Acid,False,0.8609490227272727
Emissions-ISI,PF0074,TotEmiss,ISI,0.45854444242454373,0.3044936492798301,Methanol,False,0.8609490227272727
Emissions-ISI,PF0075,TotEmiss,ISI,0.4999985324168876,0.23682841621348524,Methanol,False,0.8609490227272727
Emissions-ISI,PF0076,TotEmiss,ISI,0.49999853046893716,0.20299579272825943,Methanol,False,0.8609490227272727
Emissions-ISI,PF0077,TotEmiss,ISI,0.49764123863136284,0.1691631674391008,Methanol,False,0.8609490227272727
Emissions-ISI,PF0078,TotEmiss,ISI,0.4999985324751302,0.13533054871893424,Methanol,False,0.8609490227272727
Emissions-ISI,PF0079,TotEmiss,ISI,0.4666652965174172,0.5074893943765196,Acetic Acid,False,0.8609490227272727
Emissions-ISI,PF0080,TotEmiss,ISI,0.46666529291752745,0.473656768999168,Acetic Acid,False,0.8609490227272727
Emissions-ISI,PF0081,TotEmiss,ISI,0.46666529594314027,0.27066103834853583,Methanol,False,0.8609490227272727
Emissions-ISI,PF0082,TotEmiss,ISI,0.46471336042987793,0.23682841610859431,Methanol,True,0.8609490227272727
Emissions-ISI,PF0083,TotEmiss,ISI,0.46666529648103866,0.2029957935517868,Methanol,True,0.8609490227272727
Emissions-ISI,PF0084,TotEmiss,ISI,0.43333206012547676,0.5413220164819942,Acetic Acid,False,0.8609490227272727
Emissions-ISI,PF0085,TotEmiss,ISI,0.43333205645355216,0.5074893911071257,Acetic Acid,False,0.8609490227272727
Emissions-ISI,PF0086,TotEmiss,ISI,0.4317855354165697,0.30449366115342436,Methanol,False,0.8609490227272727
Emissions-ISI,PF0087,TotEmiss,ISI,0.4333320604879972,0.2706610383842902,Methanol,True,0.8609490227272727
Emissions-ISI,PF0088,TotEmiss,ISI,0.37509473928097187,0.608984376827774,Acetic Acid,False,0.8609490227272727
Emissions-ISI,PF0089,TotEmiss,ISI,0.3999988237370307,0.5751546385933056,Acetic Acid,False,0.8609490227272727
Emissions-ISI,PF0090,TotEmiss,ISI,0.35438592655909756,0.439822096105767,Methanol,False,0.8609490227272727
Emissions-ISI,PF0091,TotEmiss,ISI,0.39726119874469507,0.37215670044674415,Methanol,False,0.8609490227272727
Emissions-ISI,PF0092,TotEmiss,ISI,0.39999882450700414,0.3383262832406848,Methanol,False,0.8609490227272727
Emissions-ISI,PF0093,TotEmiss,ISI,0.39999882382972324,0.30449366010811246,Methanol,True,0.8609490227272727
Emissions-ISI,PF0094,TotEmiss,ISI,0.36666558694301676,0.6089872603074336,Acetic Acid,False,0.8609490227272727
Emissions-ISI,PF0095,TotEmiss,ISI,0.31149206169309335,0.5074890092105692,Methanol,False,0.8609490227272727
Emissions-ISI,PF0096,TotEmiss,ISI,0.3329291682038896,0.47365637176448866,Methanol,True,0.8609490227272727
Emissions-ISI,PF0097,TotEmiss,ISI,0.3543662706119441,0.4398237343235726,Methanol,False,0.8609490227272727
Emissions-ISI,PF0098,TotEmiss,ISI,0.3666655889125889,0.4059915286940454,Methanol,False,0.8609490227272727
Emissions-ISI,PF0099,TotEmiss,ISI,0.36666558786626674,0.3721589049614035,Methanol,True,0.8609490227272727
Emissions-ISI,PF0100,TotEmiss,ISI,0.3333323509583406,0.6428198828234895,Acetic Acid,False,0.8609490227272727
Emissions-ISI,PF0101,TotEmiss,ISI,0.33333235190585675,0.43982414983156143,Methanol,False,0.8609490227272727
Emissions-ISI,PF0102,TotEmiss,ISI,0.33333235112787163,0.40599152662503757,Methanol,False,0.8609490227272727
Emissions-ISI,PF0103,TotEmiss,ISI,0.29999911456035366,0.6766525049369253,Urea,False,0.8609490227272727
Emissions-ISI,PF0104,TotEmiss,ISI,0.29999911596743517,0.5074893947481115,Methanol,False,0.8609490227272727
Emissions-ISI,PF0105,TotEmiss,ISI,0.2999991152100327,0.47365677151104224,Methanol,True,0.8609490227272727
Emissions-ISI,PF0106,TotEmiss,ISI,0.2666658781447662,0.710485127041561,Urea,False,0.8609490227272727
Emissions-ISI,PF0107,TotEmiss,ISI,0.26666588013395115,0.5751546398426428,Methanol,False,0.8609490227272727
Emissions-ISI,PF0108,TotEmiss,ISI,0.26666587925165525,0.5413220163705227,Urea,False,0.8609490227272727
Emissions-ISI,PF0109,TotEmiss,ISI,0.26666587806436537,0.5074893928562806,Algae,False,0.8609490227272727
Emissions-ISI,PF0110,TotEmiss,ISI,0.233332641774888,0.7443177491819577,Urea,False,0.8609490227272727
Emissions-ISI,PF0111,TotEmiss,ISI,0.23333263807993507,0.6089872579074163,Urea,False,0.8609490227272727
Emissions-ISI,PF0112,TotEmiss,ISI,0.23333264231593076,0.5751546378571328,Urea,True,0.8609490227272727
Emissions-ISI,PF0113,TotEmiss,ISI,0.049855060498512904,0.9473134804986966,Urea,False,0.8609490227272727
Emissions-ISI,PF0114,TotEmiss,ISI,0.19999940532240967,0.7781503712706133,Urea,False,0.8609490227272727
Emissions-ISI,PF0115,TotEmiss,ISI,0.19999940004124514,0.6428198797254696,Urea,False,0.8609490227272727
Emissions-ISI,PF0116,TotEmiss,ISI,0.1979916569323208,0.6089872552714286,Urea,True,0.8609490227272727
Emissions-ISI,PF0117,TotEmiss,ISI,0.14727430015258183,0.8458156106232568,Urea,False,0.8609490227272727
Emissions-ISI,PF0118,TotEmiss,ISI,0.16666616564945738,0.7104851250097952,Urea,False,0.8609490227272727
Emissions-ISI,PF0119,TotEmiss,ISI,0.15708316114949933,0.6766524994865749,Urea,False,0.8609490227272727
Emissions-ISI,PF0120,TotEmiss,ISI,0.13333293101966145,0.7781503703281365,Urea,False,0.8609490227272727
Emissions-ISI,PF0121,TotEmiss,ISI,0.12413857765676775,0.7443177448279522,Urea,True,0.8609490227272727
Emissions-ISI,PF0122,TotEmiss,ISI,0.09119399265536195,0.8119829902778394,Urea,True,0.8609490227272727
Emissions-ISI,PF0123,TotEmiss,ISI,0.0666664582659766,0.8796482375091552,Urea,True,0.8609490227272727
Emissions-ISI,PF0124,TotEmiss,ISI,0.15657531357987248,0.6766525051934716,Urea,True,0.8609490227272727
Emissions-ISI,PF0125,TotEmiss,ISI,0.26219810140830035,0.507489394284904,Algae,True,0.8609490227272727
Emissions-ISI,PF0126,TotEmiss,ISI,0.47644534292714197,0.16916317187066665,Methanol,True,0.8609490227272727
Emissions-ISI,PF0127,TotEmiss,ISI,0.9999928838775077,6.207340591886543e-08,Greenhouse,True,0.8609490227272727
Emissions-ISI,PF0128,TotEmiss,ISI,0.06786363526167964,0.8458156164048002,Urea,True,0.8609490227272727
Emissions-ISI,PF0129,TotEmiss,ISI,0.369290578764683,0.33832628307897195,Methanol,True,0.8609490227272727
Emissions-ISI,PF0130,TotEmiss,ISI,0.47936399576836203,0.1691631697186229,Methanol,False,0.8609490227272727
Emissions-ISI,PF0131,TotEmiss,ISI,0.07364943779999734,0.845815616398858,Urea,False,0.8609490227272727
Emissions-ISI,PF0132,TotEmiss,ISI,0.19814904612251819,0.6766525031548346,Urea,False,0.8609490227272727
Emissions-ISI,PF0133,TotEmiss,ISI,0.3086375601281677,0.5074893918505528,Methanol,False,0.8609490227272727
Emissions-ISI,PF0134,TotEmiss,ISI,0.4243056172841811,0.33832628204636433,Methanol,False,0.8609490227272727
Emissions-ISI,PF0135,TotEmiss,ISI,0.639984634304656,0.16916317273763185,Methanol,False,0.8609490227272727
Emissions-ISI,PF0136,TotEmiss,ISI,0.4999985335250481,0.13199062620129215,Methanol,True,0.8609490227272727
Emissions-ISI,PF0137,TotEmiss,ISI,0.333332352287047,0.3951258193809945,Algae,True,0.8609490227272727
Emissions-ISI,PF0138,TotEmiss,ISI,0.16666617001093123,0.6583915286907476,Urea,False,0.8609490227272727
Emissions-ISI,PF0139,TotEmiss,ISI,-9.717742008220347e-09,0.9999999005539941,Urea,True,0.8609490227272727
Emissions-ISI,PF0140,TotEmiss,ISI,0.16666617104068623,0.6583914609186466,Urea,True,0.8609490227272727
Emissions-ISI,PF0141,TotEmiss,ISI,0.4999985334719845,0.13947785114944017,Methanol,False,0.8609490227272727
Emissions-ISI,PF0142,TotEmiss,ISI,0.7546642354586065,0.0850401466126097,Acetic Acid,False,0.8609490227272727
Emissions-ISI,PF0143,TotEmiss,ISI,0.6666647139149547,0.15197876837171387,Acetic Acid,False,0.8609490227272727
Emissions-ISI,PF0144,TotEmiss,ISI,0.49999853321284404,0.26103949898988976,Methanol,False,0.8609490227272727
Emissions-ISI,PF0145,TotEmiss,ISI,0.3333323522706078,0.46925975040282425,Methanol,False,0.8609490227272727
Emissions-ISI,PF0146,TotEmiss,ISI,0.166666169972244,0.7239044417248024,Urea,False,0.8609490227272727
Emissions-ISI,PF0147,TotEmiss,ISI,3.113185403673227e-05,0.9992233665639217,Urea,True,0.8609490227272727
Emissions-ISI,PF0148,TotEmiss,ISI,0.0011434382857782427,0.9980624150136892,Urea,True,0.8609490227272727
Emissions-ISI,PF0149,TotEmiss,ISI,0.017351094767866143,0.9811460738192509,Urea,True,0.8609490227272727
Emissions-ISI,PF0150,TotEmiss,ISI,0.0335607529267325,0.964229617404369,Urea,False,0.8609490227272727
Emissions-ISI,PF0151,TotEmiss,ISI,0.032893984352702806,0.9473134694794635,Urea,True,0.8609490227272727
Emissions-ISI,PF0152,TotEmiss,ISI,0.043603081767250494,0.930397171086711,Urea,True,0.8609490227272727
Emissions-ISI,PF0153,TotEmiss,ISI,0.054312330355508615,0.9134808598707992,Urea,True,0.8609490227272727
Emissions-ISI,PF0154,TotEmiss,ISI,0.06502157876231697,0.8965645486748268,Urea,True,0.8609490227272727
Emissions-ISI,PF0155,TotEmiss,ISI,0.07583884063280409,0.8796482374970765,Urea,False,0.8609490227272727
Emissions-ISI,PF0156,TotEmiss,ISI,0.08644106385439258,0.8627318372723264,Urea,False,0.8609490227272727
Emissions-ISI,PF0157,TotEmiss,ISI,0.09714936673094955,0.8458156115025387,Urea,False,0.8609490227272727
Emissions-ISI,PF0158,TotEmiss,ISI,0.1080124272973599,0.8288993039998468,Urea,False,0.8609490227272727
Emissions-ISI,PF0159,TotEmiss,ISI,0.11873695609013157,0.8119829928447783,Urea,False,0.8609490227272727
Emissions-ISI,PF0160,TotEmiss,ISI,0.12946148485052103,0.7950666816933433,Urea,False,0.8609490227272727
Emissions-ISI,PF0161,TotEmiss,ISI,0.14018601358421234,0.778150370544906,Urea,False,0.8609490227272727
Emissions-ISI,PF0162,TotEmiss,ISI,0.1507102761284385,0.7612340614000995,Urea,False,0.8609490227272727
Emissions-ISI,PF0163,TotEmiss,ISI,0.1614287898166979,0.7443177482627438,Urea,False,0.8609490227272727
Emissions-ISI,PF0164,TotEmiss,ISI,0.17214727445176936,0.7274014371198312,Urea,False,0.8609490227272727
Emissions-ISI,PF0165,TotEmiss,ISI,0.18286575904889804,0.7104851259788338,Urea,False,0.8609490227272727
Emissions-ISI,PF0166,TotEmiss,ISI,0.19358424361955634,0.6935688148394004,Urea,False,0.8609490227272727
Emissions-ISI,PF0167,TotEmiss,ISI,0.20430272817001074,0.6766525037012913,Urea,False,0.8609490227272727
Emissions-ISI,PF0168,TotEmiss,ISI,0.21502121270423757,0.6597361925643258,Urea,False,0.8609490227272727
Emissions-ISI,PF0169,TotEmiss,ISI,0.22573969722498466,0.6428198814283611,Urea,False,0.8609490227272727
Emissions-ISI,PF0170,TotEmiss,ISI,0.23645818173428007,0.6259035702932791,Methanol,False,0.8609490227272727
Emissions-ISI,PF0171,TotEmiss,ISI,0.2471766662336881,0.6089872591589822,Methanol,False,0.8609490227272727
Emissions-ISI,PF0172,TotEmiss,ISI,0.25789515072445224,0.5920709480253854,Methanol,False,0.8609490227272727
Emissions-ISI,PF0173,TotEmiss,ISI,0.26861363520758924,0.5751546368924166,Methanol,False,0.8609490227272727
Emissions-ISI,PF0174,TotEmiss,ISI,0.2793321196839462,0.5582383257600125,Methanol,False,0.8609490227272727
Emissions-ISI,PF0175,TotEmiss,ISI,0.2900506041542425,0.5413220146281177,Methanol,False,0.8609490227272727
Emissions-ISI,PF0176,TotEmiss,ISI,0.3007690886190941,0.5244057034966816,Methanol,False,0.8609490227272727
Emissions-ISI,PF0177,TotEmiss,ISI,0.31148757307903635,0.5074893923656613,Methanol,False,0.8609490227272727
Emissions-ISI,PF0178,TotEmiss,ISI,0.3222060575345435,0.4905730812350147,Methanol,False,0.8609490227272727
Emissions-ISI,PF0179,TotEmiss,ISI,0.3329245419860321,0.47365677010470664,Methanol,False,0.8609490227272727
Emissions-ISI,PF0180,TotEmiss,ISI,0.34364302643388106,0.45674045897470017,Methanol,False,0.8609490227272727
Emissions-ISI,PF0181,TotEmiss,ISI,0.35436151087843093,0.43982414784496576,Methanol,False,0.8609490227272727
Emissions-ISI,PF0182,TotEmiss,ISI,0.3650799953199993,0.4229078367154719,Methanol,False,0.8609490227272727
Emissions-ISI,PF0183,TotEmiss,ISI,0.37579847975887576,0.405991525586189,Methanol,False,0.8609490227272727
Emissions-ISI,PF0184,TotEmiss,ISI,0.38651696419533665,0.3890752144570887,Methanol,False,0.8609490227272727
Emissions-ISI,PF0185,TotEmiss,ISI,0.39723544862964183,0.37215890332814205,Methanol,False,0.8609490227272727
Emissions-ISI,PF0186,TotEmiss,ISI,0.4098679640863072,0.35524259403557923,Methanol,False,0.8609490227272727
Emissions-ISI,PF0187,TotEmiss,ISI,0.4260933802435279,0.33832628253508173,Methanol,False,0.8609490227272727
Emissions-ISI,PF0188,TotEmiss,ISI,0.4423187512886536,0.3214099726302684,Methanol,False,0.8609490227272727
Emissions-ISI,PF0189,TotEmiss,ISI,0.45851960348339843,0.3044936600966807,Methanol,False,0.8609490227272727
Emissions-ISI,PF0190,TotEmiss,ISI,0.44001749430236015,0.28757734905753873,Methanol,False,0.8609490227272727
Emissions-ISI,PF0191,TotEmiss,ISI,0.4482494491977433,0.2706610378027842,Methanol,False,0.8609490227272727
Emissions-ISI,PF0192,TotEmiss,ISI,0.4564814039167191,0.25374472656872227,Methanol,True,0.8609490227272727
Emissions-ISI,PF0193,TotEmiss,ISI,0.4647133585120835,0.2368284153496507,Methanol,True,0.8609490227272727
Emissions-ISI,PF0194,TotEmiss,ISI,0.47294529285614556,0.21991210575265824,Methanol,False,0.8609490227272727
Emissions-ISI,PF0195,TotEmiss,ISI,0.48117726744642125,0.2029957929427582,Methanol,False,0.8609490227272727
Emissions-ISI,PF0196,TotEmiss,ISI,0.4894092218188639,0.18607948175040312,Methanol,False,0.8609490227272727
Emissions-ISI,PF0197,TotEmiss,ISI,0.49764117614212283,0.16916317056322655,Methanol,False,0.8609490227272727
Emissions-ISI,PF0198,TotEmiss,ISI,0.5058731304234209,0.15224685937981466,Methanol,False,0.8609490227272727
Emissions-ISI,PF0199,TotEmiss,ISI,0.5141050846691362,0.13533054819867418,Methanol,False,0.8609490227272727
Emissions-ISI,PF0200,TotEmiss,ISI,0.5223370388867777,0.1184142370178251,Methanol,True,0.8609490227272727
Emissions-ISI,PF0201,TotEmiss,ISI,0.6533164554572609,0.10149772170275023,Methanol,False,0.8609490227272727
Emissions-ISI,PF0202,TotEmiss,ISI,0.6696934431109538,0.08458157536943563,Methanol,False,0.8609490227272727
Emissions-ISI,PF0203,TotEmiss,ISI,0.6860733118302419,0.06766530356740276,Methanol,False,0.8609490227272727
Emissions-ISI,PF0204,TotEmiss,ISI,0.7024242197826639,0.05074899300355171,Methanol,False,0.8609490227272727
Emissions-ISI,PF0205,TotEmiss,ISI,0.7187751728567936,0.0338326817833525,Methanol,False,0.8609490227272727
Emissions-ISI,PF0206,TotEmiss,ISI,0.8208074730885577,0.016916373180831095,Acetic Acid,True,0.8609490227272727
Emissions-ISI,PF0207,TotEmiss,ISI,0.9999999900646386,6.198119008047039e-08,Greenhouse,False,0.8609490227272727
Emissions-ISI,PF0208,TotEmiss,ISI,0.7950569805363987,0.021576402163169247,Acetic Acid,False,0.8609490227272727
Emissions-ISI,PF0209,TotEmiss,ISI,0.7950569412706348,0.021576384102987997,Acetic Acid,True,0.8609490227272727
Emissions-ISI,PF0210,TotEmiss,ISI,0.7833310303467228,0.02239525885937839,Acetic Acid,True,0.8609490227272727
Emissions-ISI,PF0211,TotEmiss,ISI,0.7666644090374658,0.02356001035790822,Acetic Acid,True,0.8609490227272727
Emissions-ISI,PF0212,TotEmiss,ISI,0.749997790621099,0.024742378086257823,Methanol,True,0.8609490227272727
Emissions-ISI,PF0213,TotEmiss,ISI,0.7333311690281503,0.025905130046674565,Methanol,True,0.8609490227272727
Emissions-ISI,PF0214,TotEmiss,ISI,0.7166645671942641,0.03601626494729654,Methanol,False,0.8609490227272727
Emissions-ISI,PF0215,TotEmiss,ISI,0.6999979489822945,0.05325915786585952,Methanol,False,0.8609490227272727
Emissions-ISI,PF0216,TotEmiss,ISI,0.6833313308387914,0.0704969948133253,Methanol,False,0.8609490227272727
Emissions-ISI,PF0217,TotEmiss,ISI,0.6666647126885228,0.08770839143533397,Methanol,False,0.8609490227272727
Emissions-ISI,PF0218,TotEmiss,ISI,0.6499980945434011,0.10491978805106346,Methanol,False,0.8609490227272727
Emissions-ISI,PF0219,TotEmiss,ISI,0.6333314764362656,0.12226365081391566,Methanol,False,0.8609490227272727
Emissions-ISI,PF0220,TotEmiss,ISI,0.6166648582947452,0.13953963264435068,Methanol,False,0.8609490227272727
Emissions-ISI,PF0221,TotEmiss,ISI,0.5999981682138039,0.047301476995385394,Methanol,True,0.8609490227272727
Emissions-ISI,PF0222,TotEmiss,ISI,0.5833315311944384,0.05016046291491711,Methanol,True,0.8609490227272727
Emissions-ISI,PF0223,TotEmiss,ISI,0.566664996465556,0.05301885514969348,Methanol,True,0.8609490227272727
Emissions-ISI,PF0224,TotEmiss,ISI,0.549998386776172,0.06157131568853958,Methanol,False,0.8609490227272727
Emissions-ISI,PF0225,TotEmiss,ISI,0.5333317684441384,0.09582052185962472,Methanol,True,0.8609490227272727
Emissions-ISI,PF0226,TotEmiss,ISI,0.5166651502032136,0.13006971044117496,Methanol,True,0.8609490227272727
Emissions-ISI,PF0227,TotEmiss,ISI,0.499998531939743,0.16431889771198882,Methanol,False,0.8609490227272727
Emissions-ISI,PF0228,TotEmiss,ISI,0.48333191361717703,0.19856808497072756,Methanol,False,0.8609490227272727
Emissions-ISI,PF0229,TotEmiss,ISI,0.46666529687942815,0.23281722996889478,Methanol,False,0.8609490227272727
Emissions-ISI,PF0230,TotEmiss,ISI,0.44999867662460236,0.3133814554699258,Methanol,False,0.8609490227272727
Emissions-ISI,PF0231,TotEmiss,ISI,0.43333190018304,0.33078258548912454,Methanol,False,0.8609490227272727
Emissions-ISI,PF0232,TotEmiss,ISI,0.41666543832822805,0.34815571153971037,Methanol,False,0.8609490227272727
Emissions-ISI,PF0233,TotEmiss,ISI,0.3999988235699661,0.3677976246047942,Methanol,False,0.8609490227272727
Emissions-ISI,PF0234,TotEmiss,ISI,0.38333220544042584,0.39410150197997434,Methanol,False,0.8609490227272727
Emissions-ISI,PF0235,TotEmiss,ISI,0.3666655873106359,0.4204053793562414,Methanol,False,0.8609490227272727
Emissions-ISI,PF0236,TotEmiss,ISI,0.3499989691805397,0.4467092567341002,Methanol,False,0.8609490227272727
Emissions-ISI,PF0237,TotEmiss,ISI,0.33333235105007436,0.47301313411403884,Methanol,False,0.8609490227272727
Emissions-ISI,PF0238,TotEmiss,ISI,0.31666573407966225,0.49931696767232636,Methanol,False,0.8609490227272727
Emissions-ISI,PF0239,TotEmiss,ISI,0.2999991147877444,0.5256208888820955,Methanol,False,0.8609490227272727
Emissions-ISI,PF0240,TotEmiss,ISI,0.28333249665570204,0.5519247662711934,Methanol,False,0.8609490227272727
Emissions-ISI,PF0241,TotEmiss,ISI,0.26666587969881145,0.5782286000850825,Methanol,False,0.8609490227272727
Emissions-ISI,PF0242,TotEmiss,ISI,0.24999926038926995,0.6045325210619097,Methanol,False,0.8609490227272727
Emissions-ISI,PF0243,TotEmiss,ISI,0.23333264225455175,0.6308363984642523,Methanol,False,0.8609490227272727
Emissions-ISI,PF0244,TotEmiss,ISI,0.2166660241185324,0.6571402758712491,Urea,False,0.8609490227272727
Emissions-ISI,PF0245,TotEmiss,ISI,0.19999940598089153,0.6834441532818086,Urea,False,0.8609490227272727
Emissions-ISI,PF0246,TotEmiss,ISI,0.18333278784117918,0.70974803069221,Urea,False,0.8609490227272727
Emissions-ISI,PF0247,TotEmiss,ISI,0.1666661709255997,0.7360518654648704,Urea,False,0.8609490227272727
Emissions-ISI,PF0248,TotEmiss,ISI,0.1499995515521698,0.7623557854283486,Urea,False,0.8609490227272727
Emissions-ISI,PF0249,TotEmiss,ISI,0.13333293341688437,0.7886600316305915,Urea,False,0.8609490227272727
Emissions-ISI,PF0250,TotEmiss,ISI,0.11666631525799288,0.8149865955679195,Urea,False,0.8609490227272727
Emissions-ISI,PF0251,TotEmiss,ISI,0.09999969709386401,0.8413131601012106,Urea,False,0.8609490227272727
Emissions-ISI,PF0252,TotEmiss,ISI,0.08333307891632888,0.8676397247874468,Urea,False,0.8609490227272727
Emissions-ISI,PF0253,TotEmiss,ISI,0.06666646071555772,0.8939662896853338,Urea,False,0.8609490227272727
Emissions-ISI,PF0254,TotEmiss,ISI,0.04999984246875848,0.9202928549472551,Urea,True,0.8609490227272727
Emissions-ISI,PF0255,TotEmiss,ISI,0.03333322410493801,0.9466194209853669,Urea,True,0.8609490227272727
Emissions-ISI,PF0256,TotEmiss,ISI,0.016666604673602006,0.9818599733678235,Urea,True,0.8609490227272727
Emissions-ISI,PF0257,TotEmiss,ISI,-9.716970318531965e-09,1.0000000758548742,Urea,False,0.8609490227272727
Emissions-ISI,PF0258,TotEmiss,ISI,0.5472565019943761,0.0574064210175428,Methanol,True,0.8609490227272727
Emissions-ISI,PF0259,TotEmiss,ISI,0.5421788750466321,0.07764011497959955,Methanol,True,0.8609490227272727
Emissions-ISI,PF0260,TotEmiss,ISI,0.5190891153336588,0.12508857702189036,Methanol,True,0.8609490227272727
Emissions-ISI,PF0261,TotEmiss,ISI,0.4988270385023243,0.16672627256977507,Methanol,True,0.8609490227272727
Emissions-ISI,PF0262,TotEmiss,ISI,0.4807882121452539,0.20379524433356813,Methanol,False,0.8609490227272727
Emissions-ISI,PF0263,TotEmiss,ISI,0.4647959166608179,0.23665876311523337,Methanol,True,0.8609490227272727
Emissions-ISI,PF0264,TotEmiss,ISI,0.4507626728901218,0.26549643382288246,Methanol,True,0.8609490227272727
Emissions-ISI,PF0265,TotEmiss,ISI,0.43863471540273535,0.2904188639618775,Methanol,False,0.8609490227272727
Emissions-ISI,PF0266,TotEmiss,ISI,0.4283747487406703,0.3115026966342711,Methanol,False,0.8609490227272727
Emissions-ISI,PF0267,TotEmiss,ISI,0.41995467158165894,0.3288055936266421,Methanol,False,0.8609490227272727
Emissions-ISI,PF0268,TotEmiss,ISI,0.4133519144833295,0.3423739765091584,Methanol,False,0.8609490227272727
Emissions-ISI,PF0269,TotEmiss,ISI,0.40854750982283394,0.35224682323603235,Methanol,False,0.8609490227272727
Emissions-ISI,PF0270,TotEmiss,ISI,0.4055248710064822,0.3584582190148444,Methanol,False,0.8609490227272727
Emissions-ISI,PF0271,TotEmiss,ISI,0.4042690512728676,0.36103882652805297,Methanol,False,0.8609490227272727
Emissions-ISI,PF0272,TotEmiss,ISI,0.3244575971274956,0.48701957366930343,Methanol,False,0.8609490227272727
Emissions-ISI,PF0273,TotEmiss,ISI,0.23720969336172748,0.6247174634757214,Methanol,False,0.8609490227272727
Emissions-ISI,PF0274,TotEmiss,ISI,0.16456710064977845,0.7393647395198061,Urea,False,0.8609490227272727
Emissions-ISI,PF0275,TotEmiss,ISI,0.10541223763161987,0.8327635219120663,Urea,False,0.8609490227272727
Emissions-ISI,PF0276,TotEmiss,ISI,0.05921812171111329,0.905731676240748,Urea,True,0.8609490227272727
Emissions-ISI,PF0277,TotEmiss,ISI,0.026345593750597376,0.9576570712057298,Urea,True,0.8609490227272727
Emissions-ISI,PF0278,TotEmiss,ISI,0.0066282247758504215,0.9888025981297206,Urea,True,0.8609490227272727
Emissions-ISI,PF0279,TotEmiss,ISI,3.1113588420546485e-05,0.9992233797110339,Urea,True,0.8609490227272727
