dataset,seed,method,step_tag,optimized_objectives,nominal_eval_budget,actual_n_gen,optimizer_seconds,orca_grouping_seconds,total_seconds,hv,igd,max_constraint_violation,mean_constraint_violation,num_solutions
"DTLZ6(5,20), k_tail=500",0,full_nsga_n100,baseline full,20,21000,101,22.277782458004367,0.0,22.277782458004367,6.524656628099606,0.19444645918885342,0.0,0.0,210
"DTLZ6(5,20), k_tail=500",0,orca_mean_n100,step1 aggregation=mean,5,3500,101,3.485403790997225,0.08114066699636169,3.5665444579935865,4.881379357762626,0.9407164049121608,0.0,0.0,35
"DTLZ6(5,20), k_tail=500",0,orca_max_worst_n100,step1+2 group-worst/max,5,3500,101,3.5033282920048805,0.08114066699636169,3.584468959001242,4.612837794843988,0.8723129043309443,0.0,0.0,35
"DTLZ6(5,20), k_tail=500",0,orca_chebyshev_norm_n100,step1 normalized Chebyshev,5,3500,101,3.607925290998537,0.08114066699636169,3.689065957994899,4.700709193107885,0.8735136846371222,0.0,0.0,34
"DTLZ6(5,20), k_tail=500",0,orca_mean_n100_full_refine_n50,step3 reduced then full refine,20,14000,51,14.882275123993168,0.08114066699636169,14.96341579098953,6.311958570619707,0.22049487343590762,0.0,0.0,209
"DTLZ6(5,20), k_tail=500",0,full_nsga_wall15,step4 equal wall-clock full,20,14280,68,15.125589291994402,0.0,15.125589291994402,6.281573133836864,0.19438369006589948,0.0,0.0,210
"DTLZ6(5,20), k_tail=500",0,orca_mean_wall15,step4 equal wall-clock reduced,5,14385,411,15.007204540997918,0.08114066699636169,15.08834520799428,5.250110739262527,0.9280072590735922,0.0,0.0,35
"DTLZ6(5,20), k_tail=500",1,full_nsga_n100,baseline full,20,21000,101,22.8403516249964,0.0,22.8403516249964,6.573109081347923,0.1711300547347633,0.0,0.0,210
"DTLZ6(5,20), k_tail=500",1,orca_mean_n100,step1 aggregation=mean,5,3500,101,3.5834735419994104,0.08114066699636169,3.664614208995772,4.78118953918136,0.8792300158345981,0.0,0.0,35
"DTLZ6(5,20), k_tail=500",1,orca_max_worst_n100,step1+2 group-worst/max,5,3500,101,3.594008790998487,0.08114066699636169,3.6751494579948485,4.553709377320619,0.8570010051124867,0.0,0.0,35
"DTLZ6(5,20), k_tail=500",1,orca_chebyshev_norm_n100,step1 normalized Chebyshev,5,3500,101,3.5894807079966995,0.08114066699636169,3.670621374993061,4.582452358061145,0.8604855812304543,0.0,0.0,35
"DTLZ6(5,20), k_tail=500",1,orca_mean_n100_full_refine_n50,step3 reduced then full refine,20,14000,51,15.142725833997247,0.08114066699636169,15.223866500993608,6.320170850831286,0.20385952368600624,0.0,0.0,209
"DTLZ6(5,20), k_tail=500",1,full_nsga_wall15,step4 equal wall-clock full,20,13860,66,15.035988584000734,0.0,15.035988584000734,6.45238856223771,0.16953917611552002,0.0,0.0,210
"DTLZ6(5,20), k_tail=500",1,orca_mean_wall15,step4 equal wall-clock reduced,5,14490,414,15.022924500000954,0.08114066699636169,15.104065166997316,5.204121970077685,0.9009576174604336,0.0,0.0,35
"DTLZ6(5,20), k_tail=500",2,full_nsga_n100,baseline full,20,21000,101,22.964168833997974,0.0,22.964168833997974,6.54272364456508,0.18612227739681167,0.0,0.0,210
"DTLZ6(5,20), k_tail=500",2,orca_mean_n100,step1 aggregation=mean,5,3500,101,3.604379832999257,0.08114066699636169,3.6855204999956186,4.774619715012097,0.8991165529356284,0.0,0.0,35
"DTLZ6(5,20), k_tail=500",2,orca_max_worst_n100,step1+2 group-worst/max,5,3500,101,3.7085254170015105,0.08114066699636169,3.789666083997872,4.668681300282726,0.8168999602316077,0.0,0.0,35
"DTLZ6(5,20), k_tail=500",2,orca_chebyshev_norm_n100,step1 normalized Chebyshev,5,3500,101,3.631067834001442,0.08114066699636169,3.7122085009978036,4.694960596959779,0.8646547661486472,0.0,0.0,34
"DTLZ6(5,20), k_tail=500",2,orca_mean_n100_full_refine_n50,step3 reduced then full refine,20,14000,51,15.387050124998495,0.08114066699636169,15.468190791994857,6.325919446979391,0.21007735928653287,0.0,0.0,206
"DTLZ6(5,20), k_tail=500",2,full_nsga_wall15,step4 equal wall-clock full,20,13230,63,15.091643833999115,0.0,15.091643833999115,6.319349622810128,0.18676449885233748,0.0,0.0,210
"DTLZ6(5,20), k_tail=500",2,orca_mean_wall15,step4 equal wall-clock reduced,5,14455,413,15.030886000000464,0.08114066699636169,15.112026666996826,5.093256187221367,0.8986077682261866,0.0,0.0,35
