dataset,family,num_objectives,k_tail,seed,method,selected_points,point_generation_seconds,grouping_seconds,expected_groups,groups,ari,exact_match
"DTLZ5(5,16), k_tail=10",DTLZ5,16,10,0,ORCA,31,0.038783625001087785,0.03506095800548792,1 1 1 1 1 1 1 1 1 1 1 1 2 3 4 5,1 1 1 1 1 1 1 1 1 1 1 1 2 3 4 5,1.0,1
"DTLZ5(5,16), k_tail=10",DTLZ5,16,10,0,gradient_cosine,31,0.038783625001087785,0.04224758400232531,1 1 1 1 1 1 1 1 1 1 1 1 2 3 4 5,1 1 1 1 1 1 1 1 1 1 1 1 2 3 4 5,1.0,1
"DTLZ5(5,16), k_tail=10",DTLZ5,16,10,1,ORCA,31,0.03795883298153058,0.03478829198866151,1 1 1 1 1 1 1 1 1 1 1 1 2 3 4 5,1 1 1 1 1 1 1 1 1 1 1 1 2 3 4 5,1.0,1
"DTLZ5(5,16), k_tail=10",DTLZ5,16,10,1,gradient_cosine,31,0.03795883298153058,0.04072937500313856,1 1 1 1 1 1 1 1 1 1 1 1 2 3 4 5,1 1 1 1 1 1 1 1 1 1 1 1 2 3 4 5,1.0,1
"DTLZ5(5,16), k_tail=10",DTLZ5,16,10,2,ORCA,31,0.03808183400542475,0.036845624999841675,1 1 1 1 1 1 1 1 1 1 1 1 2 3 4 5,1 1 1 1 1 1 1 1 1 1 1 1 2 3 4 5,1.0,1
"DTLZ5(5,16), k_tail=10",DTLZ5,16,10,2,gradient_cosine,31,0.03808183400542475,0.04840937501285225,1 1 1 1 1 1 1 1 1 1 1 1 2 3 4 5,1 1 1 1 1 1 1 1 1 1 1 1 2 3 4 5,1.0,1
"DTLZ5(5,16), k_tail=10",DTLZ5,16,10,3,ORCA,31,0.042670249997172505,0.039579000003868714,1 1 1 1 1 1 1 1 1 1 1 1 2 3 4 5,1 1 1 1 1 1 1 1 1 1 1 1 2 3 4 5,1.0,1
"DTLZ5(5,16), k_tail=10",DTLZ5,16,10,3,gradient_cosine,31,0.042670249997172505,0.05204916701768525,1 1 1 1 1 1 1 1 1 1 1 1 2 3 4 5,1 1 1 1 1 1 1 1 1 1 1 1 2 3 4 5,1.0,1
"DTLZ5(5,16), k_tail=10",DTLZ5,16,10,4,ORCA,31,0.03979962499579415,0.03985874998033978,1 1 1 1 1 1 1 1 1 1 1 1 2 3 4 5,1 1 1 1 1 1 1 1 1 1 1 1 2 3 4 5,1.0,1
"DTLZ5(5,16), k_tail=10",DTLZ5,16,10,4,gradient_cosine,31,0.03979962499579415,0.04783808402135037,1 1 1 1 1 1 1 1 1 1 1 1 2 3 4 5,1 1 1 1 1 1 1 1 1 1 1 1 2 3 4 5,1.0,1
"DTLZ6(5,16), k_tail=10",DTLZ6,16,10,0,ORCA,32,0.01985424998565577,0.03944049999699928,1 1 1 1 1 1 1 1 1 1 1 1 2 3 4 5,1 1 1 1 1 1 1 1 1 1 1 1 2 3 4 5,1.0,1
"DTLZ6(5,16), k_tail=10",DTLZ6,16,10,0,gradient_cosine,32,0.01985424998565577,0.04902650002622977,1 1 1 1 1 1 1 1 1 1 1 1 2 3 4 5,1 1 1 1 1 1 1 1 1 1 1 1 2 3 4 5,1.0,1
"DTLZ6(5,16), k_tail=10",DTLZ6,16,10,1,ORCA,32,0.019622916996013373,0.0417522499919869,1 1 1 1 1 1 1 1 1 1 1 1 2 3 4 5,1 1 1 1 1 1 1 1 1 1 1 1 2 3 4 5,1.0,1
"DTLZ6(5,16), k_tail=10",DTLZ6,16,10,1,gradient_cosine,32,0.019622916996013373,0.04834974999539554,1 1 1 1 1 1 1 1 1 1 1 1 2 3 4 5,1 1 1 1 1 1 1 1 1 1 1 1 2 3 4 5,1.0,1
"DTLZ6(5,16), k_tail=10",DTLZ6,16,10,2,ORCA,32,0.020961707981768996,0.03882779198465869,1 1 1 1 1 1 1 1 1 1 1 1 2 3 4 5,1 1 1 1 1 1 1 1 1 1 1 1 2 3 4 5,1.0,1
"DTLZ6(5,16), k_tail=10",DTLZ6,16,10,2,gradient_cosine,32,0.020961707981768996,0.045230999996419996,1 1 1 1 1 1 1 1 1 1 1 1 2 3 4 5,1 1 1 1 1 1 1 1 1 1 1 1 2 3 4 5,1.0,1
"DTLZ6(5,16), k_tail=10",DTLZ6,16,10,3,ORCA,32,0.018029292026767507,0.03616012498969212,1 1 1 1 1 1 1 1 1 1 1 1 2 3 4 5,1 1 1 1 1 1 1 1 1 1 1 1 2 3 4 5,1.0,1
"DTLZ6(5,16), k_tail=10",DTLZ6,16,10,3,gradient_cosine,32,0.018029292026767507,0.04583499999716878,1 1 1 1 1 1 1 1 1 1 1 1 2 3 4 5,1 1 1 1 1 1 1 1 1 1 1 1 2 3 4 5,1.0,1
"DTLZ6(5,16), k_tail=10",DTLZ6,16,10,4,ORCA,32,0.019124124984955415,0.03606741697876714,1 1 1 1 1 1 1 1 1 1 1 1 2 3 4 5,1 1 1 1 1 1 1 1 1 1 1 1 2 3 4 5,1.0,1
"DTLZ6(5,16), k_tail=10",DTLZ6,16,10,4,gradient_cosine,32,0.019124124984955415,0.04927583399694413,1 1 1 1 1 1 1 1 1 1 1 1 2 3 4 5,1 1 1 1 1 1 1 1 1 1 1 1 2 3 4 5,1.0,1
"DTLZ5(5,20), k_tail=100",DTLZ5,20,100,0,ORCA,39,0.06407104199752212,0.07328570800018497,1 1 1 1 1 1 1 1 1 1 1 1 1 1 1 1 2 3 4 5,1 1 1 1 1 1 1 1 1 1 1 1 1 1 1 1 2 3 4 5,1.0,1
"DTLZ5(5,20), k_tail=100",DTLZ5,20,100,0,gradient_cosine,39,0.06407104199752212,0.08697750000283122,1 1 1 1 1 1 1 1 1 1 1 1 1 1 1 1 2 3 4 5,1 1 1 1 1 1 1 1 1 1 1 1 1 1 1 1 2 3 4 5,1.0,1
"DTLZ5(5,20), k_tail=100",DTLZ5,20,100,1,ORCA,39,0.06378620900795795,0.07635637500789016,1 1 1 1 1 1 1 1 1 1 1 1 1 1 1 1 2 3 4 5,1 1 1 1 1 1 1 1 1 1 1 1 1 1 1 1 2 3 4 5,1.0,1
"DTLZ5(5,20), k_tail=100",DTLZ5,20,100,1,gradient_cosine,39,0.06378620900795795,0.09514020799542777,1 1 1 1 1 1 1 1 1 1 1 1 1 1 1 1 2 3 4 5,1 1 1 1 1 1 1 1 1 1 1 1 1 1 1 1 2 3 4 5,1.0,1
"DTLZ5(5,20), k_tail=100",DTLZ5,20,100,2,ORCA,39,0.0679272499983199,0.07701587499468587,1 1 1 1 1 1 1 1 1 1 1 1 1 1 1 1 2 3 4 5,1 1 1 1 1 1 1 1 1 1 1 1 1 1 1 1 2 3 4 5,1.0,1
"DTLZ5(5,20), k_tail=100",DTLZ5,20,100,2,gradient_cosine,39,0.0679272499983199,0.09369300000253133,1 1 1 1 1 1 1 1 1 1 1 1 1 1 1 1 2 3 4 5,1 1 1 1 1 1 1 1 1 1 1 1 1 1 1 1 2 3 4 5,1.0,1
"DTLZ5(5,20), k_tail=100",DTLZ5,20,100,3,ORCA,39,0.06723679101560265,0.08401258301455528,1 1 1 1 1 1 1 1 1 1 1 1 1 1 1 1 2 3 4 5,1 1 1 1 1 1 1 1 1 1 1 1 1 1 1 1 2 3 4 5,1.0,1
"DTLZ5(5,20), k_tail=100",DTLZ5,20,100,3,gradient_cosine,39,0.06723679101560265,0.12202995899133384,1 1 1 1 1 1 1 1 1 1 1 1 1 1 1 1 2 3 4 5,1 1 1 1 1 1 1 1 1 1 1 1 1 1 1 1 2 3 4 5,1.0,1
"DTLZ5(5,20), k_tail=100",DTLZ5,20,100,4,ORCA,39,0.08461037499364465,0.08880754202255048,1 1 1 1 1 1 1 1 1 1 1 1 1 1 1 1 2 3 4 5,1 1 1 1 1 1 1 1 1 1 1 1 1 1 1 1 2 3 4 5,1.0,1
"DTLZ5(5,20), k_tail=100",DTLZ5,20,100,4,gradient_cosine,39,0.08461037499364465,0.10537958398344927,1 1 1 1 1 1 1 1 1 1 1 1 1 1 1 1 2 3 4 5,1 1 1 1 1 1 1 1 1 1 1 1 1 1 1 1 2 3 4 5,1.0,1
"DTLZ6(5,20), k_tail=100",DTLZ6,20,100,0,ORCA,40,0.042289707984309644,0.08047020799131133,1 1 1 1 1 1 1 1 1 1 1 1 1 1 1 1 2 3 4 5,1 1 1 1 1 1 1 1 1 1 1 1 1 1 1 1 2 3 4 5,1.0,1
"DTLZ6(5,20), k_tail=100",DTLZ6,20,100,0,gradient_cosine,40,0.042289707984309644,0.09934858398628421,1 1 1 1 1 1 1 1 1 1 1 1 1 1 1 1 2 3 4 5,1 1 1 1 1 1 1 1 1 1 1 1 1 1 1 1 2 3 4 5,1.0,1
"DTLZ6(5,20), k_tail=100",DTLZ6,20,100,1,ORCA,40,0.03983537500607781,0.08720033301506191,1 1 1 1 1 1 1 1 1 1 1 1 1 1 1 1 2 3 4 5,1 1 1 1 1 1 1 1 1 1 1 1 1 1 1 1 2 3 4 5,1.0,1
"DTLZ6(5,20), k_tail=100",DTLZ6,20,100,1,gradient_cosine,40,0.03983537500607781,0.0988132499915082,1 1 1 1 1 1 1 1 1 1 1 1 1 1 1 1 2 3 4 5,1 1 1 1 1 1 1 1 1 1 1 1 1 1 1 1 2 3 4 5,1.0,1
"DTLZ6(5,20), k_tail=100",DTLZ6,20,100,2,ORCA,40,0.03677541599608958,0.07759762500063516,1 1 1 1 1 1 1 1 1 1 1 1 1 1 1 1 2 3 4 5,1 1 1 1 1 1 1 1 1 1 1 1 1 1 1 1 2 3 4 5,1.0,1
"DTLZ6(5,20), k_tail=100",DTLZ6,20,100,2,gradient_cosine,40,0.03677541599608958,0.0927518329990562,1 1 1 1 1 1 1 1 1 1 1 1 1 1 1 1 2 3 4 5,1 1 1 1 1 1 1 1 1 1 1 1 1 1 1 1 2 3 4 5,1.0,1
"DTLZ6(5,20), k_tail=100",DTLZ6,20,100,3,ORCA,40,0.03597495798021555,0.0821962500049267,1 1 1 1 1 1 1 1 1 1 1 1 1 1 1 1 2 3 4 5,1 1 1 1 1 1 1 1 1 1 1 1 1 1 1 1 2 3 4 5,1.0,1
"DTLZ6(5,20), k_tail=100",DTLZ6,20,100,3,gradient_cosine,40,0.03597495798021555,0.09332325001014397,1 1 1 1 1 1 1 1 1 1 1 1 1 1 1 1 2 3 4 5,1 1 1 1 1 1 1 1 1 1 1 1 1 1 1 1 2 3 4 5,1.0,1
"DTLZ6(5,20), k_tail=100",DTLZ6,20,100,4,ORCA,40,0.036125792015809566,0.07805958300014026,1 1 1 1 1 1 1 1 1 1 1 1 1 1 1 1 2 3 4 5,1 1 1 1 1 1 1 1 1 1 1 1 1 1 1 1 2 3 4 5,1.0,1
"DTLZ6(5,20), k_tail=100",DTLZ6,20,100,4,gradient_cosine,40,0.036125792015809566,0.08527141701779328,1 1 1 1 1 1 1 1 1 1 1 1 1 1 1 1 2 3 4 5,1 1 1 1 1 1 1 1 1 1 1 1 1 1 1 1 2 3 4 5,1.0,1
"DTLZ5(5,20), k_tail=500",DTLZ5,20,500,0,ORCA,39,0.1176940829900559,0.19130254199262708,1 1 1 1 1 1 1 1 1 1 1 1 1 1 1 1 2 3 4 5,1 1 1 1 1 1 1 1 1 1 1 1 1 1 1 1 2 3 4 5,1.0,1
"DTLZ5(5,20), k_tail=500",DTLZ5,20,500,0,gradient_cosine,39,0.1176940829900559,0.09562666600686498,1 1 1 1 1 1 1 1 1 1 1 1 1 1 1 1 2 3 4 5,1 1 1 1 1 1 1 1 1 1 1 1 1 1 1 1 2 3 4 5,1.0,1
"DTLZ5(5,20), k_tail=500",DTLZ5,20,500,1,ORCA,39,0.13823679101187736,0.20770624998840503,1 1 1 1 1 1 1 1 1 1 1 1 1 1 1 1 2 3 4 5,1 1 1 1 1 1 1 1 1 1 1 1 1 1 1 1 2 3 4 5,1.0,1
"DTLZ5(5,20), k_tail=500",DTLZ5,20,500,1,gradient_cosine,39,0.13823679101187736,0.10655158301233314,1 1 1 1 1 1 1 1 1 1 1 1 1 1 1 1 2 3 4 5,1 1 1 1 1 1 1 1 1 1 1 1 1 1 1 1 2 3 4 5,1.0,1
"DTLZ5(5,20), k_tail=500",DTLZ5,20,500,2,ORCA,39,0.14153454199549742,0.17429474997334182,1 1 1 1 1 1 1 1 1 1 1 1 1 1 1 1 2 3 4 5,1 1 1 1 1 1 1 1 1 1 1 1 1 1 1 1 2 3 4 5,1.0,1
"DTLZ5(5,20), k_tail=500",DTLZ5,20,500,2,gradient_cosine,39,0.14153454199549742,0.09975725002004765,1 1 1 1 1 1 1 1 1 1 1 1 1 1 1 1 2 3 4 5,1 1 1 1 1 1 1 1 1 1 1 1 1 1 1 1 2 3 4 5,1.0,1
"DTLZ5(5,20), k_tail=500",DTLZ5,20,500,3,ORCA,39,0.12468508401070721,0.1597968749993015,1 1 1 1 1 1 1 1 1 1 1 1 1 1 1 1 2 3 4 5,1 1 1 1 1 1 1 1 1 1 1 1 1 1 1 1 2 3 4 5,1.0,1
"DTLZ5(5,20), k_tail=500",DTLZ5,20,500,3,gradient_cosine,39,0.12468508401070721,0.10903912500361912,1 1 1 1 1 1 1 1 1 1 1 1 1 1 1 1 2 3 4 5,1 1 1 1 1 1 1 1 1 1 1 1 1 1 1 1 2 3 4 5,1.0,1
"DTLZ5(5,20), k_tail=500",DTLZ5,20,500,4,ORCA,39,0.14381037498242222,0.16516195799340494,1 1 1 1 1 1 1 1 1 1 1 1 1 1 1 1 2 3 4 5,1 1 1 1 1 1 1 1 1 1 1 1 1 1 1 1 2 3 4 5,1.0,1
"DTLZ5(5,20), k_tail=500",DTLZ5,20,500,4,gradient_cosine,39,0.14381037498242222,0.10906375001650304,1 1 1 1 1 1 1 1 1 1 1 1 1 1 1 1 2 3 4 5,1 1 1 1 1 1 1 1 1 1 1 1 1 1 1 1 2 3 4 5,1.0,1
"DTLZ6(5,20), k_tail=500",DTLZ6,20,500,0,ORCA,40,0.08305508398916572,0.1785613749816548,1 1 1 1 1 1 1 1 1 1 1 1 1 1 1 1 2 3 4 5,1 1 1 1 1 1 1 1 1 1 1 1 1 1 1 1 2 3 4 5,1.0,1
"DTLZ6(5,20), k_tail=500",DTLZ6,20,500,0,gradient_cosine,40,0.08305508398916572,0.11461625000811182,1 1 1 1 1 1 1 1 1 1 1 1 1 1 1 1 2 3 4 5,1 1 1 1 1 1 1 1 1 1 1 1 1 1 1 1 2 3 4 5,1.0,1
"DTLZ6(5,20), k_tail=500",DTLZ6,20,500,1,ORCA,40,0.07256712499656714,0.24428616600926034,1 1 1 1 1 1 1 1 1 1 1 1 1 1 1 1 2 3 4 5,1 1 1 1 1 1 1 1 1 1 1 1 1 1 1 1 2 3 4 5,1.0,1
"DTLZ6(5,20), k_tail=500",DTLZ6,20,500,1,gradient_cosine,40,0.07256712499656714,0.1347842910035979,1 1 1 1 1 1 1 1 1 1 1 1 1 1 1 1 2 3 4 5,1 1 1 1 1 1 1 1 1 1 1 1 1 1 1 1 2 3 4 5,1.0,1
"DTLZ6(5,20), k_tail=500",DTLZ6,20,500,2,ORCA,40,0.09391366600175388,0.19278599999961443,1 1 1 1 1 1 1 1 1 1 1 1 1 1 1 1 2 3 4 5,1 1 1 1 1 1 1 1 1 1 1 1 1 1 1 1 2 3 4 5,1.0,1
"DTLZ6(5,20), k_tail=500",DTLZ6,20,500,2,gradient_cosine,40,0.09391366600175388,0.12196187500376254,1 1 1 1 1 1 1 1 1 1 1 1 1 1 1 1 2 3 4 5,1 1 1 1 1 1 1 1 1 1 1 1 1 1 1 1 2 3 4 5,1.0,1
"DTLZ6(5,20), k_tail=500",DTLZ6,20,500,3,ORCA,40,0.07603508300962858,0.18881595798302442,1 1 1 1 1 1 1 1 1 1 1 1 1 1 1 1 2 3 4 5,1 1 1 1 1 1 1 1 1 1 1 1 1 1 1 1 2 3 4 5,1.0,1
"DTLZ6(5,20), k_tail=500",DTLZ6,20,500,3,gradient_cosine,40,0.07603508300962858,0.11236883301171474,1 1 1 1 1 1 1 1 1 1 1 1 1 1 1 1 2 3 4 5,1 1 1 1 1 1 1 1 1 1 1 1 1 1 1 1 2 3 4 5,1.0,1
"DTLZ6(5,20), k_tail=500",DTLZ6,20,500,4,ORCA,40,0.0699924579821527,0.17988666699966416,1 1 1 1 1 1 1 1 1 1 1 1 1 1 1 1 2 3 4 5,1 1 1 1 1 1 1 1 1 1 1 1 1 1 1 1 2 3 4 5,1.0,1
"DTLZ6(5,20), k_tail=500",DTLZ6,20,500,4,gradient_cosine,40,0.0699924579821527,0.09952129100565799,1 1 1 1 1 1 1 1 1 1 1 1 1 1 1 1 2 3 4 5,1 1 1 1 1 1 1 1 1 1 1 1 1 1 1 1 2 3 4 5,1.0,1
