dataset,seed,method,groups,ari,optimized_objectives,hv,igd,runtime_seconds,max_constraint_violation,mean_constraint_violation,num_solutions
"DTLZ5(5,12)",0,full,,,12,1.621317003208409,0.46733360871090046,1.0778553339987411,0.0,0.0,16
"DTLZ5(5,12)",0,ORCA,1 1 1 1 1 1 1 1 2 3 4 5,1.0,5,2.1887013325448113,0.04951590214461786,0.4988083749994985,0.0,0.0,35
"DTLZ5(5,12)",0,objective_value_correlation,1 1 1 1 1 1 1 1 2 3 4 5,1.0,5,2.1887013325448113,0.04951590214461786,0.5233777920002467,0.0,0.0,35
"DTLZ5(5,12)",0,gradient_cosine,1 1 1 1 1 1 1 1 2 3 4 5,1.0,5,2.1887013325448113,0.04951590214461786,0.483600874998956,0.0,0.0,35
"DTLZ5(5,12)",1,full,,,12,1.594499377919045,0.3485885997931612,1.0194042090006405,0.0,0.0,21
"DTLZ5(5,12)",1,ORCA,1 1 1 1 1 1 1 1 2 3 4 5,1.0,5,2.218966938228522,0.082150397156271,0.47971529200003715,0.0,0.0,32
"DTLZ5(5,12)",1,objective_value_correlation,1 1 1 1 1 1 1 1 2 3 4 5,1.0,5,2.218966938228522,0.082150397156271,0.5328015409977525,0.0,0.0,32
"DTLZ5(5,12)",1,gradient_cosine,1 1 1 1 1 1 1 1 2 3 4 5,1.0,5,2.218966938228522,0.082150397156271,0.5076681659993483,0.0,0.0,32
"DTLZ5(5,12)",2,full,,,12,1.741613208077842,0.5244447767133678,1.0021321249951143,0.0,0.0,16
"DTLZ5(5,12)",2,ORCA,1 1 1 1 1 1 1 1 2 3 4 5,1.0,5,2.1726107573711926,0.039875091328734236,0.4843290419958066,0.0,0.0,35
"DTLZ5(5,12)",2,objective_value_correlation,1 1 1 1 1 1 1 1 2 3 4 5,1.0,5,2.1726107573711926,0.039875091328734236,0.4993636669969419,0.0,0.0,35
"DTLZ5(5,12)",2,gradient_cosine,1 1 1 1 1 1 1 1 2 3 4 5,1.0,5,2.1726107573711926,0.039875091328734236,0.529127708003216,0.0,0.0,35
"DTLZ5(5,12)",3,full,,,12,1.8496499271007085,0.516324393192268,1.04768520899961,0.0,0.0,15
"DTLZ5(5,12)",3,ORCA,1 1 1 1 1 1 1 1 2 3 4 5,1.0,5,2.50093511269955,0.03261447994991203,0.49209370899916394,0.0,0.0,34
"DTLZ5(5,12)",3,objective_value_correlation,1 1 1 1 1 1 1 1 2 3 4 5,1.0,5,2.50093511269955,0.03261447994991203,0.4831237090038485,0.0,0.0,34
"DTLZ5(5,12)",3,gradient_cosine,1 1 1 1 1 1 1 1 2 3 4 5,1.0,5,2.50093511269955,0.03261447994991203,0.4842321250034729,0.0,0.0,34
"DTLZ5(5,12)",4,full,,,12,1.6063757548329063,0.5155861802664833,1.0396516670007259,0.0,0.0,14
"DTLZ5(5,12)",4,ORCA,1 1 1 1 1 1 1 1 2 3 4 5,1.0,5,2.331984073376556,0.03783574942722477,0.48973333300091326,0.0,0.0,35
"DTLZ5(5,12)",4,objective_value_correlation,1 1 1 1 1 1 1 1 2 3 4 5,1.0,5,2.331984073376556,0.03783574942722477,0.4719609170060721,0.0,0.0,35
"DTLZ5(5,12)",4,gradient_cosine,1 1 1 1 1 1 1 1 2 3 4 5,1.0,5,2.331984073376556,0.03783574942722477,0.4798542919961619,0.0,0.0,35
"DTLZ5(5,12)",5,full,,,12,1.9002203062177951,0.35176885973261296,1.0343169999978272,0.0,0.0,25
"DTLZ5(5,12)",5,ORCA,1 1 1 1 1 1 1 1 2 3 4 5,1.0,5,2.4940391519108562,0.06880435026041225,0.4833418749985867,0.0,0.0,35
"DTLZ5(5,12)",5,objective_value_correlation,1 1 1 1 1 1 1 1 2 3 4 5,1.0,5,2.4940391519108562,0.06880435026041225,0.479916709002282,0.0,0.0,35
"DTLZ5(5,12)",5,gradient_cosine,1 1 1 1 1 1 1 1 2 3 4 5,1.0,5,2.4940391519108562,0.06880435026041225,0.48414437499741325,0.0,0.0,35
"DTLZ5(5,12)",6,full,,,12,1.5822398920724785,0.4147601403891466,1.022308833002171,0.0,0.0,19
"DTLZ5(5,12)",6,ORCA,1 1 1 1 1 1 1 1 2 3 4 5,1.0,5,2.210155432776302,0.04839413079853422,0.48119320799742127,0.0,0.0,35
"DTLZ5(5,12)",6,objective_value_correlation,1 1 1 1 1 1 1 1 2 3 4 5,1.0,5,2.210155432776302,0.04839413079853422,0.48661591700511053,0.0,0.0,35
"DTLZ5(5,12)",6,gradient_cosine,1 1 1 1 1 1 1 1 2 3 4 5,1.0,5,2.210155432776302,0.04839413079853422,0.4914322499971604,0.0,0.0,35
"DTLZ5(5,12)",7,full,,,12,1.6933414825569868,0.5235812083310873,1.1194980419968488,0.0,0.0,17
"DTLZ5(5,12)",7,ORCA,1 1 1 1 1 1 1 1 2 3 4 5,1.0,5,2.1002031690899097,0.03726865891174375,0.4855351670048549,0.0,0.0,35
"DTLZ5(5,12)",7,objective_value_correlation,1 1 1 1 1 1 1 1 2 3 4 5,1.0,5,2.1002031690899097,0.03726865891174375,0.48747849999926984,0.0,0.0,35
"DTLZ5(5,12)",7,gradient_cosine,1 1 1 1 1 1 1 1 2 3 4 5,1.0,5,2.1002031690899097,0.03726865891174375,0.4788477500042063,0.0,0.0,35
"DTLZ5(5,12)",8,full,,,12,1.8527147985623502,0.38229130505134873,1.1574389999950654,0.0,0.0,24
"DTLZ5(5,12)",8,ORCA,1 1 1 1 1 1 1 1 2 3 4 5,1.0,5,2.4867600821894573,0.0610982142071919,0.6000358749952284,0.0,0.0,35
"DTLZ5(5,12)",8,objective_value_correlation,1 1 1 1 1 1 1 1 2 3 4 5,1.0,5,2.4867600821894573,0.0610982142071919,0.4693996249989141,0.0,0.0,35
"DTLZ5(5,12)",8,gradient_cosine,1 1 1 1 1 1 1 1 2 3 4 5,1.0,5,2.4867600821894573,0.0610982142071919,0.4777993749958114,0.0,0.0,35
"DTLZ5(5,12)",9,full,,,12,1.8603769772164542,0.47024730526148906,1.0246705410027062,0.0,0.0,18
"DTLZ5(5,12)",9,ORCA,1 1 1 1 1 1 1 1 2 3 4 5,1.0,5,2.381405125695527,0.04599865569394322,0.48497512500034645,0.0,0.0,35
"DTLZ5(5,12)",9,objective_value_correlation,1 1 1 1 1 1 1 1 2 3 4 5,1.0,5,2.381405125695527,0.04599865569394322,0.47974783400422893,0.0,0.0,35
"DTLZ5(5,12)",9,gradient_cosine,1 1 1 1 1 1 1 1 2 3 4 5,1.0,5,2.381405125695527,0.04599865569394322,0.4779702500018175,0.0,0.0,35
"DTLZ5(5,12)",10,full,,,12,1.848883709235298,0.4000675402888733,1.029297499997483,0.0,0.0,17
"DTLZ5(5,12)",10,ORCA,1 1 1 1 1 1 1 1 2 3 4 5,1.0,5,2.3304516376457354,0.03912047314877733,0.4859503749976284,0.0,0.0,35
"DTLZ5(5,12)",10,objective_value_correlation,1 1 1 1 1 1 1 1 2 3 4 5,1.0,5,2.3304516376457354,0.03912047314877733,0.4878529579946189,0.0,0.0,35
"DTLZ5(5,12)",10,gradient_cosine,1 1 1 1 1 1 1 1 2 3 4 5,1.0,5,2.3304516376457354,0.03912047314877733,0.49484949999896344,0.0,0.0,35
"DTLZ5(5,12)",11,full,,,12,1.6630758768732758,0.39419659378410515,1.0432673339964822,0.0,0.0,20
"DTLZ5(5,12)",11,ORCA,1 1 1 1 1 1 1 1 2 3 4 5,1.0,5,2.1783573913617706,0.0651520859222732,0.48088791600457625,0.0,0.0,35
"DTLZ5(5,12)",11,objective_value_correlation,1 1 1 1 1 1 1 1 2 3 4 5,1.0,5,2.1783573913617706,0.0651520859222732,0.49014733300282387,0.0,0.0,35
"DTLZ5(5,12)",11,gradient_cosine,1 1 1 1 1 1 1 1 2 3 4 5,1.0,5,2.1783573913617706,0.0651520859222732,0.48519370799476746,0.0,0.0,35
"DTLZ5(5,12)",12,full,,,12,1.7630673083093333,0.6360352799638708,1.1020950419988367,0.0,0.0,14
"DTLZ5(5,12)",12,ORCA,1 1 1 1 1 1 1 1 2 3 4 5,1.0,5,2.15766950899569,0.027171545254019977,0.4796324589988217,0.0,0.0,35
"DTLZ5(5,12)",12,objective_value_correlation,1 1 1 1 1 1 1 1 2 3 4 5,1.0,5,2.15766950899569,0.027171545254019977,0.48439241699816193,0.0,0.0,35
"DTLZ5(5,12)",12,gradient_cosine,1 1 1 1 1 1 1 1 2 3 4 5,1.0,5,2.15766950899569,0.027171545254019977,0.4824112080023042,0.0,0.0,35
"DTLZ5(5,12)",13,full,,,12,1.7040685326727323,0.44124357570717965,1.1349465419989428,0.0,0.0,23
"DTLZ5(5,12)",13,ORCA,1 1 1 1 1 1 1 1 2 3 4 5,1.0,5,2.268771099480198,0.057999278513799456,0.5256057079968741,0.0,0.0,35
"DTLZ5(5,12)",13,objective_value_correlation,1 1 1 1 1 1 1 1 2 3 4 5,1.0,5,2.268771099480198,0.057999278513799456,0.4884945830053766,0.0,0.0,35
"DTLZ5(5,12)",13,gradient_cosine,1 1 1 1 1 1 1 1 2 3 4 5,1.0,5,2.268771099480198,0.057999278513799456,0.4807395419993554,0.0,0.0,35
"DTLZ5(5,12)",14,full,,,12,1.9412129620172516,0.3629180503717868,1.0346570420006174,0.0,0.0,28
"DTLZ5(5,12)",14,ORCA,1 1 1 1 1 1 1 1 2 3 4 5,1.0,5,2.4185666921679316,0.06950189206658755,0.4772922920019482,0.0,0.0,35
"DTLZ5(5,12)",14,objective_value_correlation,1 1 1 1 1 1 1 1 2 3 4 5,1.0,5,2.4185666921679316,0.06950189206658755,0.4917456250041141,0.0,0.0,35
"DTLZ5(5,12)",14,gradient_cosine,1 1 1 1 1 1 1 1 2 3 4 5,1.0,5,2.4185666921679316,0.06950189206658755,0.5096074589964701,0.0,0.0,35
"DTLZ5(5,12)",15,full,,,12,1.6895103932299347,0.4316515663051857,1.0334899590015993,0.0,0.0,20
"DTLZ5(5,12)",15,ORCA,1 1 1 1 1 1 1 1 2 3 4 5,1.0,5,2.2821799121248802,0.05230945772614677,0.47526891700545093,0.0,0.0,35
"DTLZ5(5,12)",15,objective_value_correlation,1 1 1 1 1 1 1 1 2 3 4 5,1.0,5,2.2821799121248802,0.05230945772614677,0.4839737919974141,0.0,0.0,35
"DTLZ5(5,12)",15,gradient_cosine,1 1 1 1 1 1 1 1 2 3 4 5,1.0,5,2.2821799121248802,0.05230945772614677,0.4807461250020424,0.0,0.0,35
"DTLZ5(5,12)",16,full,,,12,1.8661236112070323,0.37316656536441023,1.0215072080027312,0.0,0.0,24
"DTLZ5(5,12)",16,ORCA,1 1 1 1 1 1 1 1 2 3 4 5,1.0,5,2.581771097500347,0.06234724787312224,0.478550791995076,0.0,0.0,35
"DTLZ5(5,12)",16,objective_value_correlation,1 1 1 1 1 1 1 1 2 3 4 5,1.0,5,2.581771097500347,0.06234724787312224,0.48193375000118976,0.0,0.0,35
"DTLZ5(5,12)",16,gradient_cosine,1 1 1 1 1 1 1 1 2 3 4 5,1.0,5,2.581771097500347,0.06234724787312224,0.49893804200110026,0.0,0.0,35
"DTLZ5(5,12)",17,full,,,12,1.619401458544883,0.3529706109095305,1.0206363339966629,0.0,0.0,22
"DTLZ5(5,12)",17,ORCA,1 1 1 1 1 1 1 1 2 3 4 5,1.0,5,2.2354406223348455,0.055294887353394565,0.48738774999947054,0.0,0.0,35
"DTLZ5(5,12)",17,objective_value_correlation,1 1 1 1 1 1 1 1 2 3 4 5,1.0,5,2.2354406223348455,0.055294887353394565,0.4852750840000226,0.0,0.0,35
"DTLZ5(5,12)",17,gradient_cosine,1 1 1 1 1 1 1 1 2 3 4 5,1.0,5,2.2354406223348455,0.055294887353394565,0.4819678749990999,0.0,0.0,35
"DTLZ5(5,12)",18,full,,,12,1.5780256938127213,0.34281501023878935,1.0300764580024406,0.0,0.0,24
"DTLZ5(5,12)",18,ORCA,1 1 1 1 1 1 1 1 2 3 4 5,1.0,5,2.3323671823092615,0.07622928223217963,0.490020999997796,0.0,0.0,35
"DTLZ5(5,12)",18,objective_value_correlation,1 1 1 1 1 1 1 1 2 3 4 5,1.0,5,2.3323671823092615,0.07622928223217963,0.49011620900273556,0.0,0.0,35
"DTLZ5(5,12)",18,gradient_cosine,1 1 1 1 1 1 1 1 2 3 4 5,1.0,5,2.3323671823092615,0.07622928223217963,0.4864008750009816,0.0,0.0,35
"DTLZ5(5,12)",19,full,,,12,1.714412473855773,0.4263430697610939,1.02941083299811,0.0,0.0,21
"DTLZ5(5,12)",19,ORCA,1 1 1 1 1 1 1 1 2 3 4 5,1.0,5,2.3802557988974113,0.050783053438957844,0.48117091599851847,0.0,0.0,35
"DTLZ5(5,12)",19,objective_value_correlation,1 1 1 1 1 1 1 1 2 3 4 5,1.0,5,2.3802557988974113,0.050783053438957844,0.47898199999326607,0.0,0.0,35
"DTLZ5(5,12)",19,gradient_cosine,1 1 1 1 1 1 1 1 2 3 4 5,1.0,5,2.3802557988974113,0.050783053438957844,0.4877171659973101,0.0,0.0,35
"DTLZ6(5,12)",0,full,,,12,2.684444291465341,0.19376547804527589,1.0575627500002156,0.0,0.0,78
"DTLZ6(5,12)",0,ORCA,1 1 1 1 1 1 1 1 2 3 4 5,1.0,5,2.382554452493643,0.3581409402233537,0.4985190420047729,0.0,0.0,35
"DTLZ6(5,12)",0,objective_value_correlation,1 1 1 1 1 1 1 1 2 3 4 5,1.0,5,2.382554452493643,0.3581409402233537,0.484743624998373,0.0,0.0,35
"DTLZ6(5,12)",0,gradient_cosine,1 1 1 1 1 1 1 1 2 3 4 5,1.0,5,2.382554452493643,0.3581409402233537,0.4907652080000844,0.0,0.0,35
"DTLZ6(5,12)",1,full,,,12,2.7660464941315484,0.20312630911155855,1.0578349159986828,0.0,0.0,78
"DTLZ6(5,12)",1,ORCA,1 1 1 1 1 1 1 1 2 3 4 5,1.0,5,2.217434502497701,0.36408601880654773,0.502044916000159,0.0,0.0,35
"DTLZ6(5,12)",1,objective_value_correlation,1 1 1 1 1 1 1 1 2 3 4 5,1.0,5,2.217434502497701,0.36408601880654773,0.49101504199643387,0.0,0.0,35
"DTLZ6(5,12)",1,gradient_cosine,1 1 1 1 1 1 1 1 2 3 4 5,1.0,5,2.217434502497701,0.36408601880654773,0.49805758299771696,0.0,0.0,35
"DTLZ6(5,12)",2,full,,,12,2.8016756248731323,0.20049348120692984,1.0801945420025731,0.0,0.0,78
"DTLZ6(5,12)",2,ORCA,1 1 1 1 1 1 1 1 2 3 4 5,1.0,5,2.3331334001746717,0.3551972876144388,0.4905377920003957,0.0,0.0,35
"DTLZ6(5,12)",2,objective_value_correlation,1 1 1 1 1 1 1 1 2 3 4 5,1.0,5,2.3331334001746717,0.3551972876144388,0.48737995800183853,0.0,0.0,35
"DTLZ6(5,12)",2,gradient_cosine,1 1 1 1 1 1 1 1 2 3 4 5,1.0,5,2.3331334001746717,0.3551972876144388,0.48852624999562977,0.0,0.0,35
"DTLZ6(5,12)",3,full,,,12,2.7775397621127045,0.2051013194567613,1.0890093330017407,0.0,0.0,78
"DTLZ6(5,12)",3,ORCA,1 1 1 1 1 1 1 1 2 3 4 5,1.0,5,2.306698883818013,0.3639163101773876,0.49688420799793676,0.0,0.0,35
"DTLZ6(5,12)",3,objective_value_correlation,1 1 1 1 1 1 1 1 2 3 4 5,1.0,5,2.306698883818013,0.3639163101773876,0.4826500419949298,0.0,0.0,35
"DTLZ6(5,12)",3,gradient_cosine,1 1 1 1 1 1 1 1 2 3 4 5,1.0,5,2.306698883818013,0.3639163101773876,0.4892529589997139,0.0,0.0,35
"DTLZ6(5,12)",4,full,,,12,2.8135520017869933,0.19113156864602582,1.0609824580023997,0.0,0.0,78
"DTLZ6(5,12)",4,ORCA,1 1 1 1 1 1 1 1 2 3 4 5,1.0,5,2.289842090778984,0.3629190715617546,0.5408684170033666,0.0,0.0,34
"DTLZ6(5,12)",4,objective_value_correlation,1 1 1 1 1 1 1 1 2 3 4 5,1.0,5,2.289842090778984,0.3629190715617546,0.5104090419990825,0.0,0.0,34
"DTLZ6(5,12)",4,gradient_cosine,1 1 1 1 1 1 1 1 2 3 4 5,1.0,5,2.289842090778984,0.3629190715617546,0.52281741600018,0.0,0.0,34
"DTLZ6(5,12)",5,full,,,12,2.694405123715676,0.20517940593874423,1.068883542000549,0.0,0.0,78
"DTLZ6(5,12)",5,ORCA,1 1 1 1 1 1 1 1 2 3 4 5,1.0,5,2.2657062280185567,0.359733701167471,0.4941648329986492,0.0,0.0,34
"DTLZ6(5,12)",5,objective_value_correlation,1 1 1 1 1 1 1 1 2 3 4 5,1.0,5,2.2657062280185567,0.359733701167471,0.5560147500000312,0.0,0.0,34
"DTLZ6(5,12)",5,gradient_cosine,1 1 1 1 1 1 1 1 2 3 4 5,1.0,5,2.2657062280185567,0.359733701167471,0.5287789580033859,0.0,0.0,34
"DTLZ6(5,12)",6,full,,,12,2.7181578775433985,0.20138684936278348,1.0728964159934549,0.0,0.0,78
"DTLZ6(5,12)",6,ORCA,1 1 1 1 1 1 1 1 2 3 4 5,1.0,5,2.264173792287736,0.3606279650358492,0.48781700000108685,0.0,0.0,35
"DTLZ6(5,12)",6,objective_value_correlation,1 1 1 1 1 1 1 1 2 3 4 5,1.0,5,2.264173792287736,0.3606279650358492,0.49919745899387635,0.0,0.0,35
"DTLZ6(5,12)",6,gradient_cosine,1 1 1 1 1 1 1 1 2 3 4 5,1.0,5,2.264173792287736,0.3606279650358492,0.48675791699497495,0.0,0.0,35
"DTLZ6(5,12)",7,full,,,12,2.757234988679329,0.21312875988008445,1.0543909589978284,0.0,0.0,78
"DTLZ6(5,12)",7,ORCA,1 1 1 1 1 1 1 1 2 3 4 5,1.0,5,2.2155189578341754,0.36417317216575734,0.4966042089945404,0.0,0.0,34
"DTLZ6(5,12)",7,objective_value_correlation,1 1 1 1 1 1 1 1 2 3 4 5,1.0,5,2.2155189578341754,0.36417317216575734,0.48560116700537037,0.0,0.0,34
"DTLZ6(5,12)",7,gradient_cosine,1 1 1 1 1 1 1 1 2 3 4 5,1.0,5,2.2155189578341754,0.36417317216575734,0.48996454100415576,0.0,0.0,34
"DTLZ6(5,12)",8,full,,,12,2.763364731602612,0.2015920296634104,1.0566661250049947,0.0,0.0,78
"DTLZ6(5,12)",8,ORCA,1 1 1 1 1 1 1 1 2 3 4 5,1.0,5,2.387151759686105,0.35554189484535537,0.4866674579971004,0.0,0.0,34
"DTLZ6(5,12)",8,objective_value_correlation,1 1 1 1 1 1 1 1 2 3 4 5,1.0,5,2.387151759686105,0.35554189484535537,0.48768050000217045,0.0,0.0,34
"DTLZ6(5,12)",8,gradient_cosine,1 1 1 1 1 1 1 1 2 3 4 5,1.0,5,2.387151759686105,0.35554189484535537,0.4865469159994973,0.0,0.0,34
"DTLZ6(5,12)",9,full,,,12,2.771410019189421,0.22087881180478122,1.0666357500012964,0.0,0.0,78
"DTLZ6(5,12)",9,ORCA,1 1 1 1 1 1 1 1 2 3 4 5,1.0,5,2.356886154002394,0.34805065735220525,0.50111016700248,0.0,0.0,35
"DTLZ6(5,12)",9,objective_value_correlation,1 1 1 1 1 1 1 1 2 3 4 5,1.0,5,2.356886154002394,0.34805065735220525,0.49964420899777906,0.0,0.0,35
"DTLZ6(5,12)",9,gradient_cosine,1 1 1 1 1 1 1 1 2 3 4 5,1.0,5,2.356886154002394,0.34805065735220525,0.5051850000018021,0.0,0.0,35
"DTLZ6(5,12)",10,full,,,12,2.715476115014462,0.20095125598111074,1.056163249995734,0.0,0.0,78
"DTLZ6(5,12)",10,ORCA,1 1 1 1 1 1 1 1 2 3 4 5,1.0,5,2.519324341469399,0.35310620570151324,0.4907165420008823,0.0,0.0,35
"DTLZ6(5,12)",10,objective_value_correlation,1 1 1 1 1 1 1 1 2 3 4 5,1.0,5,2.519324341469399,0.35310620570151324,0.4927144160028547,0.0,0.0,35
"DTLZ6(5,12)",10,gradient_cosine,1 1 1 1 1 1 1 1 2 3 4 5,1.0,5,2.519324341469399,0.35310620570151324,0.4884144999959972,0.0,0.0,35
"DTLZ6(5,12)",11,full,,,12,2.739995086707595,0.211287471988735,1.0534067080006935,0.0,0.0,78
"DTLZ6(5,12)",11,ORCA,1 1 1 1 1 1 1 1 2 3 4 5,1.0,5,2.15766950899569,0.36509324496414913,0.5008069579998846,0.0,0.0,32
"DTLZ6(5,12)",11,objective_value_correlation,1 1 1 1 1 1 1 1 2 3 4 5,1.0,5,2.15766950899569,0.36509324496414913,0.5089011250020121,0.0,0.0,32
"DTLZ6(5,12)",11,gradient_cosine,1 1 1 1 1 1 1 1 2 3 4 5,1.0,5,2.15766950899569,0.36509324496414913,0.49868645799870137,0.0,0.0,32
"DTLZ6(5,12)",12,full,,,12,2.766812711996959,0.19759527697054358,1.0504229589932947,0.0,0.0,78
"DTLZ6(5,12)",12,ORCA,1 1 1 1 1 1 1 1 2 3 4 5,1.0,5,2.3457759949539434,0.36176918711935035,0.4930109170018113,0.0,0.0,35
"DTLZ6(5,12)",12,objective_value_correlation,1 1 1 1 1 1 1 1 2 3 4 5,1.0,5,2.3457759949539434,0.36176918711935035,0.4865629159976379,0.0,0.0,35
"DTLZ6(5,12)",12,gradient_cosine,1 1 1 1 1 1 1 1 2 3 4 5,1.0,5,2.3457759949539434,0.36176918711935035,0.4901171669989708,0.0,0.0,35
"DTLZ6(5,12)",13,full,,,12,2.7212227490050402,0.1984650165561734,1.0724747920030495,0.0,0.0,78
"DTLZ6(5,12)",13,ORCA,1 1 1 1 1 1 1 1 2 3 4 5,1.0,5,2.6832949646672253,0.30434010751301244,0.5141560839983867,0.0,0.0,34
"DTLZ6(5,12)",13,objective_value_correlation,1 1 1 1 1 1 1 1 2 3 4 5,1.0,5,2.6832949646672253,0.30434010751301244,0.5375342499974067,0.0,0.0,34
"DTLZ6(5,12)",13,gradient_cosine,1 1 1 1 1 1 1 1 2 3 4 5,1.0,5,2.6832949646672253,0.30434010751301244,0.4823678340035258,0.0,0.0,34
"DTLZ6(5,12)",14,full,,,12,2.774474890651063,0.21976168889961006,1.0586588340011076,0.0,0.0,78
"DTLZ6(5,12)",14,ORCA,1 1 1 1 1 1 1 1 2 3 4 5,1.0,5,2.40592409738866,0.33845292580158,0.516852792003192,0.0,0.0,35
"DTLZ6(5,12)",14,objective_value_correlation,1 1 1 1 1 1 1 1 2 3 4 5,1.0,5,2.40592409738866,0.33845292580158,0.49791825000284007,0.0,0.0,35
"DTLZ6(5,12)",14,gradient_cosine,1 1 1 1 1 1 1 1 2 3 4 5,1.0,5,2.40592409738866,0.33845292580158,0.47837299999810057,0.0,0.0,35
"DTLZ6(5,12)",15,full,,,12,2.745741720698173,0.2007773477248444,1.0518752909993054,0.0,0.0,78
"DTLZ6(5,12)",15,ORCA,1 1 1 1 1 1 1 1 2 3 4 5,1.0,5,2.25344674217199,0.3626383186825802,0.4956297500029905,0.0,0.0,35
"DTLZ6(5,12)",15,objective_value_correlation,1 1 1 1 1 1 1 1 2 3 4 5,1.0,5,2.25344674217199,0.3626383186825802,0.4946713329991326,0.0,0.0,35
"DTLZ6(5,12)",15,gradient_cosine,1 1 1 1 1 1 1 1 2 3 4 5,1.0,5,2.25344674217199,0.3626383186825802,0.5448487079993356,0.0,0.0,35
"DTLZ6(5,12)",16,full,,,12,2.732716016986196,0.19613733257164545,1.0695152080006665,0.0,0.0,78
"DTLZ6(5,12)",16,ORCA,1 1 1 1 1 1 1 1 2 3 4 5,1.0,5,2.2637906833550305,0.36402813355052277,0.48986045899800956,0.0,0.0,33
"DTLZ6(5,12)",16,objective_value_correlation,1 1 1 1 1 1 1 1 2 3 4 5,1.0,5,2.2637906833550305,0.36402813355052277,0.5296947910028393,0.0,0.0,33
"DTLZ6(5,12)",16,gradient_cosine,1 1 1 1 1 1 1 1 2 3 4 5,1.0,5,2.2637906833550305,0.36402813355052277,1.4106622920007794,0.0,0.0,33
"DTLZ6(5,12)",17,full,,,12,2.7656633851988435,0.19976802918216965,1.301220250003098,0.0,0.0,78
"DTLZ6(5,12)",17,ORCA,1 1 1 1 1 1 1 1 2 3 4 5,1.0,5,2.2431028009889498,0.34067696841122974,0.6043612080029561,0.0,0.0,35
"DTLZ6(5,12)",17,objective_value_correlation,1 1 1 1 1 1 1 1 2 3 4 5,1.0,5,2.2431028009889498,0.34067696841122974,0.47722154099756153,0.0,0.0,35
"DTLZ6(5,12)",17,gradient_cosine,1 1 1 1 1 1 1 1 2 3 4 5,1.0,5,2.2431028009889498,0.34067696841122974,0.44297466699936194,0.0,0.0,35
"DTLZ6(5,12)",18,full,,,12,2.762981622669907,0.21896641455965737,0.9515030839975225,0.0,0.0,78
"DTLZ6(5,12)",18,ORCA,1 1 1 1 1 1 1 1 2 3 4 5,1.0,5,2.5062986377574226,0.33250105257810786,0.44981704100064235,0.0,0.0,35
"DTLZ6(5,12)",18,objective_value_correlation,1 1 1 1 1 1 1 1 2 3 4 5,1.0,5,2.5062986377574226,0.33250105257810786,0.4374748330010334,0.0,0.0,35
"DTLZ6(5,12)",18,gradient_cosine,1 1 1 1 1 1 1 1 2 3 4 5,1.0,5,2.5062986377574226,0.33250105257810786,0.43726045900257304,0.0,0.0,35
"DTLZ6(5,12)",19,full,,,12,2.7296511455245542,0.2017713138105984,3.9333270420029294,0.0,0.0,78
"DTLZ6(5,12)",19,ORCA,1 1 1 1 1 1 1 1 2 3 4 5,1.0,5,2.2538298511046952,0.36487926390838527,4.821914582993486,0.0,0.0,35
"DTLZ6(5,12)",19,objective_value_correlation,1 1 1 1 1 1 1 1 2 3 4 5,1.0,5,2.2538298511046952,0.36487926390838527,0.33915341700048884,0.0,0.0,35
"DTLZ6(5,12)",19,gradient_cosine,1 1 1 1 1 1 1 1 2 3 4 5,1.0,5,2.2538298511046952,0.36487926390838527,0.38408433299628086,0.0,0.0,35
"Constrained-DTLZ6(5,12)",0,full,,,12,2.7204565311396296,0.203533948197138,0.633934165998653,0.0,0.0,78
"Constrained-DTLZ6(5,12)",0,ORCA,1 1 1 1 1 1 1 1 2 3 4 5,1.0,5,2.2599595940279786,0.3687772968419107,0.2895757500009495,0.0,0.0,35
"Constrained-DTLZ6(5,12)",0,objective_value_correlation,1 1 1 1 1 1 1 1 2 3 4 5,1.0,5,2.2599595940279786,0.3687772968419107,0.2898364170032437,0.0,0.0,35
"Constrained-DTLZ6(5,12)",0,gradient_cosine,1 1 1 1 1 1 1 1 2 3 4 5,1.0,5,2.2599595940279786,0.3687772968419107,0.2926113329958753,0.0,0.0,35
"Constrained-DTLZ6(5,12)",1,full,,,12,2.715476115014462,0.2012158293493074,0.623080540994124,0.0,0.0,78
"Constrained-DTLZ6(5,12)",1,ORCA,1 1 1 1 1 1 1 1 2 3 4 5,1.0,5,2.5181750146712836,0.3378179888694333,0.2883812910004053,0.0,0.0,35
"Constrained-DTLZ6(5,12)",1,objective_value_correlation,1 1 1 1 1 1 1 1 2 3 4 5,1.0,5,2.5181750146712836,0.3378179888694333,0.28819762500643265,0.0,0.0,35
"Constrained-DTLZ6(5,12)",1,gradient_cosine,1 1 1 1 1 1 1 1 2 3 4 5,1.0,5,2.5181750146712836,0.3378179888694333,0.29426670799875865,0.0,0.0,35
"Constrained-DTLZ6(5,12)",2,full,,,12,2.709729481023884,0.19693555334588536,0.6243749999994179,0.0,0.0,78
"Constrained-DTLZ6(5,12)",2,ORCA,1 1 1 1 1 1 1 1 2 3 4 5,1.0,5,2.4246964350912146,0.36073724317515976,0.2982550410015392,0.0,0.0,35
"Constrained-DTLZ6(5,12)",2,objective_value_correlation,1 1 1 1 1 1 1 1 2 3 4 5,1.0,5,2.4246964350912146,0.36073724317515976,0.2896642499981681,0.0,0.0,35
"Constrained-DTLZ6(5,12)",2,gradient_cosine,1 1 1 1 1 1 1 1 2 3 4 5,1.0,5,2.4246964350912146,0.36073724317515976,0.2901271659939084,0.0,0.0,35
"Constrained-DTLZ6(5,12)",3,full,,,12,2.720839640072335,0.2052715314914423,0.631805417004216,0.0,0.0,78
"Constrained-DTLZ6(5,12)",3,ORCA,1 1 1 1 1 1 1 1 2 3 4 5,1.0,5,2.3764247095703595,0.35580927783938343,0.2913695840034052,0.0,0.0,34
"Constrained-DTLZ6(5,12)",3,objective_value_correlation,1 1 1 1 1 1 1 1 2 3 4 5,1.0,5,2.3764247095703595,0.35580927783938343,0.2894392500020331,0.0,0.0,34
"Constrained-DTLZ6(5,12)",3,gradient_cosine,1 1 1 1 1 1 1 1 2 3 4 5,1.0,5,2.3764247095703595,0.35580927783938343,0.2924977500006207,0.0,0.0,34
"Constrained-DTLZ6(5,12)",4,full,,,12,2.7871174854303344,0.1906037179124997,0.6339597080004751,0.0,0.0,78
"Constrained-DTLZ6(5,12)",4,ORCA,1 1 1 1 1 1 1 1 2 3 4 5,1.0,5,2.134682973033378,0.3831859562398256,0.29154625000228407,0.0,0.0,34
"Constrained-DTLZ6(5,12)",4,objective_value_correlation,1 1 1 1 1 1 1 1 2 3 4 5,1.0,5,2.134682973033378,0.3831859562398256,0.29558287499821745,0.0,0.0,34
"Constrained-DTLZ6(5,12)",4,gradient_cosine,1 1 1 1 1 1 1 1 2 3 4 5,1.0,5,2.134682973033378,0.3831859562398256,0.29128354199929163,0.0,0.0,34
"Constrained-DTLZ6(5,12)",5,full,,,12,2.707813936360358,0.2209720706637103,0.6312662920026924,0.0,0.0,78
"Constrained-DTLZ6(5,12)",5,ORCA,1 1 1 1 1 1 1 1 2 3 4 5,1.0,5,2.419716018966047,0.3406394079689752,0.2948278750045574,0.0,0.0,35
"Constrained-DTLZ6(5,12)",5,objective_value_correlation,1 1 1 1 1 1 1 1 2 3 4 5,1.0,5,2.419716018966047,0.3406394079689752,0.2890189579993603,0.0,0.0,35
"Constrained-DTLZ6(5,12)",5,gradient_cosine,1 1 1 1 1 1 1 1 2 3 4 5,1.0,5,2.419716018966047,0.3406394079689752,0.2908846659993287,0.0,0.0,35
"Constrained-DTLZ6(5,12)",6,full,,,12,2.7338653437843115,0.19836441472013225,0.6377766250006971,0.0,0.0,78
"Constrained-DTLZ6(5,12)",6,ORCA,1 1 1 1 1 1 1 1 2 3 4 5,1.0,5,2.238122384863782,0.363956297314831,0.2910336249988177,0.0,0.0,35
"Constrained-DTLZ6(5,12)",6,objective_value_correlation,1 1 1 1 1 1 1 1 2 3 4 5,1.0,5,2.238122384863782,0.363956297314831,0.2907081660014228,0.0,0.0,35
"Constrained-DTLZ6(5,12)",6,gradient_cosine,1 1 1 1 1 1 1 1 2 3 4 5,1.0,5,2.238122384863782,0.363956297314831,0.2928207500008284,0.0,0.0,35
"Constrained-DTLZ6(5,12)",7,full,,,12,2.6936389058502654,0.21214689204918136,0.632194999998319,0.0,0.0,78
"Constrained-DTLZ6(5,12)",7,ORCA,1 1 1 1 1 1 1 1 2 3 4 5,1.0,5,2.525837193325388,0.35593541335218754,0.29701725000631995,0.0,0.0,35
"Constrained-DTLZ6(5,12)",7,objective_value_correlation,1 1 1 1 1 1 1 1 2 3 4 5,1.0,5,2.525837193325388,0.35593541335218754,0.3095384580010432,0.0,0.0,35
"Constrained-DTLZ6(5,12)",7,gradient_cosine,1 1 1 1 1 1 1 1 2 3 4 5,1.0,5,2.525837193325388,0.35593541335218754,0.29141325000091456,0.0,0.0,35
"Constrained-DTLZ6(5,12)",8,full,,,12,2.7365471063132483,0.19770402880865526,0.6329590410023229,0.0,0.0,78
"Constrained-DTLZ6(5,12)",8,ORCA,1 1 1 1 1 1 1 1 2 3 4 5,1.0,5,2.469137071285018,0.35846206461802715,0.288964291998127,0.0,0.0,35
"Constrained-DTLZ6(5,12)",8,objective_value_correlation,1 1 1 1 1 1 1 1 2 3 4 5,1.0,5,2.469137071285018,0.35846206461802715,0.29075091700360645,0.0,0.0,35
"Constrained-DTLZ6(5,12)",8,gradient_cosine,1 1 1 1 1 1 1 1 2 3 4 5,1.0,5,2.469137071285018,0.35846206461802715,0.29360199999791803,0.0,0.0,35
"Constrained-DTLZ6(5,12)",9,full,,,12,2.8104871303253516,0.19821865366552857,0.6352814170022612,0.0,0.0,78
"Constrained-DTLZ6(5,12)",9,ORCA,1 1 1 1 1 1 1 1 2 3 4 5,1.0,5,2.274517733470776,0.3665040159722251,0.29033804099890403,0.0,0.0,35
"Constrained-DTLZ6(5,12)",9,objective_value_correlation,1 1 1 1 1 1 1 1 2 3 4 5,1.0,5,2.274517733470776,0.3665040159722251,0.2967359589965781,0.0,0.0,35
"Constrained-DTLZ6(5,12)",9,gradient_cosine,1 1 1 1 1 1 1 1 2 3 4 5,1.0,5,2.274517733470776,0.3665040159722251,0.3190022080016206,0.0,0.0,35
"Constrained-DTLZ6(5,12)",10,full,,,12,2.7591505333428548,0.2178710111537239,0.7194268750026822,0.0,0.0,78
"Constrained-DTLZ6(5,12)",10,ORCA,1 1 1 1 1 1 1 1 2 3 4 5,1.0,5,2.3400293609633653,0.34877084142511544,0.2996048749992042,0.0,0.0,35
"Constrained-DTLZ6(5,12)",10,objective_value_correlation,1 1 1 1 1 1 1 1 2 3 4 5,1.0,5,2.3400293609633653,0.34877084142511544,0.29120187499938766,0.0,0.0,35
"Constrained-DTLZ6(5,12)",10,gradient_cosine,1 1 1 1 1 1 1 1 2 3 4 5,1.0,5,2.3400293609633653,0.34877084142511544,0.2921055830011028,0.0,0.0,35
"Constrained-DTLZ6(5,12)",11,full,,,12,2.8219803983065077,0.1995229714478478,0.6288703329992131,0.0,0.0,78
"Constrained-DTLZ6(5,12)",11,ORCA,1 1 1 1 1 1 1 1 2 3 4 5,1.0,5,2.236206840200256,0.37657345350070226,0.3008773330002441,0.0,0.0,35
"Constrained-DTLZ6(5,12)",11,objective_value_correlation,1 1 1 1 1 1 1 1 2 3 4 5,1.0,5,2.236206840200256,0.37657345350070226,0.30861566600651713,0.0,0.0,35
"Constrained-DTLZ6(5,12)",11,gradient_cosine,1 1 1 1 1 1 1 1 2 3 4 5,1.0,5,2.236206840200256,0.37657345350070226,0.3085657080009696,0.0,0.0,35
"Constrained-DTLZ6(5,12)",12,full,,,12,2.7491897010925195,0.20932035544900537,0.6473155830026371,0.0,0.0,78
"Constrained-DTLZ6(5,12)",12,ORCA,1 1 1 1 1 1 1 1 2 3 4 5,1.0,5,2.260725811893389,0.3603962223436621,0.2933396250009537,0.0,0.0,35
"Constrained-DTLZ6(5,12)",12,objective_value_correlation,1 1 1 1 1 1 1 1 2 3 4 5,1.0,5,2.260725811893389,0.3603962223436621,0.29330716600088635,0.0,0.0,35
"Constrained-DTLZ6(5,12)",12,gradient_cosine,1 1 1 1 1 1 1 1 2 3 4 5,1.0,5,2.260725811893389,0.3603962223436621,0.29218520800350234,0.0,0.0,35
"Constrained-DTLZ6(5,12)",13,full,,,12,2.7300342544572596,0.22561916341758512,0.6368711670002085,0.0,0.0,78
"Constrained-DTLZ6(5,12)",13,ORCA,1 1 1 1 1 1 1 1 2 3 4 5,1.0,5,2.2886927639808685,0.34779363313163714,0.29060395900160074,0.0,0.0,34
"Constrained-DTLZ6(5,12)",13,objective_value_correlation,1 1 1 1 1 1 1 1 2 3 4 5,1.0,5,2.2886927639808685,0.34779363313163714,0.2899221670013503,0.0,0.0,34
"Constrained-DTLZ6(5,12)",13,gradient_cosine,1 1 1 1 1 1 1 1 2 3 4 5,1.0,5,2.2886927639808685,0.34779363313163714,0.2880721250039642,0.0,0.0,34
"Constrained-DTLZ6(5,12)",14,full,,,12,2.757234988679329,0.1968488861537983,0.6447821250039851,0.0,0.0,78
"Constrained-DTLZ6(5,12)",14,ORCA,1 1 1 1 1 1 1 1 2 3 4 5,1.0,5,2.218966938228522,0.37283170601683213,0.3198668330005603,0.0,0.0,31
"Constrained-DTLZ6(5,12)",14,objective_value_correlation,1 1 1 1 1 1 1 1 2 3 4 5,1.0,5,2.218966938228522,0.37283170601683213,0.32378824999614153,0.0,0.0,31
"Constrained-DTLZ6(5,12)",14,gradient_cosine,1 1 1 1 1 1 1 1 2 3 4 5,1.0,5,2.218966938228522,0.37283170601683213,0.2998134579975158,0.0,0.0,31
"Constrained-DTLZ6(5,12)",15,full,,,12,2.7472741564289938,0.2032758827980961,0.6833918749980512,0.0,0.0,78
"Constrained-DTLZ6(5,12)",15,ORCA,1 1 1 1 1 1 1 1 2 3 4 5,1.0,5,2.484461428593226,0.30127457305863115,0.29498783300368814,0.0,0.0,35
"Constrained-DTLZ6(5,12)",15,objective_value_correlation,1 1 1 1 1 1 1 1 2 3 4 5,1.0,5,2.484461428593226,0.30127457305863115,0.2903290829999605,0.0,0.0,35
"Constrained-DTLZ6(5,12)",15,gradient_cosine,1 1 1 1 1 1 1 1 2 3 4 5,1.0,5,2.484461428593226,0.30127457305863115,0.2905065410013776,0.0,0.0,35
"Constrained-DTLZ6(5,12)",16,full,,,12,2.7239045115339766,0.1991794750890391,0.6244317500022589,0.0,0.0,78
"Constrained-DTLZ6(5,12)",16,ORCA,1 1 1 1 1 1 1 1 2 3 4 5,1.0,5,2.4971040233724975,0.3552809978172946,0.29008574999897974,0.0,0.0,35
"Constrained-DTLZ6(5,12)",16,objective_value_correlation,1 1 1 1 1 1 1 1 2 3 4 5,1.0,5,2.4971040233724975,0.3552809978172946,0.2901987500008545,0.0,0.0,35
"Constrained-DTLZ6(5,12)",16,gradient_cosine,1 1 1 1 1 1 1 1 2 3 4 5,1.0,5,2.4971040233724975,0.3552809978172946,0.29213766699831467,0.0,0.0,35
"Constrained-DTLZ6(5,12)",17,full,,,12,2.6936389058502654,0.19905935142804795,0.6326123749968247,0.0,0.0,78
"Constrained-DTLZ6(5,12)",17,ORCA,1 1 1 1 1 1 1 1 2 3 4 5,1.0,5,2.4649228730252606,0.35744813881595644,0.29416541699902155,0.0,0.0,35
"Constrained-DTLZ6(5,12)",17,objective_value_correlation,1 1 1 1 1 1 1 1 2 3 4 5,1.0,5,2.4649228730252606,0.35744813881595644,0.29675379199761664,0.0,0.0,35
"Constrained-DTLZ6(5,12)",17,gradient_cosine,1 1 1 1 1 1 1 1 2 3 4 5,1.0,5,2.4649228730252606,0.35744813881595644,0.3033964170026593,0.0,0.0,35
"Constrained-DTLZ6(5,12)",18,full,,,12,2.712794352485526,0.19315431806302316,0.6661377909986186,0.0,0.0,78
"Constrained-DTLZ6(5,12)",18,ORCA,1 1 1 1 1 1 1 1 2 3 4 5,1.0,5,2.2833292389229958,0.358625255723776,0.3120635829982348,0.0,0.0,35
"Constrained-DTLZ6(5,12)",18,objective_value_correlation,1 1 1 1 1 1 1 1 2 3 4 5,1.0,5,2.2833292389229958,0.358625255723776,0.2981516669970006,0.0,0.0,35
"Constrained-DTLZ6(5,12)",18,gradient_cosine,1 1 1 1 1 1 1 1 2 3 4 5,1.0,5,2.2833292389229958,0.358625255723776,0.2906412080046721,0.0,0.0,35
"Constrained-DTLZ6(5,12)",19,full,,,12,2.807039149931005,0.2019965800055264,0.6261676249996526,0.0,0.0,78
"Constrained-DTLZ6(5,12)",19,ORCA,1 1 1 1 1 1 1 1 2 3 4 5,1.0,5,2.2749008424034813,0.35164215098227,0.2903210419972311,0.0,0.0,35
"Constrained-DTLZ6(5,12)",19,objective_value_correlation,1 1 1 1 1 1 1 1 2 3 4 5,1.0,5,2.2749008424034813,0.35164215098227,0.2935380420021829,0.0,0.0,35
"Constrained-DTLZ6(5,12)",19,gradient_cosine,1 1 1 1 1 1 1 1 2 3 4 5,1.0,5,2.2749008424034813,0.35164215098227,0.2900377919941093,0.0,0.0,35
