dataset,method,optimized_objectives,ari,hv_mean,hv_std,igd_mean,igd_std,runtime_mean,runtime_std,max_constraint_violation,mean_constraint_violation,num_seeds
"Constrained-DTLZ6(5,12)",ORCA,5,1.0,2.349530462494454,0.11746664268930043,0.35612309675039183,0.017075098996772446,0.2953612624507514,0.008007931067647509,0.0,0.0,20
"Constrained-DTLZ6(5,12)",full,12,,2.7419106313711206,0.038307061989619355,0.20354073176045873,0.00924256687323886,0.6413320353003655,0.02342100631244464,0.0,0.0,20
"Constrained-DTLZ6(5,12)",gradient_cosine,5,1.0,2.349530462494454,0.11746664268930043,0.35612309675039183,0.017075098996772446,0.29479855399986266,0.00752490749157057,0.0,0.0,20
"Constrained-DTLZ6(5,12)",objective_value_correlation,5,1.0,2.349530462494454,0.11746664268930043,0.35612309675039183,0.017075098996772446,0.2952639666506002,0.008988712421984115,0.0,0.0,20
"DTLZ5(5,12)",ORCA,5,1.0,2.312579605935038,0.13434978371593753,0.052973241670392204,0.014965014451828455,0.4920764562994009,0.02760410513235669,0.0,0.0,20
"DTLZ5(5,12)",full,12,,1.7345065373761606,0.11797375022705008,0.43381671200683447,0.07829378540443754,1.0512173105991678,0.04323757141279077,0.0,0.0,20
"DTLZ5(5,12)",gradient_cosine,5,1.0,2.312579605935038,0.13434978371593753,0.052973241670392204,0.014965014451828455,0.48916243329949793,0.013145272486368023,0.0,0.0,20
"DTLZ5(5,12)",objective_value_correlation,5,1.0,2.312579605935038,0.13434978371593753,0.052973241670392204,0.014965014451828455,0.4888349981007195,0.015069564608421817,0.0,0.0,20
"DTLZ6(5,12)",ORCA,5,1.0,2.3325778922222495,0.12440972886310689,0.35399362135902757,0.015116299418807102,0.7186172188001365,0.9662563767774967,0.0,0.0,20
"DTLZ6(5,12)",full,12,,2.750128317977647,0.033216246812863476,0.20406325806807218,0.008486357234250062,1.2131812104500568,0.6431310783371598,0.0,0.0,20
"DTLZ6(5,12)",gradient_cosine,5,1.0,2.3325778922222495,0.12440972886310689,0.35399362135902757,0.015116299418807102,0.5322221082995384,0.20955563861934648,0.0,0.0,20
"DTLZ6(5,12)",objective_value_correlation,5,1.0,2.3325778922222495,0.12440972886310689,0.35399362135902757,0.015116299418807102,0.4893091332996846,0.04293803350377241,0.0,0.0,20
