seed_objective,step,objective,random_weight,descent_x1,descent_x2,descent_x3,normal_dot_descent,projected_x1,projected_x2,projected_x3,projected_norm,unit_projected_x1,unit_projected_x2,unit_projected_x3
1,1,1,0.32018269515620323,1.0,-0.0,-0.0,1.0,0.0,0.0,0.0,0.0,0.0,0.0,0.0
1,1,2,0.938582363311554,0.9987270546534338,0.050440760336032016,-0.0,0.9987270546534338,-1.1102230246251565e-16,0.050440760336032016,0.0,0.050440760336032016,-2.2010433967072383e-15,1.0,0.0
1,1,3,0.5501748910470424,-1.0,-0.0,-0.0,-1.0,0.0,-0.0,-0.0,0.0,0.0,0.0,0.0
1,1,4,0.9475566588373514,-0.0,-0.0,1.0,0.0,-0.0,0.0,1.0,1.0,-0.0,0.0,1.0
1,2,1,0.3890321538110373,1.0,-0.0,-0.0,0.9169293797046135,0.15924051263451267,-0.008529890249922357,-0.365800782862386,0.39904951150767315,0.3990495115076734,-0.02137551858588941,-0.9166801920902794
1,2,2,0.19961796743719895,0.9987270546534338,0.050440760336032016,-0.0,0.9162314124004789,0.15860755401518067,0.041917363044710484,-0.365522335043049,0.4006494713969101,0.3958761095133293,0.10462353263205569,-0.9123245159131589
1,2,3,0.029641613830161062,-1.0,-0.0,-0.0,-0.9169293797046135,-0.15924051263451267,0.008529890249922357,0.365800782862386,0.39904951150767315,-0.3990495115076734,0.02137551858588941,0.9166801920902794
1,2,4,0.7334340020154166,-0.0,-0.0,1.0,0.3989410645563869,-0.36580078286238604,-0.003711216558410871,0.8408460270106167,0.9169765684087117,-0.3989205345750368,-0.004047231615581174,0.9169765684087118
1,3,1,0.4582876643771978,1.0,-0.0,-0.0,0.7627666380030385,0.41818705594954153,-0.006715932209604124,-0.4932155091239048,0.6466738404710226,0.6466738404710225,-0.010385346969830093,-0.762695934576011
1,3,2,0.624653046196999,0.9987270546534338,0.050440760336032016,-0.0,0.7622397935755798,0.41731596995565867,0.04372946683410536,-0.4928748441949844,0.647294752867546,0.6447077905497139,0.06755727068755274,-0.761438034236375
1,3,3,0.8572815168978579,-1.0,-0.0,-0.0,-0.7627666380030385,-0.41818705594954153,0.006715932209604124,0.4932155091239048,0.6466738404710226,-0.6466738404710225,0.010385346969830093,0.762695934576011
1,3,4,0.678644157491668,-0.0,-0.0,1.0,0.6466138980791921,-0.49321550912390477,-0.005693242059795521,0.5818904668108322,0.7628174531372708,-0.6465708238523346,-0.007463439695015747,0.7628174531372707
1,4,1,0.7083231638053525,1.0,-0.0,-0.0,0.6986609943929081,0.5118728149139129,-0.008972624808657657,-0.4997784791985976,0.7154528739993382,0.7154528739993382,-0.012541182144536268,-0.6985484262644249
1,4,2,0.8467332663247454,0.9987270546534338,0.050440760336032016,-0.0,0.698419427720969,0.5107686427785758,0.04147123787190336,-0.49960567747516416,0.7156886913888706,0.7136743236607169,0.05794591750698755,-0.6980768083754765
1,4,3,0.8641554542309947,-1.0,-0.0,-0.0,-0.6986609943929081,-0.5118728149139129,0.008972624808657657,0.4997784791985976,0.7154528739993382,-0.7154528739993382,0.012541182144536268,0.6985484262644249
1,4,4,0.7409595739969845,-0.0,-0.0,1.0,0.7153376003663597,-0.4997784791985976,-0.00918679581531536,0.4882921175020982,0.698779019076917,-0.7152167789164621,-0.013146925658201735,0.6987790190769169
1,5,1,0.29465470471064614,1.0,-0.0,-0.0,0.6953515617302971,0.516486205599237,-0.011908564418239818,-0.49958621990446883,0.7186697472408567,0.7186697472408569,-0.0165702876237098,-0.6951540980018966
1,5,2,0.6307228088335392,0.9987270546534338,0.050440760336032016,-0.0,0.6953302637399977,0.5152280698434871,0.0385325606663646,-0.49957091802977577,0.7186903535788312,0.7168985464711308,0.05361496849719171,-0.6951128751653395
1,5,3,0.7387391607657152,-1.0,-0.0,-0.0,-0.6953515617302971,-0.516486205599237,0.011908564418239818,0.49958621990446883,0.7186697472408567,-0.7186697472408569,0.0165702876237098,0.6951540980018966
1,5,4,0.17230333540622733,-0.0,-0.0,1.0,0.7184656616881824,-0.49958621990446883,-0.012304415615630058,0.48380709297496227,0.6955624292433874,-0.7182478508045701,-0.017689879582792365,0.6955624292433874
1,6,1,0.2967788977372836,1.0,-0.0,-0.0,0.6985655582774813,0.5120061607884708,-0.016824938392672677,-0.499572590872642,0.7155460577688,0.7155460577688,-0.023513424761413444,-0.6981697201021528
1,6,2,0.8608032015332899,0.9987270546534338,0.050440760336032016,-0.0,0.6988911872691494,0.5105057422435486,0.03360797917519139,-0.49980546138436893,0.7152280114463628,0.7137664270323856,0.046989181963424484,-0.698805770167813
1,6,3,0.3973272916225544,-1.0,-0.0,-0.0,-0.6985655582774813,-0.5120061607884708,0.016824938392672677,0.499572590872642,0.7155460577688,-0.7155460577688,0.023513424761413444,0.6981697201021528
1,6,4,0.12297755088437823,-0.0,-0.0,1.0,0.7151405976906234,-0.499572590872642,-0.01722414790662278,0.48857392553469803,0.6989806331613903,-0.7147159265531379,-0.024641809929297185,0.6989806331613903
1,7,1,0.7193053127975102,1.0,-0.0,-0.0,0.8239185535418041,0.32115821712958104,-0.029235359972435288,-0.4660052686687266,0.5667082292763896,0.5667082292763896,-0.05158802795181732,-0.8223019264494408
1,7,2,0.6252678354142759,0.9987270546534338,0.050440760336032016,-0.0,0.8246595555431829,0.3192747464858673,0.021179107157602666,-0.4664243766439654,0.5656293993873724,0.56445924987575,0.03744343412938144,-0.8246112687019893
1,7,3,0.8209600936120705,-1.0,-0.0,-0.0,-0.8239185535418041,-0.32115821712958104,0.029235359972435288,0.4660052686687266,0.5667082292763896,-0.5667082292763896,0.05158802795181732,0.8223019264494408
1,7,4,0.05445754636409528,-0.0,-0.0,1.0,0.5655962797117449,-0.4660052686687266,-0.02006922985938571,0.6801008483762336,0.8246822711664376,-0.5650724951436203,-0.02433571153530392,0.8246822711664376
1,8,1,0.7912074125059682,1.0,-0.0,-0.0,0.8785208190297968,0.2282011705312148,-0.035890241873037444,-0.41813548861307265,0.47770406166497553,0.47770406166497564,-0.07513070277850822,-0.8753023517441231
1,8,2,0.3975962992833192,0.9987270546534338,0.050440760336032016,-0.0,0.8794631681948136,0.22610035182438604,0.014512020639461304,-0.41858400345759683,0.4759669482104201,0.47503372382157383,0.030489555407207998,-0.8794392237348068
1,8,3,0.18345510397989218,-1.0,-0.0,-0.0,-0.8785208190297968,-0.2282011705312148,0.035890241873037444,0.41813548861307265,0.47770406166497553,-0.47770406166497564,0.07513070277850822,0.8753023517441231
1,8,4,0.17416808965674357,-0.0,-0.0,1.0,0.47595398942832645,-0.41813548861307265,-0.01944416504538223,0.7734677999472606,0.8794701813860778,-0.4754402110075813,-0.02210895315943231,0.8794701813860778
1,9,1,0.21508214233991207,1.0,-0.0,-0.0,0.9649543700367124,0.06886306374705153,-0.03483908937192024,-0.2508130380386084,0.2624177275777144,0.2624177275777144,-0.13276195054925444,-0.955777798831562
1,9,2,0.9525311666743481,0.9987270546534338,0.050440760336032016,-0.0,0.9655471687690439,0.06701809467316988,0.015580268327203182,-0.2509671195740864,0.2602281016379349,0.25753596268559287,0.05987158277348767,-0.9644120600136658
1,9,3,0.667757239604352,-1.0,-0.0,-0.0,-0.9649543700367124,-0.06886306374705153,0.03483908937192024,0.2508130380386084,0.2624177275777144,-0.2624177275777144,0.13276195054925444,0.955777798831562
1,9,4,0.12545370565737646,-0.0,-0.0,1.0,0.25992217438122595,-0.2508130380386083,-0.009384331678467703,0.9324404632649356,0.9656295683464418,-0.25974042869058395,-0.009718355760933843,0.9656295683464419
1,10,1,0.8658808559013594,1.0,-0.0,-0.0,0.9660550594105097,0.06673762218735646,-0.043444236061360705,-0.24575660789728332,0.25833625798047904,0.25833625798047843,-0.16816933248542887,-0.951305131608176
1,10,2,0.7406142877269001,0.9987270546534338,0.050440760336032016,-0.0,0.9670936837502068,0.06446130854259913,0.006949816542484277,-0.2460208255442146,0.25442053150336597,0.253365198797827,0.027316256677155523,-0.9669849523954781
1,10,3,0.5521401969324086,-1.0,-0.0,-0.0,-0.9660550594105097,-0.06673762218735646,0.043444236061360705,0.24575660789728332,0.25833625798047904,-0.25833625798047843,0.16816933248542887,0.951305131608176
1,10,4,0.8676708760147076,-0.0,-0.0,1.0,0.25439192673681027,-0.24575660789728332,-0.011440199820497035,0.9352847476111333,0.9671012085666801,-0.25411674157817865,-0.01182937185804194,0.9671012085666801
1,11,1,0.7092596572213655,1.0,-0.0,-0.0,0.8905638162759156,0.20689608914007718,-0.034165551199125635,-0.4036369811475138,0.4548583176551543,0.45485831765515417,-0.07511251278255807,-0.8873905686243306
1,11,2,0.8269518951751795,0.9987270546534338,0.050440760336032016,-0.0,0.8913652843280263,0.20490938534640013,0.01624446165169712,-0.4040002365809008,0.4532857044898027,0.45205349146635143,0.03583713646999111,-0.8912706325817723
1,11,3,0.0019338794710448415,-1.0,-0.0,-0.0,-0.8905638162759156,-0.20689608914007718,0.034165551199125635,0.4036369811475138,0.4548583176551543,-0.45485831765515417,0.07511251278255807,0.8873905686243306
1,11,4,0.49018412811384837,-0.0,-0.0,1.0,0.4532375712673896,-0.4036369811475138,-0.017387986311028985,0.7945757039916379,0.8913897598646946,-0.45281761056889686,-0.0195066031650042,0.8913897598646946
1,12,1,0.7693168128978805,1.0,-0.0,-0.0,0.9454849479881196,0.10605821312790287,-0.03266805475574732,-0.30617424247394626,0.3256657997516826,0.32566579975168214,-0.10031159176264881,-0.9401485900803878
1,12,2,0.6741250806000622,0.9987270546534338,0.050440760336032016,-0.0,0.9460242082735044,0.1042754052984578,0.01775407325348983,-0.30634886990691096,0.3240959693678547,0.32174237002035455,0.0547802963675202,-0.9452412213099742
1,12,3,0.15284245399036345,-1.0,-0.0,-0.0,-0.9454849479881196,-0.10605821312790287,0.03266805475574732,0.30617424247394626,0.3256657997516826,-0.32566579975168214,0.10031159176264881,0.9401485900803878
1,12,4,0.3701518115256639,-0.0,-0.0,1.0,0.32382772790349434,-0.30617424247394626,-0.011188778805089476,0.8951356026408605,0.9461160619294339,-0.323611716145648,-0.011826010840860232,0.946116061929434
1,13,1,0.22057125746746065,1.0,-0.0,-0.0,0.9582296895805225,0.08179586200641542,-0.029945254599453196,-0.2724125193378908,0.2859997587523726,0.28599975875237293,-0.10470377573073661,-0.9524921298054448
1,13,2,0.5837726101132652,0.9987270546534338,0.050440760336032016,-0.0,0.9585862196792144,0.08018127893405336,0.02048436395638374,-0.2725138763125917,0.28480249198543295,0.2815329261169332,0.07192480590173865,-0.9568521483531479
1,13,3,0.5034576359570446,-1.0,-0.0,-0.0,-0.9582296895805225,-0.08179586200641542,0.029945254599453196,0.2724125193378908,0.2859997587523726,-0.28599975875237293,0.10470377573073661,0.9524921298054448
1,13,4,0.6570248726436326,-0.0,-0.0,1.0,0.2842872875887856,-0.2724125193378908,-0.008884148862013299,0.9191807381154111,0.9587391397639982,-0.28413622438002006,-0.009266492305926102,0.958739139763998
1,14,1,0.7262685454380795,1.0,-0.0,-0.0,0.8386013087500692,0.29674784496267104,-0.026312888738830423,-0.45606599671418113,0.5447456699806534,0.5447456699806535,-0.04830307093540537,-0.8372090350536944
1,14,2,0.9083377213171451,0.9987270546534338,0.050440760336032016,-0.0,0.8391165005961809,0.2950428590596982,0.024111706363991913,-0.4563461792995698,0.5439517427375515,0.5424063126902268,0.04432692180126987,-0.8389460745229194
1,14,3,0.7740638465884436,-1.0,-0.0,-0.0,-0.8386013087500692,-0.29674784496267104,0.026312888738830423,0.45606599671418113,0.5447456699806534,-0.5447456699806535,0.04830307093540537,0.8372090350536944
1,14,4,0.39836724023361936,-0.0,-0.0,1.0,0.5438412651584638,-0.45606599671418113,-0.01706416929282934,0.7042366783108416,0.8391881066309517,-0.5434609870069864,-0.02033414100842783,0.8391881066309518
1,15,1,0.07668830786127157,1.0,-0.0,-0.0,0.861674564383492,0.2575169450945193,-0.030286636106697823,-0.43621633137360427,0.5074612744776879,0.507461274477688,-0.05968265487424789,-0.8596051626256338
1,15,2,0.4567365127579073,0.9987270546534338,0.050440760336032016,-0.0,0.8623506207830599,0.2556614591443567,0.020130361807872945,-0.4365585798913288,0.5063115709077476,0.5049488770047079,0.03975884211332945,-0.8622330694687439
1,15,3,0.3792154614668829,-1.0,-0.0,-0.0,-0.861674564383492,-0.2575169450945193,0.030286636106697823,0.43621633137360427,0.5074612744776879,-0.507461274477688,0.05968265487424789,0.8596051626256338
1,15,4,0.6152963010950876,-0.0,-0.0,1.0,0.506242553052157,-0.43621633137360427,-0.01779370613891372,0.7437184774792339,0.8623911394948547,-0.5058219077124538,-0.020632988123389553,0.8623911394948547
1,16,1,0.9361119621403727,1.0,-0.0,-0.0,0.7231072832738465,0.4771158568763171,-0.023597273923300903,-0.4989183146136084,0.6907357359195463,0.6907357359195462,-0.034162520767637546,-0.7222998444541461
1,16,2,0.8770178493434951,0.9987270546534338,0.050440760336032016,-0.0,0.7238328485031041,0.47531825002798445,0.026819808928269198,-0.4994189288235559,0.6899753672616744,0.6888916221957228,0.038870675970230306,-0.7238213891687387
1,16,3,0.6221203424456084,-1.0,-0.0,-0.0,-0.7231072832738465,-0.4771158568763171,0.023597273923300903,0.4989183146136084,0.6907357359195463,-0.6907357359195462,0.034162520767637546,0.7222998444541461
1,16,4,0.12670119974382288,-0.0,-0.0,1.0,0.6899644439408363,-0.49891831461360836,-0.02251571842465325,0.5239490660974124,0.7238432607252847,-0.6892629132357971,-0.031105792712765874,0.7238432607252846
1,17,1,0.8429034228388151,1.0,-0.0,-0.0,0.8566044698576901,0.2662287822198255,-0.03349240813268372,-0.44071450660835754,0.5159736255079571,0.515973625507957,-0.06491108552246574,-0.8541415390650835
1,17,2,0.19082075083076855,0.9987270546534338,0.050440760336032016,-0.0,0.857486244236833,0.26420050499867953,0.01691387567605198,-0.4411681707837364,0.5145068910564855,0.5135023642854846,0.03287395362445219,-0.8574582351615236
1,17,3,0.3159736678702363,-1.0,-0.0,-0.0,-0.8566044698576901,-0.2662287822198255,0.03349240813268372,0.44071450660835754,0.5159736255079571,-0.515973625507957,0.06491108552246574,0.8541415390650835
1,17,4,0.10196667885336774,-0.0,-0.0,1.0,0.5144900851166169,-0.44071450660835754,-0.020116065835854947,0.7352999523166963,0.8574963278735929,-0.5139549783277032,-0.023459069365041458,0.8574963278735929
1,18,1,0.7160742996323294,1.0,-0.0,-0.0,0.9431481776493785,0.1104715149966563,-0.033213387935327826,-0.31171209510196635,0.3323725545177525,0.3323725545177523,-0.09992819047143632,-0.9378394541457765
1,18,2,0.3488561466258041,0.9987270546534338,0.050440760336032016,-0.0,0.9437238956627704,0.10865558225491978,0.017207098231519245,-0.3119023708957335,0.33073434770988713,0.32852826749712144,0.05202694655292631,-0.9430601117042957
1,18,3,0.20775886650721154,-1.0,-0.0,-0.0,-0.9431481776493785,-0.1104715149966563,0.033213387935327826,0.31171209510196635,0.3323725545177525,-0.3323725545177523,0.09992819047143632,0.9378394541457765
1,18,4,0.6691016401349701,-0.0,-0.0,1.0,0.33050172018446855,-0.31171209510196635,-0.011638766957211598,0.8907686129551072,0.9438053893441737,-0.33027157782873773,-0.012331744540364493,0.9438053893441737
2,1,1,0.23202344425260346,1.0,-0.0,-0.0,0.9987270546534339,0.002544270303276863,-0.05037655200488501,0.0,0.05044076033603201,0.0504407603360289,-0.998727054653434,0.0
2,1,2,0.4467000984812377,0.9987270546534338,0.050440760336032016,-0.0,1.0,0.0,0.0,0.0,0.0,0.0,0.0,0.0
2,1,3,0.7641275987208257,-1.0,-0.0,-0.0,-0.9987270546534339,-0.002544270303276863,0.05037655200488501,-0.0,0.05044076033603201,-0.0504407603360289,0.998727054653434,-0.0
2,1,4,0.850720812256682,-0.0,-0.0,1.0,0.0,-0.0,-0.0,1.0,1.0,-0.0,-0.0,1.0
2,2,1,0.9523251270809411,1.0,-0.0,-0.0,0.9054698298169143,0.1801243872913284,-0.045957520009713426,-0.3815330899788492,0.424410635224105,0.4244106352241052,-0.10828550511097844,-0.8989715579992127
2,2,2,0.22275008046885147,0.9987270546534338,0.050440760336032016,-0.0,0.9068773592171433,0.17757696653827448,0.0044118005516897985,-0.38212617328612414,0.4213946550910919,0.42140298742016097,0.010469521856503163,-0.9068130520153864
2,2,3,0.42012279550151554,-1.0,-0.0,-0.0,-0.9054698298169143,-0.1801243872913284,0.045957520009713426,0.3815330899788492,0.424410635224105,-0.4244106352241052,0.10828550511097844,0.8989715579992127
2,2,4,0.6752429636277145,-0.0,-0.0,1.0,0.4213647737506562,-0.3815330899788492,-0.02138655467399695,0.8224517274420583,0.9068912434476685,-0.42070434876887786,-0.023582270562777848,0.9068912434476685
2,3,1,0.8895995013065152,1.0,-0.0,-0.0,0.8445887863000637,0.2866697820561853,-0.03299819087857997,-0.4510003741803164,0.5354155228009227,0.5354155228009225,-0.06163099400995383,-0.8423371287798964
2,3,2,0.2362073704509049,0.9987270546534338,0.050440760336032016,-0.0,0.8454843978312637,0.28464041325348677,0.017407577801466352,-0.45147862009388195,0.5340001245542042,0.5330343574191322,0.032598452698861455,-0.8454653834974044
2,3,3,0.07756633547067893,-1.0,-0.0,-0.0,-0.8445887863000637,-0.2866697820561853,0.03299819087857997,0.4510003741803164,0.5354155228009227,-0.5354155228009225,0.06163099400995383,0.8423371287798964
2,3,4,0.3699437596540408,-0.0,-0.0,1.0,0.5339881152768301,-0.45100037418031635,-0.020862983312849453,0.7148566927430988,0.8454919826604501,-0.5334176827569497,-0.02467555428166376,0.84549198266045
2,4,1,0.022774904254082795,1.0,-0.0,-0.0,0.9180959056293342,0.15709990806665264,-0.02804987571787635,-0.3628122536854477,0.3963583076796205,0.3963583076796203,-0.07076898648116463,-0.9153643222705242
2,4,2,0.9575826846986811,0.9987270546534338,0.050440760336032016,-0.0,0.918468297344402,0.1554850714111924,0.02237950722145672,-0.3629594150839129,0.3954946102961139,0.39314080992096945,0.056586124409383945,-0.9177354270698118
2,4,3,0.2414947901082496,-1.0,-0.0,-0.0,-0.9180959056293342,-0.15709990806665264,0.02804987571787635,0.3628122536854477,0.3963583076796205,-0.3963583076796203,0.07076898648116463,0.9153643222705242
2,4,4,0.5730734832010539,-0.0,-0.0,1.0,0.39517903463118925,-0.3628122536854477,-0.012073600088780358,0.8438335305879614,0.9186041207113984,-0.39496040296931556,-0.013143420344587774,0.9186041207113984
2,5,1,0.5528335585443014,1.0,-0.0,-0.0,0.8572519004155812,0.2651191792338744,-0.029969311442857506,-0.4403780653119229,0.5148972511422784,0.5148972511422782,-0.058204450259487346,-0.855273677097639
2,5,2,0.6343861500930787,0.9987270546534338,0.050440760336032016,-0.0,0.8579240619290998,0.2632700221524581,0.02044795029523757,-0.4407233607691356,0.5137765116887633,0.5124212885620245,0.03979930929116623,-0.8578114233375426
2,5,3,0.6658319967828165,-1.0,-0.0,-0.0,-0.8572519004155812,-0.2651191792338744,0.029969311442857506,0.4403780653119229,0.5148972511422784,-0.5148972511422782,0.058204450259487346,0.855273677097639
2,5,4,0.5707558035660133,-0.0,-0.0,1.0,0.5137090569276488,-0.44037806531192286,-0.017959139793820043,0.7361030048305057,0.8579644542931285,-0.5132824129348663,-0.020932265554773438,0.8579644542931284
2,6,1,0.006923968752118537,1.0,-0.0,-0.0,0.8126575560698495,0.3395876965625795,-0.028284511839681364,-0.4727238932991349,0.5827415349557464,0.5827415349557465,-0.04853697590275472,-0.8112067957109556
2,6,2,0.5214681125028882,0.9987270546534338,0.050440760336032016,-0.0,0.8133786759438655,0.3377287277015618,0.02213114994966011,-0.4731433696109395,0.5817345868347559,0.5805546641796889,0.038043380006123916,-0.813332025151425
2,6,3,0.819034488531242,-1.0,-0.0,-0.0,-0.8126575560698495,-0.3395876965625795,0.028284511839681364,0.4727238932991349,0.5827415349557464,-0.5827415349557465,0.04853697590275472,0.8112067957109556
2,6,4,0.0741831020528384,-0.0,-0.0,1.0,0.5817012218348258,-0.4727238932991349,-0.020246086402880954,0.6616236885158708,0.8134025378100752,-0.581168451443304,-0.02489061130469241,0.8134025378100752
2,7,1,0.8446839604947851,1.0,-0.0,-0.0,0.7363032715292523,0.4578574923353199,-0.031888672330483106,-0.49719927757865,0.6766516772574497,0.6766516772574498,-0.04712716069770449,-0.7347935345314716
2,7,2,0.8073214512610277,0.9987270546534338,0.050440760336032016,-0.0,0.7375505444012597,0.45566617589260516,0.01849806967171816,-0.4980415163610711,0.6752919327619762,0.6747691683934514,0.02739270051111106,-0.7375203111401872
2,7,3,0.6144224440763564,-1.0,-0.0,-0.0,-0.7363032715292523,-0.4578574923353199,0.031888672330483106,0.49719927757865,0.6766516772574497,-0.6766516772574498,0.04712716069770449,0.7347935345314716
2,7,4,0.31716880765268185,-0.0,-0.0,1.0,0.6752642515712316,-0.49719927757865,-0.029245123969258942,0.5440181905499444,0.737575887993869,-0.6740991478598646,-0.03965032540421392,0.737575887993869
2,8,1,0.5555071229196801,1.0,-0.0,-0.0,0.8216372148193365,0.3249122872239235,-0.038031492176924066,-0.46679534963154756,0.5700107781646971,0.570010778164697,-0.06672065447494989,-0.8189237248013461
2,8,2,0.6802127538846744,0.9987270546534338,0.050440760336032016,-0.0,0.8229260897637953,0.3225803542577418,0.012349609423496763,-0.4675275959556898,0.568148440802287,0.5677747769618507,0.021736589483652865,-0.8228969092927375
2,8,3,0.8121428910968265,-1.0,-0.0,-0.0,-0.8216372148193365,-0.3249122872239235,0.038031492176924066,0.46679534963154756,0.5700107781646971,-0.570010778164697,0.06672065447494989,0.8189237248013461
2,8,4,0.04089613104000955,-0.0,-0.0,1.0,0.5681282945955505,-0.46679534963154756,-0.02629721049837164,0.6772302408799514,0.8229399983473591,-0.5672288995175508,-0.03195519788949633,0.8229399983473591
2,9,1,0.36878926334196016,1.0,-0.0,-0.0,0.86954048182325,0.24389935047059008,-0.045766084318785996,-0.42698702888582,0.49386167139249637,0.49386167139249637,-0.09266984455332113,-0.8645883121115351
2,9,2,0.6644278486254239,0.9987270546534338,0.050440760336032016,-0.0,0.87108842733634,0.24128040383673555,0.004593203784090852,-0.42774714606187775,0.4911262075685859,0.49127983829500826,0.009352389901631161,-0.8709515791867872
2,9,3,0.9401845067231809,-1.0,-0.0,-0.0,-0.86954048182325,-0.24389935047059008,0.045766084318785996,0.42698702888582,0.49386167139249637,-0.49386167139249637,0.09266984455332113,0.8645883121115351
2,9,4,0.6584461351017916,-0.0,-0.0,1.0,0.49104905155251055,-0.42698702888582,-0.02584513633096178,0.7588708289693797,0.8711319239755708,-0.49015197025174573,-0.029668452756286035,0.8711319239755708
2,10,1,0.31924211529958735,1.0,-0.0,-0.0,0.7733563884305383,0.4019198964736742,-0.038714984705619904,-0.48875499307066816,0.6339715265480574,0.6339715265480573,-0.061067387231759473,-0.7709415527411998
2,10,2,0.785857312854114,0.9987270546534338,0.050440760336032016,-0.0,0.7748970623011062,0.3994554611468164,0.011648647974614977,-0.48972868651679297,0.632087448726136,0.6319623367808529,0.01842885505493082,-0.7747799572729331
2,10,3,0.14392987995425643,-1.0,-0.0,-0.0,-0.7733563884305383,-0.4019198964736742,0.038714984705619904,0.48875499307066816,0.6339715265480574,-0.6339715265480573,0.061067387231759473,0.7709415527411998
2,10,4,0.113714148391169,-0.0,-0.0,1.0,0.6319919255630061,-0.48875499307066816,-0.03163814005843012,0.6005862060231636,0.774974971223693,-0.6306719716366056,-0.0408247249694699,0.7749749712236927
2,11,1,0.6580986410601992,1.0,-0.0,-0.0,0.943852960580318,0.10914158880376867,-0.05261106629691949,-0.3073463487667602,0.33036584085490556,0.3303658408549052,-0.15925092667200394,-0.9303212098787921
2,11,2,0.45811278435967817,0.9987270546534338,0.050440760336032016,-0.0,0.9454630928579029,0.10634891534007818,-0.002260055932059614,-0.30787065530306956,0.32572924345776605,0.3264948342099574,-0.006938449578760809,-0.945173519070258
2,11,3,0.3166707433803767,-1.0,-0.0,-0.0,-0.943852960580318,-0.10914158880376867,0.05261106629691949,0.3073463487667602,0.33036584085490556,-0.3303658408549052,0.15925092667200394,0.9303212098787921
2,11,4,0.25787907241202,-0.0,-0.0,1.0,0.32562948001751413,-0.30734634876676015,-0.01815082950092099,0.8939654417435234,0.9454974572908821,-0.3250631150795418,-0.019197121431641134,0.9454974572908821
2,12,1,0.7545005999718827,1.0,-0.0,-0.0,0.9479623385141018,0.10136740475887551,-0.045321337230929085,-0.2983924100960446,0.3183824818655627,0.31838248186556317,-0.14234871518485762,-0.9372136568180942
2,12,2,0.04160470851582532,0.9987270546534338,0.050440760336032016,-0.0,0.9491671675274349,0.09895232688332045,0.0050618211732535445,-0.2987716570538991,0.3147724385773732,0.3143614711965873,0.016080890678137675,-0.9491671456503934
2,12,3,0.6739763309318297,-1.0,-0.0,-0.0,-0.9479623385141018,-0.10136740475887551,0.045321337230929085,0.2983924100960446,0.3183824818655627,-0.31838248186556317,0.14234871518485762,0.9372136568180942
2,12,4,0.016441589463346507,-0.0,-0.0,1.0,0.31477243132228694,-0.2983924100960446,-0.015049023501627868,0.9009183164794562,0.9491671699334403,-0.314372872922869,-0.015854976845315005,0.9491671699334402
2,13,1,0.36495862248727307,1.0,-0.0,-0.0,0.9536918656921336,0.09047182531265718,-0.044434102955074585,-0.28339422123930325,0.3007853475697533,0.30078534756975295,-0.1477269531713813,-0.942180939095057
2,13,2,0.444228622816485,0.9987270546534338,0.050440760336032016,-0.0,0.9548279876612331,0.08811536968572675,0.00595372355362752,-0.2837318254616399,0.29715907184334756,0.29652592848377946,0.020035476341661633,-0.9548146173077763
2,13,3,0.9768485537522905,-1.0,-0.0,-0.0,-0.9536918656921336,-0.09047182531265718,0.044434102955074585,0.28339422123930325,0.3007853475697533,-0.30078534756975295,0.1477269531713813,0.942180939095057
2,13,4,0.09762544880999946,-0.0,-0.0,1.0,0.29715491075687456,-0.2833942212393032,-0.013844945493578696,0.9116989590130739,0.9548292826537494,-0.29680093225845344,-0.014499917152833382,0.9548292826537496
2,14,1,0.8678259142758099,1.0,-0.0,-0.0,0.923262794282861,0.14758581269300342,-0.0497492135981402,-0.35118265380157354,0.3841689897597196,0.3841689897597193,-0.12949825447716665,-0.9141358703137973
2,14,2,0.3057482640505911,0.9987270546534338,0.050440760336032016,-0.0,0.9248054877562146,0.144888555859507,0.0006084200402737966,-0.35176945009763294,0.38044028416558356,0.38084441077865827,0.0015992524072686969,-0.9246377545668327
2,14,3,0.6100459281448667,-1.0,-0.0,-0.0,-0.923262794282861,-0.14758581269300342,0.0497492135981402,0.35118265380157354,0.3841689897597196,-0.3841689897597193,0.12949825447716665,0.9141358703137973
2,14,4,0.380679783457325,-0.0,-0.0,1.0,0.380371283210164,-0.35118265380157354,-0.020495976153484655,0.8553176869090532,0.924833869897212,-0.3797251217027819,-0.022161792318184263,0.924833869897212
2,15,1,0.5206226506041359,1.0,-0.0,-0.0,0.8950894392395802,0.1988148957617738,-0.042332283199646006,-0.39685704073899697,0.445886640035081,0.4458866400350808,-0.09493956400289418,-0.8900402144988544
2,15,2,0.15743572835566533,0.9987270546534338,0.050440760336032016,-0.0,0.8963355802979752,0.19642654271403537,0.008049542248007142,-0.3974095440209016,0.44337628205835744,0.4430244707771301,0.01815510340480427,-0.8963256721264904
2,15,3,0.9640350005845328,-1.0,-0.0,-0.0,-0.8950894392395802,-0.1988148957617738,0.042332283199646006,0.39685704073899697,0.445886640035081,-0.4458866400350808,0.09493956400289418,0.8900402144988544
2,15,4,0.9918392683896047,-0.0,-0.0,1.0,0.44337138093836226,-0.39685704073899697,-0.020968768078021283,0.8034218185648097,0.896338004641558,-0.4427537811449806,-0.023393817922968255,0.896338004641558
2,16,1,0.9073831596569423,1.0,-0.0,-0.0,0.7180850511445188,0.48435385932277375,-0.0279032807708834,-0.49897555571804286,0.695955357277156,0.6959553572771559,-0.04009349231831727,-0.716964889343228
2,16,2,0.5854255743643614,0.9987270546534338,0.050440760336032016,-0.0,0.7191309903985196,0.48232984063350437,0.022496836556876607,-0.4997023472306646,0.6948745344653553,0.6941250782842613,0.032375393601358465,-0.7191260039701145
2,16,3,0.9971137966721977,-1.0,-0.0,-0.0,-0.7180850511445188,-0.48435385932277375,0.0279032807708834,0.49897555571804286,0.695955357277156,-0.6959553572771559,0.04009349231831727,0.716964889343228
2,16,4,0.9310233431656925,-0.0,-0.0,1.0,0.6948697162303427,-0.49897555571804286,-0.027001181489930706,0.5171560774659631,0.7191356460821304,-0.693854571716024,-0.03754671547299016,0.7191356460821304
2,17,1,0.7353068373969789,1.0,-0.0,-0.0,0.6771686497110883,0.5414426198484614,-0.024400914624574933,-0.49768173025095075,0.7358278466111903,0.7358278466111904,-0.03316117314253849,-0.6763562055214317
2,17,2,0.5863542686288475,0.9987270546534338,0.050440760336032016,-0.0,0.678124219942576,0.5395225922985345,0.02600541294844263,-0.4983840218387052,0.7349473058167318,0.7340969727060556,0.035384050996068825,-0.678122115550667
2,17,3,0.33326408484979997,-1.0,-0.0,-0.0,-0.6771686497110883,-0.5414426198484614,0.024400914624574933,0.49768173025095075,0.7358278466111903,-0.7358278466111904,0.03316117314253849,0.6763562055214317
2,17,4,0.13659466344521365,-0.0,-0.0,1.0,0.7349450250883365,-0.4976817302509508,-0.02648281313464198,0.4598558100979043,0.6781266917751464,-0.7339067113671031,-0.03905289889904992,0.6781266917751463
2,18,1,0.6359918870193437,1.0,-0.0,-0.0,0.837276032268655,0.2989688457884584,-0.03481332256174442,-0.45648056651799235,0.5467804365451074,0.5467804365451077,-0.0636696564743908,-0.8348516808727013
2,18,2,0.14015628458718177,0.9987270546534338,0.050440760336032016,-0.0,0.8383075154128057,0.2968322643276057,0.015584549462631256,-0.4570429282623264,0.5451976793809826,0.5444488770836827,0.028585135359207602,-0.8383068115426553
2,18,3,0.5419253846800149,-1.0,-0.0,-0.0,-0.837276032268655,-0.2989688457884584,0.03481332256174442,0.45648056651799235,0.5467804365451074,-0.5467804365451077,0.0636696564743908,0.8348516808727013
2,18,4,0.8435079424591687,-0.0,-0.0,1.0,0.5451972216153471,-0.4564805665179924,-0.022668900105063353,0.7027599895429061,0.8383078131229043,-0.5445261983393537,-0.027041260680389086,0.8383078131229041
3,1,1,0.8586970275926674,1.0,-0.0,-0.0,-1.0,0.0,-0.0,-0.0,0.0,0.0,0.0,0.0
3,1,2,0.204929594900074,0.9987270546534338,0.050440760336032016,-0.0,-0.9987270546534338,-1.1102230246251565e-16,0.050440760336032016,-0.0,0.050440760336032016,-2.2010433967072383e-15,1.0,-0.0
3,1,3,0.41732554671664257,-1.0,-0.0,-0.0,1.0,0.0,0.0,0.0,0.0,0.0,0.0,0.0
3,1,4,0.2769706637381829,-0.0,-0.0,1.0,0.0,0.0,0.0,1.0,1.0,0.0,0.0,1.0
3,2,1,0.5839547885968203,1.0,-0.0,-0.0,-0.9785183396358064,0.04250185899638459,0.003386441104009764,0.20170270943863194,0.20615978996008089,0.2061597899600805,0.016426292948132547,0.9783804566239034
3,2,2,0.26446152620867147,0.9987270546534338,0.050440760336032016,-0.0,-0.9770981746672346,0.04261857111687439,0.053822286555129314,0.20140996978275855,0.21278899657162315,0.20028559654647982,0.25293735776893495,0.9465243646419729
3,2,3,0.30711488949349675,-1.0,-0.0,-0.0,0.9785183396358064,-0.04250185899638459,-0.003386441104009764,-0.20170270943863194,0.20615978996008089,-0.2061597899600805,-0.016426292948132547,-0.9783804566239034
3,2,4,0.747115173002057,-0.0,-0.0,1.0,0.20613073998562298,0.20170270943863192,-0.0007133740701753927,0.9575101180329795,0.9785244595987264,0.2061294507868983,-0.0007290303918084311,0.9785244595987264
3,3,1,0.6612043801817293,1.0,-0.0,-0.0,-0.800131947317436,0.35978886688200773,0.0052190581796804835,0.47990999112488353,0.5998240299304519,0.599824029930452,0.008700982153525293,0.8000846367901064
3,3,2,0.2507506516356963,0.9987270546534338,0.050440760336032016,-0.0,-0.7987844107652982,0.35959412858098516,0.05565102887584318,0.47910175411229433,0.6016173743487927,0.5977123399573022,0.09250236321063932,0.7963562465776314
3,3,3,0.9427369882730199,-1.0,-0.0,-0.0,0.800131947317436,-0.35978886688200773,-0.0052190581796804835,-0.47990999112488353,0.5998240299304519,-0.599824029930452,-0.008700982153525293,-0.8000846367901064
3,3,4,0.7990817396200883,-0.0,-0.0,1.0,0.5997885632911605,0.47990999112488353,-0.003912268992406126,0.6402536793451254,0.8001585338825834,0.5997686343432866,-0.004889367327525396,0.8001585338825835
3,4,1,0.6511774301470815,1.0,-0.0,-0.0,-0.6935214744359964,0.5190279644961215,0.005162430472958204,0.4996111346624955,0.7204359544720971,0.7204359544720971,0.007165703545072233,0.6934844541852273
3,4,2,0.8680468310597447,0.9987270546534338,0.050440760336032016,-0.0,-0.6922631889108499,0.5186276671822163,0.05559382439168644,0.49870466891901,0.7216451186552715,0.7186741152613044,0.07703762272414609,0.6910663649306
3,4,3,0.700596278983973,-1.0,-0.0,-0.0,0.6935214744359964,-0.5190279644961215,-0.005162430472958204,-0.4996111346624955,0.7204359544720971,-0.7204359544720971,-0.007165703545072233,-0.6934844541852273
3,4,4,0.8664263142550854,-0.0,-0.0,1.0,0.7203974975234937,0.4996111346624955,-0.0053624900323131,0.4810274455618878,0.6935614216216814,0.7203560046553736,-0.007731817060664297,0.6935614216216816
3,5,1,0.9708499764646888,1.0,-0.0,-0.0,-0.5511706743542303,0.6962108877319031,0.0065302727436556155,0.45984632549728177,0.8343925261721268,0.8343925261721266,0.007826379717965602,0.5511151059884015
3,5,2,0.5319150445889311,0.9987270546534338,0.050440760336032016,-0.0,-0.5498714418433028,0.6956540412445276,0.05695563976678374,0.45876236489502986,0.8352493025708952,0.8328699456597044,0.0681899878173791,0.5492520179100545
3,5,3,0.7391846290103867,-1.0,-0.0,-0.0,0.5511706743542303,-0.6962108877319031,-0.0065302727436556155,-0.45984632549728177,0.8343925261721268,-0.8343925261721266,-0.007826379717965602,-0.5511151059884015
3,5,4,0.4455660952678434,-0.0,-0.0,1.0,0.8343084037191435,0.45984632549728177,-0.00988488989366735,0.3039294874836146,0.5512980024302778,0.8341157114122468,-0.01793021170055388,0.5512980024302778
3,6,1,0.6457614825754853,1.0,-0.0,-0.0,-0.4574362763638335,0.7907520530663905,0.006547433407702586,0.40671903662534725,0.889242403997015,0.889242403997015,0.007362934311581215,0.45737701530786706
3,6,2,0.5909217816486911,0.9987270546534338,0.050440760336032016,-0.0,-0.4561320100638272,0.790075726439486,0.05696952535824257,0.40555937797899283,0.889912124535413,0.8878131948724178,0.06401702346507981,0.45572969150265136
3,6,3,0.1288415352103619,-1.0,-0.0,-0.0,0.4574362763638335,-0.7907520530663905,-0.006547433407702586,-0.40671903662534725,0.889242403997015,-0.889242403997015,-0.007362934311581215,-0.45737701530786706
3,6,4,0.4424661846371992,-0.0,-0.0,1.0,0.8891272022812919,0.40671903662534725,-0.012726365285649946,0.2094528181634423,0.4576601557525435,0.888692256717362,-0.027807457401930972,0.4576601557525434
3,7,1,0.08479333316575999,1.0,-0.0,-0.0,-0.31937335307069453,0.8980006613483815,0.005609278325347886,0.3025954552912514,0.9476289681876454,0.9476289681876454,0.005919276967731068,0.3193184943153118
3,7,2,0.019502140043781258,0.9987270546534338,0.050440760336032016,-0.0,-0.3180808975693584,0.8971404918489717,0.056027338763093404,0.30137089739651707,0.9480635751896975,0.9462872694686781,0.059096605153175434,0.3178804726636776
3,7,3,0.4727188060442127,-1.0,-0.0,-0.0,0.31937335307069453,-0.8980006613483815,-0.005609278325347886,-0.3025954552912514,0.9476289681876454,-0.9476289681876454,-0.005919276967731068,-0.3193184943153118
3,7,4,0.6660192040920467,-0.0,-0.0,1.0,0.9474661939760227,0.30259545529125137,-0.01664071700024752,0.10230781127258992,0.3198559226786178,0.9460367429096842,-0.05202566474583509,0.3198559226786178
3,8,1,0.4752316091499963,1.0,-0.0,-0.0,-0.33939189846524054,0.8848131392561599,0.005018701302486408,0.31920786408397855,0.9406450655035404,0.9406450655035404,0.005335382586416724,0.3393499586510903
3,8,2,0.8987627835020591,0.9987270546534338,0.050440760336032016,-0.0,-0.33821398676559744,0.88393996759756,0.05544204346499117,0.31810000417505646,0.9410692318613547,0.9392932397218025,0.05891388389707687,0.3380197687962678
3,8,3,0.7300566602100511,-1.0,-0.0,-0.0,0.33939189846524054,-0.8848131392561599,-0.005018701302486408,-0.31920786408397855,0.9406450655035404,-0.9406450655035404,-0.005335382586416724,-0.3393499586510903
3,8,4,0.16112194171321714,-0.0,-0.0,1.0,0.9405288267853891,0.3192078640839786,-0.013907913740307734,0.11540552598569953,0.33971388842038763,0.939637368281413,-0.04094007991541703,0.33971388842038747
3,9,1,0.31395227672025405,1.0,-0.0,-0.0,-0.28842467119754334,0.916811209044589,0.005835119149400849,0.2761057177953767,0.957502589575918,0.957502589575918,0.006094102734474325,0.28836028309611683
3,9,2,0.3881923553567751,0.9987270546534338,0.050440760336032016,-0.0,-0.28703705539748525,0.9159384863289031,0.05624780663197927,0.2747773686811747,0.9579194793033186,0.9561748206593025,0.05871872098570071,0.2868480854789762
3,9,3,0.5970406159929389,-1.0,-0.0,-0.0,0.28842467119754334,-0.916811209044589,-0.005835119149400849,-0.2761057177953767,0.957502589575918,-0.957502589575918,-0.006094102734474325,-0.28836028309611683
3,9,4,0.6676597511667964,-0.0,-0.0,1.0,0.9572888361074726,0.2761057177953767,-0.019366909203313475,0.0835980842640005,0.2891333330212906,0.9549425343325787,-0.0669826235561964,0.2891333330212905
3,10,1,0.6922194806071563,1.0,-0.0,-0.0,-0.2646596430887484,0.9299552733201363,0.0055257544187374075,0.25516255403626664,0.9643418861172298,0.9643418861172298,0.005730078199740949,0.2645976055894848
3,10,2,0.8533386920365851,0.9987270546534338,0.050440760336032016,-0.0,-0.26326960734738464,0.92905021433676,0.05593749258860007,0.25382239856024214,0.9647222988234251,0.9630234684839661,0.05798299951895111,0.26310410661161643
3,10,3,0.6978016151259951,-1.0,-0.0,-0.0,0.2646596430887484,-0.9299552733201363,-0.0055257544187374075,-0.25516255403626664,0.9643418861172298,-0.9643418861172298,-0.005730078199740949,-0.2645976055894848
3,10,4,0.24549365078378227,-0.0,-0.0,1.0,0.9641158397191024,0.25516255403626664,-0.02012950406540107,0.07048064760272976,0.26548191577342867,0.961129699900279,-0.07582250567522753,0.2654819157734282
3,11,1,0.8221992141545676,1.0,-0.0,-0.0,-0.21300182588482724,0.9546302221697297,0.0052835369354149505,0.20804673832423878,0.9770518011700965,0.9770518011700964,0.005407632357964541,0.2129331710714687
3,11,2,0.1347890657305616,0.9987270546534338,0.050440760336032016,-0.0,-0.21147949683200049,0.9536815356910132,0.05568653570886386,0.20655982339859824,0.9773824340654399,0.975750640129839,0.056975175497307344,0.21133981561281895
3,11,3,0.09033318507925914,-1.0,-0.0,-0.0,0.21300182588482724,-0.9546302221697297,-0.0052835369354149505,-0.20804673832423878,0.9770518011700965,-0.9770518011700964,-0.005407632357964541,-0.2129331710714687
3,11,4,0.5299643250646932,-0.0,-0.0,1.0,0.9767368775361215,0.20804673832423878,-0.02422808042704001,0.045985072060987564,0.21444130213414492,0.9701803535687077,-0.1129823414888798,0.21444130213414464
3,12,1,0.1721284082733725,1.0,-0.0,-0.0,-0.13545733134946994,0.9816513113836799,0.0031329038033608065,0.13417227417071048,0.9907831808138852,0.9907831808138852,0.0031620478264349043,0.13542041969312985
3,12,2,0.3241229352356665,0.9987270546534338,0.050440760336032016,-0.0,-0.1341182902958488,0.9805597489648046,0.05354269433681401,0.13284593633736888,0.9909653294682504,0.989499551403045,0.05403084522194625,0.1340570980506994
3,12,3,0.14218581848987621,-1.0,-0.0,-0.0,0.13545733134946994,-0.9816513113836799,-0.0031329038033608065,-0.13417227417071048,0.9907831808138852,-0.9907831808138852,-0.0031620478264349043,-0.13542041969312985
3,12,4,0.34811617471752465,-0.0,-0.0,1.0,0.9905131958089142,0.1341722741707105,-0.02290893026987836,0.018883608928411566,0.1374176441670124,0.9763831637780255,-0.16671025332115053,0.13741764416701188
3,13,1,0.9230008932486465,1.0,-0.0,-0.0,-0.08889211619261907,0.9920981916787979,0.002231065794928688,0.08851210138662266,0.9960412600283172,0.9960412600283173,0.0022399331076558607,0.08886389042167418
3,13,2,0.2510430654565359,0.9987270546534338,0.050440760336032016,-0.0,-0.0875129699821475,0.9909478415574196,0.05263721152093476,0.08713885104185955,0.9961633802167713,0.9947643742352617,0.05283993827345929,0.08747445727516866
3,13,3,0.6290590243949873,-1.0,-0.0,-0.0,0.08889211619261907,-0.9920981916787979,-0.002231065794928688,-0.08851210138662266,0.9960412600283172,-0.9960412600283173,-0.0022399331076558607,-0.08886389042167418
3,13,4,0.7677077480158115,-0.0,-0.0,1.0,0.9957249886460915,0.08851210138662265,-0.024991282224739175,0.008531746985741218,0.09236745631303828,0.9582606788114894,-0.27056371607812146,0.09236745631304026
3,14,1,0.4786644792774546,1.0,-0.0,-0.0,-0.06252179428369954,0.9960910252395467,0.001520596626967796,0.062380946311140856,0.9980435988670769,0.9980435988670769,0.0015235773554320591,0.06250322769661787
3,14,2,0.13226673371540965,0.9987270546534338,0.050440760336032016,-0.0,-0.061215434442374275,0.9948997558542404,0.05192958490029618,0.061077529413747236,0.9981245766867137,0.9967691198996641,0.0520271578450428,0.0611922908626244
3,14,3,0.8268110447486668,-1.0,-0.0,-0.0,0.06252179428369954,-0.9960910252395467,-0.001520596626967796,-0.062380946311140856,0.9980435988670769,-0.9980435988670769,-0.0015235773554320591,-0.06250322769661787
3,14,4,0.15451218632106356,-0.0,-0.0,1.0,0.9977472180033803,0.062380946311140856,-0.02426627501088838,0.004500488966515226,0.0670856837672184,0.9298697249266688,-0.36172061829302193,0.06708568376721834
3,15,1,0.947320030544351,1.0,-0.0,-0.0,-0.07680322602879056,0.9941012644715705,0.0019084173019608968,0.07655258578909475,0.9970462699752557,0.9970462699752558,0.001914070950797759,0.07677937132345383
3,15,2,0.5452452494320633,0.9987270546534338,0.050440760336032016,-0.0,-0.07545210065220825,0.9929320899126952,0.05231560468566899,0.07520586968547865,0.9971494273714291,0.9957706063474848,0.05246516043596132,0.07542086233126337
3,15,3,0.8560752020224244,-1.0,-0.0,-0.0,0.07680322602879056,-0.9941012644715705,-0.0019084173019608968,-0.07655258578909475,0.9970462699752557,-0.9970462699752558,-0.001914070950797759,-0.07677937132345383
3,15,4,0.3207560070020091,-0.0,-0.0,1.0,0.9967365922936381,0.07655258578909474,-0.024767050247572493,0.006516165582865829,0.08072276991571718,0.9483394322199729,-0.30681615947311797,0.08072276991571736
3,16,1,0.8044709838930766,1.0,-0.0,-0.0,-0.049705405008535083,0.9975293727129375,0.0013255846029492395,0.04962626434995234,0.9987639224125677,0.9987639224125676,0.0013272251562183172,0.049687682180266826
3,16,2,0.74393837077361,0.9987270546534338,0.050440760336032016,-0.0,-0.04829693708118109,0.996326435835142,0.051728782758411,0.04822003897709205,0.9988330220154801,0.9974904852712216,0.051789219637563506,0.04827637644557644
3,16,3,0.640990648553964,-1.0,-0.0,-0.0,0.049705405008535083,-0.9975293727129375,-0.0013255846029492395,-0.04962626434995234,0.9987639224125677,-0.9987639224125676,-0.0013272251562183172,-0.049687682180266826
3,16,4,0.257332445748249,-0.0,-0.0,1.0,0.9984078057794891,0.04962626434995235,-0.02662636014289326,0.0031818533585858955,0.05640791928963477,0.8797747723176773,-0.4720323046516978,0.0564079192896338
3,17,1,0.6719436449318006,1.0,-0.0,-0.0,-0.00925446280269691,0.9999143549182335,0.0002762437886494496,0.009249942489318654,0.9999571765421925,0.9999571765421925,0.00027625561887028834,0.009250338620804287
3,17,2,0.4620777302944101,0.9987270546534338,0.050440760336032016,-0.0,-0.007737036178886509,0.9986554525399132,0.050671709255763,0.007733257047791262,0.9999700686876416,0.9986853445029072,0.05067322597191778,0.007733488521251812
3,17,3,0.36389629534630674,-1.0,-0.0,-0.0,0.00925446280269691,-0.9999143549182335,-0.0002762437886494496,-0.009249942489318654,0.9999571765421925,-0.9999571765421925,-0.00027625561887028834,-0.009250338620804287
3,17,4,0.5728610549330236,-0.0,-0.0,1.0,0.9995115531312158,0.009249942489318654,-0.029835211845618933,0.0009766551572247817,0.031251482480432774,0.2959841183569529,-0.9546814895677157,0.031251482480432295
3,18,1,0.023009402183823302,1.0,-0.0,-0.0,0.030898162994756513,0.9990453035235495,-0.0009471155852694075,-0.030868884060758234,0.9995225377766874,0.9995225377766873,-0.0009475680131997297,-0.03088362982731955
3,18,2,0.11194397751915297,0.9987270546534338,0.050440760336032016,-0.0,0.03240498247195051,0.9977258002231733,0.049447456496422695,-0.032374275683874715,0.9994748206488209,0.9982500605422834,0.049473438924977915,-0.03239128691892265
3,18,3,0.3124455828377458,-1.0,-0.0,-0.0,-0.030898162994756513,-0.9990453035235495,0.0009471155852694075,0.030868884060758234,0.9995225377766874,-0.9995225377766873,0.0009475680131997297,0.03088362982731955
3,18,4,0.2557181815009685,-0.0,-0.0,1.0,0.9990524053483938,-0.03086888406075823,-0.030623765683640437,0.001894291367588341,0.04352345767041455,-0.7092470523485459,-0.7036151841506197,0.04352345767041395
4,1,1,0.7410215804251142,1.0,-0.0,-0.0,0.0,1.0,0.0,-0.0,1.0,1.0,0.0,-0.0
4,1,2,0.6634012115784417,0.9987270546534338,0.050440760336032016,-0.0,0.0,0.9987270546534338,0.050440760336032016,-0.0,0.9999999999999999,0.9987270546534339,0.05044076033603202,-0.0
4,1,3,0.07791156957083456,-1.0,-0.0,-0.0,0.0,-1.0,0.0,-0.0,1.0,-1.0,0.0,-0.0
4,1,4,0.5134830769543955,-0.0,-0.0,1.0,1.0,0.0,0.0,0.0,0.0,0.0,0.0,0.0
4,2,1,0.9085377599330231,1.0,-0.0,-0.0,0.07179308076684066,0.9948457535540058,-0.00031367371166359567,-0.07160713510796723,0.9974195474092162,0.9974195474092163,-0.0003144852258794796,-0.0717923919718295
4,2,2,0.41239406929921374,0.9987270546534338,0.050440760336032016,-0.0,0.07192207462511134,0.9935635473409544,0.050126523032698114,-0.0717357948693067,0.9974102541991534,0.9961433052828521,0.05025667504586265,-0.07192205470847624
4,2,3,0.9742966060510639,-1.0,-0.0,-0.0,-0.07179308076684066,-0.9948457535540058,0.00031367371166359567,0.07160713510796723,0.9974195474092162,-0.9974195474092163,0.0003144852258794796,0.0717923919718295
4,2,4,0.8447208179906741,-0.0,-0.0,1.0,0.9974099779966635,-0.07160713510796725,-0.004357819535068918,0.005173335792694855,0.07192590487922194,-0.995568081183129,-0.060587621975511784,0.07192590487922156
4,3,1,0.1599339483469835,1.0,-0.0,-0.0,0.08185883995742259,0.9932991303208251,-0.0004754780068525219,-0.08158273068108617,0.9966439335694695,0.9966439335694695,-0.00047707911605863345,-0.08185744972018091
4,3,2,0.3529323336952943,0.9987270546534338,0.050440760336032016,-0.0,0.08204762386055008,0.9920107313429463,0.04996418577572196,-0.08177087781747099,0.9966284098995161,0.9953666998545272,0.05013321442518335,-0.08204750838450957
4,3,3,0.06700607242803369,-1.0,-0.0,-0.0,-0.08185883995742259,-0.9932991303208251,0.0004754780068525219,0.08158273068108617,0.9966439335694695,-0.9966439335694695,0.00047707911605863345,0.08185744972018091
4,3,4,0.36452795703138885,-0.0,-0.0,1.0,0.9966270072177907,-0.08158273068108617,-0.005788919354510596,0.006734608484110005,0.08206466038502756,-0.9941274392450989,-0.07054095304057051,0.0820646603850287
4,4,1,0.7265881852843835,1.0,-0.0,-0.0,0.13218738933512922,0.982526494100763,-0.0013646157418362472,-0.13102030497103684,0.9912247444957996,0.9912247444957994,-0.0013766966063083687,-0.1321802201756799
4,4,2,0.1061007291474142,0.9987270546534338,0.050440760336032016,-0.0,0.13253983927605356,0.9812069593166347,0.04907250613261473,-0.13136964312635704,0.9911776788268983,0.989940532637837,0.04950929301666091,-0.1325389442605676
4,4,3,0.3755590693265767,-1.0,-0.0,-0.0,-0.13218738933512922,-0.982526494100763,0.0013646157418362472,0.13102030497103684,0.9912247444957996,-0.9912247444957994,0.0013766966063083687,0.1321802201756799
4,4,4,0.131881169134072,-0.0,-0.0,1.0,0.9911709855988339,-0.13102030497103684,-0.010232197916931458,0.017580077307036035,0.1325898838789601,-0.988162151877619,-0.07717178428387737,0.13258988387895945
4,5,1,0.646857223858877,1.0,-0.0,-0.0,0.1720454404818959,0.9704003664093904,-0.0019361236713215859,-0.16946901400268014,0.9850890144598052,0.9850890144598053,-0.0019654301721995153,-0.17203421367520996
4,5,2,0.47115644586557337,0.9987270546534338,0.050440760336032016,-0.0,0.17239407415727154,0.9690674402285774,0.048500713294758725,-0.16981242679553618,0.9850280621360271,0.9837967845577523,0.04923790007523769,-0.17239349143749164
4,5,3,0.9171024541359019,-1.0,-0.0,-0.0,-0.1720454404818959,-0.9704003664093904,0.0019361236713215859,0.16946901400268014,0.9850890144598052,-0.9850890144598053,0.0019654301721995153,0.17203421367520996
4,5,4,0.1696562413007553,-0.0,-0.0,1.0,0.9850247325822802,-0.16946901400268014,-0.011085034838749197,0.02972627620120727,0.17241309753382236,-0.9829242466305979,-0.06429346144410311,0.17241309753382195
4,6,1,0.5871755323031821,1.0,-0.0,-0.0,0.18182806205376634,0.9669385558497717,-0.0025521042318256476,-0.1787788349467563,0.9833303391280936,0.9833303391280938,-0.0025953681385327393,-0.18180953829338492
4,6,2,0.8839802551855823,0.9987270546534338,0.050440760336032016,-0.0,0.18230458182442022,0.9655789658367772,0.04788196776298171,-0.17924736355815077,0.9832421062209568,0.9820358177579813,0.04869804441859567,-0.18230236726443633
4,6,3,0.4387461614717527,-1.0,-0.0,-0.0,-0.18182806205376634,-0.9669385558497717,0.0025521042318256476,0.1787788349467563,0.9833303391280936,-0.9833303391280938,0.0025953681385327393,0.18180953829338492
4,6,4,0.06649765985800715,-0.0,-0.0,1.0,0.9832301622061594,-0.17877883494675628,-0.013800432284665492,0.033258448128049345,0.1823689889428828,-0.9803137911936829,-0.07567313041905238,0.18236898894288298
4,7,1,0.38697425300292243,1.0,-0.0,-0.0,0.252278195687776,0.9363557119805201,-0.005255921529353538,-0.24406160679396213,0.9676547483377117,0.9676547483377117,-0.005431608265636516,-0.25221971701500356
4,7,2,0.8594628638648629,0.9987270546534338,0.050440760336032016,-0.0,0.2530079336559555,0.9348986696560169,0.045169635568494196,-0.24476757752031408,0.9674642037342486,0.9663392878490654,0.046688689249842034,-0.2529991048511692
4,7,3,0.09625721208751903,-1.0,-0.0,-0.0,-0.252278195687776,-0.9363557119805201,0.005255921529353538,0.24406160679396213,0.9676547483377117,-0.9676547483377117,0.005431608265636516,0.25221971701500356
4,7,4,0.6036294327459782,-0.0,-0.0,1.0,0.9674304437154654,-0.24406160679396213,-0.020155283271365728,0.06407833657249773,0.2531369917110059,-0.9641483259491181,-0.07962203838772022,0.25313699171100534
4,8,1,0.06727363177658363,1.0,-0.0,-0.0,0.3341006004623998,0.8883767887706638,-0.008828676820350614,-0.31477853232040615,0.9425374203556397,0.9425374203556397,-0.009366924463348483,-0.3339692679805046
4,8,2,0.02769717340550626,0.9987270546534338,0.050440760336032016,-0.0,0.3350082160843315,0.8868006084998212,0.0415880995869125,-0.3156336577316964,0.9422152063918273,0.9411868992178402,0.04413864189920299,-0.3349910461967621
4,8,3,0.5725931681153156,-1.0,-0.0,-0.0,-0.3341006004623998,-0.8883767887706638,0.008828676820350614,0.31477853232040615,0.9425374203556397,-0.9425374203556397,0.009366924463348483,0.3339692679805046
4,8,4,0.08535552676824587,-0.0,-0.0,1.0,0.9421669158473472,-0.31477853232040615,-0.024896953789757804,0.11232150268269747,0.33514400290427027,-0.9392336714744042,-0.07428733193495128,0.33514400290427016
4,9,1,0.9785148185288685,1.0,-0.0,-0.0,0.2314912048008798,0.9464118220998371,-0.0058147405133601535,-0.22512812770123966,0.9728369966751044,0.9728369966751045,-0.005977096402823264,-0.23141402770522415
4,9,2,0.4344789904274251,0.9987270546534338,0.050440760336032016,-0.0,0.23246353163789832,0.9449137916423093,0.04460159631052892,-0.22607372786138366,0.9726051133211443,0.9715287105737315,0.04585786739104047,-0.23244143462233313
4,9,3,0.1299434122740728,-1.0,-0.0,-0.0,-0.2314912048008798,-0.9464118220998371,0.0058147405133601535,0.22512812770123966,0.9728369966751044,-0.9728369966751045,0.005977096402823264,0.23141402770522415
4,9,4,0.18253308132126578,-0.0,-0.0,1.0,0.9725126615280547,-0.22512812770123966,-0.024428179798913024,0.05421912316761912,0.23285000143358203,-0.9668375620150256,-0.10490951105225095,0.2328500014335819
4,10,1,0.266111877870843,1.0,-0.0,-0.0,0.345770277127402,0.8804429154552397,-0.010172311352643,-0.32428338249386485,0.9383191969981428,0.9383191969981429,-0.010840992473761713,-0.3456002856291415
4,10,2,0.9764756455941168,0.9987270546534338,0.050440760336032016,-0.0,0.3468140611321472,0.8788090606240916,0.04023774161325475,-0.3252623035580576,0.9379339033220984,0.936962676699722,0.04290040211867318,-0.34678595411254515
4,10,3,0.2721750116866708,-1.0,-0.0,-0.0,-0.345770277127402,-0.8804429154552397,0.010172311352643,0.32428338249386485,0.9383191969981428,-0.9383191969981429,0.010840992473761713,0.3456002856291415
4,10,4,0.8326484187500784,-0.0,-0.0,1.0,0.9378578898913857,-0.32428338249386485,-0.027591100483726056,0.12042257836847747,0.3470195648208865,-0.9344815548404112,-0.07950877495327145,0.3470195648208866
4,11,1,0.412728657761521,1.0,-0.0,-0.0,0.3998416133672631,0.8401266842198641,-0.013345211838687462,-0.36624546960007764,0.9165842482935566,0.9165842482935566,-0.014559721993404103,-0.3995764385891774
4,11,2,0.4535766810561811,0.9987270546534338,0.050440760336032016,-0.0,0.40101616004506224,0.8383841062346715,0.03705634653910501,-0.3673213266024418,0.9160709794457593,0.9151955744105224,0.04045139227259968,-0.40097474414556644
4,11,3,0.632817271494376,-1.0,-0.0,-0.0,-0.3998416133672631,-0.8401266842198641,0.013345211838687462,0.36624546960007764,0.9165842482935566,-0.9165842482935566,0.014559721993404103,0.3995764385891774
4,11,4,0.7257309300954379,-0.0,-0.0,1.0,0.9159763700324842,-0.36624546960007764,-0.03057185217509505,0.1609872895421136,0.4012322139885002,-0.9128017562681912,-0.07619490935483879,0.40123221398850023
4,12,1,0.7045569751705708,1.0,-0.0,-0.0,0.39232019253959316,0.8460848665256966,-0.012846761152713876,-0.36063863615782477,0.9198287158627396,0.9198287158627396,-0.013966471073545957,-0.3920715128137407
4,12,2,0.9326813218396343,0.9987270546534338,0.050440760336032016,-0.0,0.3934725034735516,0.8443598463316543,0.03755626606729778,-0.3616978929882276,0.9193363851225818,0.918444934841853,0.040851495355848595,-0.3934336754658087
4,12,3,0.1946222413452583,-1.0,-0.0,-0.0,-0.39232019253959316,-0.8460848665256966,0.012846761152713876,0.36063863615782477,0.9198287158627396,-0.9198287158627396,0.013966471073545957,0.3920715128137407
4,12,4,0.6412615121799019,-0.0,-0.0,1.0,0.9192456646784221,-0.36063863615782477,-0.030101253311348723,0.15498740796992627,0.39368440148160083,-0.916060262485862,-0.07646036570934733,0.39368440148160083
4,13,1,0.6282399944896512,1.0,-0.0,-0.0,0.49906626408549576,0.7509328640517462,-0.018803078668286535,-0.43206381701246643,0.8665638257230371,0.866563825723037,-0.021698434795149407,-0.4985943379900081
4,13,2,0.9861417345472052,0.9987270546534338,0.050440760336032016,-0.0,0.500331412179919,0.7490285259721814,0.031590015293842075,-0.43315911187429046,0.8658339783041827,0.8650948619956267,0.03648507229493822,-0.5002796410492845
4,13,3,0.11194188084231937,-1.0,-0.0,-0.0,-0.49906626408549576,-0.7509328640517462,0.018803078668286535,0.43206381701246643,0.8665638257230371,-0.866563825723037,0.021698434795149407,0.4985943379900081
4,13,4,0.392974395976327,-0.0,-0.0,1.0,0.8657443872792991,-0.43206381701246643,-0.03261823327302978,0.2504866558943908,0.5004864192906645,-0.863287794351797,-0.06517306367525287,0.5004864192906644
4,14,1,0.18645624662676086,1.0,-0.0,-0.0,0.6765411903533675,0.5422920177552486,-0.031094409437293965,-0.4972368881488336,0.7364047920507094,0.7364047920507094,-0.042224615826716105,-0.6752222330929556
4,14,2,0.8004467609262783,0.9987270546534338,0.050440760336032016,-0.0,0.677998290707623,0.5400332840005502,0.019279381325188832,-0.49830781192435736,0.7350634787537343,0.7346757111591931,0.026228185568239793,-0.6779112638941264
4,14,3,0.6865478180920772,-1.0,-0.0,-0.0,-0.6765411903533675,-0.5422920177552486,0.031094409437293965,0.4972368881488336,0.7364047920507094,-0.7364047920507094,0.042224615826716105,0.6752222330929556
4,14,4,0.8629886127038566,-0.0,-0.0,1.0,0.7349691271408315,-0.4972368881488336,-0.03377980718535541,0.4598203821498442,0.6781005693478248,-0.7332789716237224,-0.04981533523536742,0.6781005693478249
4,15,1,0.8238448448534255,1.0,-0.0,-0.0,0.619851336000671,0.6157843212581833,-0.027039264043090518,-0.4856571518579644,0.7847192627036648,0.7847192627036648,-0.034457245193560915,-0.6188928639073872
4,15,2,0.8245134334021458,0.9987270546534338,0.050440760336032016,-0.0,0.6212626348494761,0.613636580434689,0.023339932366238096,-0.48676291277114303,0.7836024110094905,0.7830968509197926,0.029785426943965104,-0.6211860835701891
4,15,3,0.48259353412073636,-1.0,-0.0,-0.0,-0.619851336000671,-0.6157843212581833,0.027039264043090518,0.4856571518579644,0.7847192627036648,-0.7847192627036648,0.034457245193560915,0.6188928639073872
4,15,4,0.3235417406668305,-0.0,-0.0,1.0,0.7835058564065733,-0.4856571518579643,-0.03417823032757352,0.3861185729766021,0.6213844003325173,-0.7815728099998613,-0.05500336073658101,0.6213844003325173
4,16,1,0.12273043280371687,1.0,-0.0,-0.0,0.7398275559014998,0.4526551875288132,-0.03579869496274125,-0.4964644218582362,0.6727965424471303,0.6727965424471303,-0.053208797465772326,-0.7379116724537111
4,16,2,0.1001328599471294,0.9987270546534338,0.050440760336032016,-0.0,0.7413265178583909,0.45027326882129093,0.014569533765854077,-0.49747030664230407,0.6711445402593639,0.6709035711551535,0.021708488845374022,-0.7412267802253991
4,16,3,0.1427519517560959,-1.0,-0.0,-0.0,-0.7398275559014998,-0.4526551875288132,0.03579869496274125,0.4964644218582362,0.6727965424471303,-0.6727965424471303,0.053208797465772326,0.7379116724537111
4,16,4,0.2891618460058414,-0.0,-0.0,1.0,0.6710542448682936,-0.4964644218582362,-0.03247089950065485,0.5496862004442443,0.7414082549070008,-0.669623542187982,-0.043796247594691085,0.7414082549070009
4,17,1,0.6682492807244915,1.0,-0.0,-0.0,0.6368408479509536,0.5944337343811104,-0.02459755016332168,-0.4903847778396071,0.7709952881704987,0.7709952881704988,-0.031903632279892936,-0.6360412123960515
4,17,2,0.037504660494078745,0.9987270546534338,0.050440760336032016,-0.0,0.6379784248580078,0.5924363335924463,0.025799272028469225,-0.49126074300521494,0.7700542379700894,0.7693436440972587,0.033503188160456984,-0.6379560280068176
4,17,3,0.5278016249593501,-1.0,-0.0,-0.0,-0.6368408479509536,-0.5944337343811104,0.02459755016332168,0.4903847778396071,0.7709952881704987,-0.7709952881704988,0.031903632279892936,0.6360412123960515
4,17,4,0.6164388390836548,-0.0,-0.0,1.0,0.7700272044694189,-0.4903847778396071,-0.029741783759633485,0.40705810437701173,0.6380110534912478,-0.7686148620093369,-0.04661640828459641,0.6380110534912476
4,18,1,0.017822628052185596,1.0,-0.0,-0.0,0.586058381788839,0.6565355731350475,-0.018736446795551816,-0.4744950578296465,0.8102688276955047,0.8102688276955048,-0.0231237413499423,-0.5856020145550503
4,18,2,0.8675444538866967,0.9987270546534338,0.050440760336032016,-0.0,0.5869249664060989,0.6547547586100069,0.031676608593192226,-0.47519667755023814,0.8096413303489389,0.8086973009737792,0.03912424848610465,-0.5869224553364119
4,18,3,0.8049840418879645,-1.0,-0.0,-0.0,-0.586058381788839,-0.6565355731350475,0.018736446795551816,0.4744950578296465,0.8102688276955047,-0.8102688276955048,0.0231237413499423,0.5856020145550503
4,18,4,0.5470580675740615,-0.0,-0.0,1.0,0.8096378664209782,-0.47449505782964657,-0.025884344084556605,0.3444865252572863,0.5869297447372098,-0.8084358683203142,-0.044101264787910835,0.5869297447372098
