seed_objective,step,objective,direction_source,descent_x1,descent_x2,normal_dot_descent,projected_x1,projected_x2,projected_norm,unit_projected_x1,unit_projected_x2
1,0,1,package,1.0,-0.0,1.4814814814814814,0.0,-1.0,1.0,0.0,-1.0
1,0,2,package,0.9943889131791135,0.10578605459351223,1.4731687602653845,-2.004542078052004e-13,1.0,1.0,-2.004542078052004e-13,1.0
1,0,3,package,-1.0,-0.0,-1.4814814814814814,-1.0,-0.0,1.0,-1.0,-0.0
1,0,4,package,-0.43711187213532954,0.8994071443113777,-0.6475731439039266,-0.43711187213532954,0.8994071443113777,1.0,-0.43711187213532954,0.8994071443113777
1,1,1,package,1.0,-0.0,1.428189740226579,0.41333609445237673,-0.9105785375369089,0.9999999999999999,0.4133360944523768,-0.910578537536909
1,1,2,package,0.9965570644725484,0.08290969334074891,1.477022410544909,0.4133360944523764,-0.9105785375369091,1.0,0.4133360944523764,-0.9105785375369091
1,1,3,package,-1.0,-0.0,-1.428189740226579,-1.0,-0.0,1.0,-1.0,-0.0
1,1,4,package,-0.4242613648268579,0.9055397806365283,-0.018869953634400582,-0.4242613648268579,0.9055397806365283,1.0,-0.4242613648268579,0.9055397806365283
1,2,1,package,1.0,-0.0,1.2855890431379446,0.6860051824306441,-0.7275966531522108,0.9999999999999999,0.6860051824306442,-0.7275966531522109
1,2,2,package,0.9980194447168589,0.06290618385383587,1.359291521280741,0.6860051824306442,-0.7275966531522109,1.0,0.6860051824306442,-0.7275966531522109
1,2,3,package,-1.0,-0.0,-1.2855890431379446,-1.0,-0.0,1.0,-1.0,-0.0
1,2,4,package,-0.3885929396071882,0.9214095328828784,0.6172707366859647,-0.6860051824306442,0.7275966531522109,1.0,-0.6860051824306442,0.7275966531522109
1,3,1,package,1.0,-0.0,1.4285079515908892,0.4122530435434986,-0.9110693870881197,0.9999999999999999,0.4122530435434987,-0.9110693870881198
1,3,2,package,0.9965514577464005,0.08297705745279346,1.4772172772519139,0.41225304354349845,-0.9110693870881198,0.9999999999999999,0.4122530435434985,-0.9110693870881199
1,3,3,package,-1.0,-0.0,-1.4285079515908892,-1.0,-0.0,1.0,-1.0,-0.0
1,3,4,package,-0.4243388738390349,0.9055034622512602,-0.020862466558534076,-0.42433887383903496,0.9055034622512603,1.0,-0.42433887383903496,0.9055034622512603
1,4,1,package,1.0,-0.0,1.4814798515566476,0.0024421349113196156,0.9999970179840912,1.0,0.0024421349113196156,0.9999970179840912
1,4,2,package,0.9943753696234593,0.10591328663679822,1.4727638823567422,0.002442134911314081,0.9999970179840912,1.0,0.002442134911314081,0.9999970179840912
1,4,3,package,-1.0,-0.0,-1.4814798515566476,-1.0,-0.0,1.0,-1.0,-0.0
1,4,4,package,-0.43711148311100734,0.8994073333770943,-0.6508258968636782,-0.43711148311100734,0.8994073333770943,1.0,-0.43711148311100734,0.8994073333770943
1,5,1,package,1.0,-0.0,1.4287500033333185,0.4114262139528952,-0.9114430703408669,1.0,0.4114262139528952,-0.9114430703408669
1,5,2,package,0.9965471779778323,0.08302844129826042,1.4773650657836972,0.41142621395289547,-0.9114430703408667,0.9999999999999999,0.4114262139528955,-0.9114430703408668
1,5,3,package,-1.0,-0.0,-1.4287500033333185,-1.0,-0.0,1.0,-1.0,-0.0
1,5,4,package,-0.4243978258636077,0.9054758336931157,-0.02238169434246895,-0.42439782586360775,0.9054758336931158,1.0,-0.42439782586360775,0.9054758336931158
1,6,1,package,1.0,-0.0,1.4814781435860522,0.0034947912967953853,0.9999938931982494,1.0,0.0034947912967953853,0.9999938931982494
1,6,2,package,0.9943695268721051,0.10596812741643477,1.4725880719436704,0.0034947912968009893,0.9999938931982494,1.0,0.0034947912968009893,0.9999938931982494
1,6,3,package,-1.0,-0.0,-1.4814781435860522,-1.0,-0.0,1.0,-1.0,-0.0
1,6,4,package,-0.43711107545875316,0.8994075314957575,-0.6522271767990958,-0.4371110754587532,0.8994075314957576,1.0,-0.4371110754587532,0.8994075314957576
1,7,1,package,1.0,-0.0,1.4289906693875307,0.4106015355259874,-0.9118148819928863,0.9999999999999999,0.41060153552598744,-0.9118148819928864
1,7,2,package,0.9965429098170537,0.08307965390731757,1.4775116289221584,0.4106015355259875,-0.9118148819928862,0.9999999999999999,0.41060153552598755,-0.9118148819928863
1,7,3,package,-1.0,-0.0,-1.4289906693875307,-1.0,-0.0,1.0,-1.0,-0.0
1,7,4,package,-0.4244564350518902,0.9054483611686756,-0.023895328630232582,-0.42445643505189024,0.9054483611686757,1.0,-0.42445643505189024,0.9054483611686757
1,8,1,package,1.0,-0.0,1.2869562993338353,0.6844356265307291,-0.7290732975054622,0.9999999999999999,0.6844356265307292,-0.7290732975054623
1,8,2,package,0.9980106075984065,0.06304623003050601,1.3605661052085916,0.6844356265307291,-0.7290732975054623,1.0,0.6844356265307291,-0.7290732975054623
1,8,3,package,-1.0,-0.0,-1.2869562993338353,-1.0,-0.0,1.0,-1.0,-0.0
1,8,4,package,-0.3889437265377974,0.9212615142221513,0.6124796855252571,-0.684435626530729,0.7290732975054623,1.0,-0.684435626530729,0.7290732975054623
1,9,1,package,1.0,-0.0,1.4293077841711128,0.40951093351850193,-0.9123052095262886,1.0,0.40951093351850193,-0.9123052095262886
1,9,2,package,0.9965372660752364,0.08314732300737923,1.4777041665347967,0.409510933518502,-0.9123052095262885,1.0,0.409510933518502,-0.9123052095262885
1,9,3,package,-1.0,-0.0,-1.4293077841711128,-1.0,-0.0,1.0,-1.0,-0.0
1,9,4,package,-0.4245336535847361,0.9054121586183804,-0.025894537268111972,-0.4245336535847361,0.9054121586183804,1.0,-0.4245336535847361,0.9054121586183804
1,10,1,package,1.0,-0.0,1.2874993265107686,0.6838091014513875,-0.7296609574125823,1.0,0.6838091014513875,-0.7296609574125823
1,10,2,package,0.9980070817503697,0.06310201879584372,1.3610718957927914,0.6838091014513873,-0.7296609574125823,0.9999999999999999,0.6838091014513874,-0.7296609574125824
1,10,3,package,-1.0,-0.0,-1.2874993265107686,-1.0,-0.0,1.0,-1.0,-0.0
1,10,4,package,-0.3890830001399929,0.921202702450477,0.6105725736369462,-0.6838091014513874,0.7296609574125821,0.9999999999999999,-0.6838091014513875,0.7296609574125822
1,11,1,package,1.0,-0.0,1.089312455901992,0.8350065520712988,-0.5502400003616615,1.0,0.8350065520712988,-0.5502400003616615
1,11,2,package,0.9988851374359633,0.04720680257692238,1.1661339826610961,0.8350065520712989,-0.5502400003616612,0.9999999999999999,0.835006552071299,-0.5502400003616613
1,11,3,package,-1.0,-0.0,-1.089312455901992,-1.0,-0.0,1.0,-1.0,-0.0
1,11,4,package,-0.3365085119292396,0.9416804242412438,1.1900969811726574,-0.8350065520712989,0.5502400003616614,1.0,-0.8350065520712989,0.5502400003616614
1,12,1,package,1.0,-0.0,0.8598584376665105,0.917692751589381,-0.39729084268368264,1.0,0.917692751589381,-0.39729084268368264
1,12,2,package,0.9993759210676305,0.03532376523284475,0.9294807055717037,0.9176927515893809,-0.39729084268368264,0.9999999999999999,0.917692751589381,-0.3972908426836827
1,12,3,package,-1.0,-0.0,-0.8598584376665105,-1.0,-0.0,1.0,-1.0,-0.0
1,12,4,package,-0.2714827011759448,0.9624433193503982,1.6781362133997675,-0.917692751589381,0.39729084268368275,1.0,-0.917692751589381,0.39729084268368275
1,13,1,package,1.0,-0.0,1.089456914894631,0.8349335482401499,-0.5503507699850283,1.0,0.8349335482401499,-0.5503507699850283
1,13,2,package,0.9988847026684845,0.04721600125903331,1.1662808287260091,0.8349335482401499,-0.5503507699850282,1.0,0.8349335482401499,-0.5503507699850282
1,13,3,package,-1.0,-0.0,-1.089456914894631,-1.0,-0.0,1.0,-1.0,-0.0
1,13,4,package,-0.3365480836985091,0.9416662823733583,1.1897388802396816,-0.8349335482401498,0.5503507699850283,1.0,-0.8349335482401498,0.5503507699850283
1,14,1,package,1.0,-0.0,0.8600181101710285,0.9176521809414443,-0.397384542745954,1.0,0.9176521809414443,-0.397384542745954
1,14,2,package,0.9993756845967554,0.03533045480554241,0.929646741158328,0.9176521809414442,-0.39738454274595403,1.0,0.9176521809414442,-0.39738454274595403
1,14,3,package,-1.0,-0.0,-0.8600181101710285,-1.0,-0.0,1.0,-1.0,-0.0
1,14,4,package,-0.27152939793609515,0.9624301460659167,1.677846192711458,-0.9176521809414443,0.39738454274595386,1.0,-0.9176521809414443,0.39738454274595386
1,15,1,package,1.0,-0.0,0.6132934045726448,0.9639013399146422,-0.2662596606900061,0.9999999999999999,0.9639013399146423,-0.2662596606900062
1,15,2,package,0.9996363791214922,0.0269649686977837,0.6729384912676234,0.9639013399146423,-0.2662596606900061,1.0,0.9639013399146423,-0.2662596606900061
1,15,3,package,-1.0,-0.0,-0.6132934045726448,-1.0,-0.0,1.0,-1.0,-0.0
1,15,4,package,-0.19723860923704614,0.9803555125699226,2.0556372395015794,-0.9639013399146422,0.26625966069000634,1.0,-0.9639013399146422,0.26625966069000634
1,16,1,package,1.0,-0.0,0.3570252257342914,0.9888162685158886,-0.1491388182812046,1.0,0.9888162685158886,-0.1491388182812046
1,16,2,package,0.9997642047294302,0.021714855323721402,0.4083431273686202,0.9888162685158886,-0.14913881828120457,1.0,0.9888162685158886,-0.14913881828120457
1,16,3,package,-1.0,-0.0,-0.3570252257342914,-1.0,-0.0,1.0,-1.0,-0.0
1,16,4,package,-0.1163269798467373,0.9932109714253748,2.309537014576117,-0.9888162685158886,0.1491388182812052,1.0,-0.9888162685158886,0.1491388182812052
2,0,1,package,1.0,-0.0,1.4786993193926674,0.10052747442768145,-0.9949342826966975,1.0,0.10052747442768145,-0.9949342826966975
2,0,2,package,0.9949342835053411,0.10052746642442371,1.4862281309522876,0.100527461410547,-0.9949342840119396,1.0,0.100527461410547,-0.9949342840119396
2,0,3,package,-1.0,-0.0,-1.4786993193926674,-1.0,-0.0,1.0,-1.0,-0.0
2,0,4,package,-0.4364474789833158,0.8997297361369737,-0.5109488849863032,-0.4364474789833158,0.8997297361369737,1.0,-0.4364474789833158,0.8997297361369737
2,1,1,package,1.0,-0.0,1.4490492742920356,0.3305741821872967,0.9437800114810655,1.0,0.3305741821872967,0.9437800114810655
2,1,2,package,0.9923344316332442,0.12358145409051548,1.3752173629949531,0.33057418218729645,0.9437800114810655,1.0,0.33057418218729645,0.9437800114810655
2,1,3,package,-1.0,-0.0,-1.4490492742920356,-1.0,-0.0,1.0,-1.0,-0.0
2,1,4,package,-0.42932252929822773,0.9031512419506338,-1.0805065286451627,-0.4293225292982278,0.9031512419506339,1.0,-0.4293225292982278,0.9031512419506339
2,2,1,package,1.0,-0.0,1.4786643275859719,0.10115302548901542,-0.9948708787749385,0.9999999999999999,0.10115302548901543,-0.9948708787749386
2,2,2,package,0.9949376133689751,0.10049450484304075,1.4862873516844368,0.1011530254890053,-0.9948708787749396,1.0,0.1011530254890053,-0.9948708787749396
2,2,3,package,-1.0,-0.0,-1.4786643275859719,-1.0,-0.0,1.0,-1.0,-0.0
2,2,4,package,-0.4364391182269604,0.899733791785811,-0.5100787319209604,-0.43643911822696047,0.8997337917858111,1.0,-0.43643911822696047,0.8997337917858111
2,3,1,package,1.0,-0.0,1.4025580772101964,0.4886158279098535,-0.8724990388051831,1.0,0.4886158279098535,-0.8724990388051831
2,3,2,package,0.996949331986908,0.07805145386767484,1.459585541951474,0.4886158279098538,-0.872499038805183,1.0,0.4886158279098538,-0.872499038805183
2,3,3,package,-1.0,-0.0,-1.4025580772101964,-1.0,-0.0,1.0,-1.0,-0.0
2,3,4,package,-0.417987467181428,0.9084527930934301,0.12730057167507425,-0.4886158279098536,0.8724990388051831,1.0,-0.4886158279098536,0.8724990388051831
2,4,1,package,1.0,-0.0,1.2444254681314675,0.7285173809815685,-0.6850273174171643,1.0,0.7285173809815685,-0.6850273174171643
2,4,2,package,0.9982611393891094,0.058946565511122165,1.3202732285856675,0.7285173809815684,-0.6850273174171643,1.0,0.7285173809815684,-0.6850273174171643
2,4,3,package,-1.0,-0.0,-1.2444254681314675,-1.0,-0.0,1.0,-1.0,-0.0
2,4,4,package,-0.37795295388629624,0.9258248023511917,0.7549298746661444,-0.7285173809815686,0.685027317417164,1.0,-0.7285173809815686,0.685027317417164
2,5,1,package,1.0,-0.0,1.0370373267238886,0.859239790850016,-0.5115730464166586,1.0,0.859239790850016,-0.5115730464166586
2,5,2,package,0.9990296516990452,0.04404265008016914,1.1127450268612396,0.859239790850016,-0.5115730464166585,0.9999999999999999,0.8592397908500161,-0.5115730464166586
2,5,3,package,-1.0,-0.0,-1.0370373267238886,-1.0,-0.0,1.0,-1.0,-0.0
2,5,4,package,-0.32207253172521827,0.9467149963468986,1.314997683202273,-0.8592397908500163,0.5115730464166582,1.0,-0.8592397908500163,0.5115730464166582
2,6,1,package,1.0,-0.0,0.8025270300494547,0.9311983773883918,-0.36451280080297066,1.0,0.9311983773883918,-0.36451280080297066
2,6,2,package,0.9994540707990991,0.03303877060529387,0.8698238819288672,0.9311983773883917,-0.36451280080297066,0.9999999999999999,0.9311983773883918,-0.3645128008029707
2,6,3,package,-1.0,-0.0,-0.8025270300494547,-1.0,-0.0,1.0,-1.0,-0.0
2,6,4,package,-0.2545937761742489,0.9670480903933044,1.7782910397445293,-0.9311983773883918,0.36451280080297055,0.9999999999999999,-0.931198377388392,0.3645128008029706
2,7,1,package,1.0,-0.0,1.0371597759360431,0.8591877186332241,-0.5116604969604707,1.0,0.8591877186332241,-0.5116604969604707
2,7,2,package,0.9990293409755848,0.044049697727549644,1.1128706053859856,0.8591877186332241,-0.5116604969604707,1.0,0.8591877186332241,-0.5116604969604707
2,7,3,package,-1.0,-0.0,-1.0371597759360431,-1.0,-0.0,1.0,-1.0,-0.0
2,7,4,package,-0.32210661535409907,0.946703400408558,1.3147156063881715,-0.8591877186332241,0.5116604969604708,1.0,-0.8591877186332241,0.5116604969604708
2,8,1,package,1.0,-0.0,1.2447665407245008,0.7281988807978231,-0.6853658803914869,1.0,0.7281988807978231,-0.6853658803914869
2,8,2,package,0.998259311765636,0.05897750819760708,1.3206010923611826,0.728198880797823,-0.6853658803914869,1.0,0.728198880797823,-0.6853658803914869
2,8,3,package,-1.0,-0.0,-1.2447665407245008,-1.0,-0.0,1.0,-1.0,-0.0
2,8,4,package,-0.37804174056120127,0.9257885516647186,0.7538373364271853,-0.728198880797823,0.685365880391487,1.0,-0.728198880797823,0.685365880391487
2,9,1,package,1.0,-0.0,1.4031177669691772,0.48718071550754155,-0.8733011796840537,1.0,0.48718071550754155,-0.8733011796840537
2,9,2,package,0.9969417969826672,0.07814763866535074,1.4599964022364755,0.48718071550754155,-0.8733011796840536,0.9999999999999999,0.4871807155075416,-0.8733011796840537
2,9,3,package,-1.0,-0.0,-1.4031177669691772,-1.0,-0.0,1.0,-1.0,-0.0
2,9,4,package,-0.4181251085793745,0.9083894503876002,0.12435830883373722,-0.48718071550754144,0.8733011796840537,1.0,-0.48718071550754144,0.8733011796840537
2,10,1,package,1.0,-0.0,1.2452803733100184,0.7277180952860163,-0.6858763545955586,1.0,0.7277180952860163,-0.6858763545955586
2,10,2,package,0.998256553395076,0.05902417812882805,1.3210948965583817,0.7277180952860164,-0.6858763545955585,1.0,0.7277180952860164,-0.6858763545955585
2,10,3,package,-1.0,-0.0,-1.2452803733100184,-1.0,-0.0,1.0,-1.0,-0.0
2,10,4,package,-0.3781754797447141,0.9257339285776748,0.7521900034527067,-0.7277180952860164,0.6858763545955586,1.0,-0.7277180952860164,0.6858763545955586
2,11,1,package,1.0,-0.0,1.4034539625196927,0.4863149153052219,-0.8737836134602632,0.9999999999999999,0.486314915305222,-0.8737836134602633
2,11,2,package,0.996937252378701,0.07820559327571151,1.4602426613531798,0.4863149153052218,-0.8737836134602633,1.0,0.4863149153052218,-0.8737836134602633
2,11,3,package,-1.0,-0.0,-1.4034539625196927,-1.0,-0.0,1.0,-1.0,-0.0
2,11,4,package,-0.4182077734440356,0.9083513957885364,0.1225864578694662,-0.486314915305222,0.8737836134602632,0.9999999999999999,-0.48631491530522203,0.8737836134602633
2,12,1,package,1.0,-0.0,1.2457946851271688,0.7272357034407324,-0.6863878143156851,1.0,0.7272357034407324,-0.6863878143156851
2,12,2,package,0.9982537863909369,0.059070956959894456,1.3215890054190076,0.7272357034407324,-0.6863878143156847,0.9999999999999999,0.7272357034407325,-0.6863878143156849
2,12,3,package,-1.0,-0.0,-1.2457946851271688,-1.0,-0.0,1.0,-1.0,-0.0
2,12,4,package,-0.37830931995381795,0.9256792416577568,0.7505394415430233,-0.7272357034407325,0.686387814315685,1.0,-0.7272357034407325,0.686387814315685
2,13,1,package,1.0,-0.0,1.4037900817071263,0.48544647334666713,-0.8742663904756282,1.0,0.48544647334666713,-0.8742663904756282
2,13,2,package,0.9969326948456145,0.07826366939941395,1.4604884581890465,0.4854464733466672,-0.8742663904756282,1.0,0.4854464733466672,-0.8742663904756282
2,13,3,package,-1.0,-0.0,-1.4037900817071263,-1.0,-0.0,1.0,-1.0,-0.0
2,13,4,package,-0.4182904091463726,0.908313345501518,0.1208116171783149,-0.48544647334666713,0.8742663904756282,1.0,-0.48544647334666713,0.8742663904756282
2,14,1,package,1.0,-0.0,1.4789795028745012,0.09536637907476705,-0.9954422402842708,1.0,0.09536637907476705,-0.9954422402842708
2,14,2,package,0.99490678475151,0.10079925424035906,1.48572906003423,-0.09536637907477566,0.99544224028427,1.0,-0.09536637907477566,0.99544224028427
2,14,3,package,-1.0,-0.0,-1.4789795028745012,-1.0,-0.0,1.0,-1.0,-0.0
2,14,4,package,-0.4365144204585863,0.8996972606003114,-0.5181171350072019,-0.4365144204585863,0.8996972606003114,1.0,-0.4365144204585863,0.8996972606003114
2,15,1,package,1.0,-0.0,1.4041562114776334,0.48449724137345657,-0.8747927886656992,1.0,0.48449724137345657,-0.8747927886656992
2,15,2,package,0.9969277143995963,0.07832708511107137,1.4607557356288159,0.48449724137345657,-0.8747927886656992,1.0,0.48449724137345657,-0.8747927886656992
2,15,3,package,-1.0,-0.0,-1.4041562114776334,-1.0,-0.0,1.0,-1.0,-0.0
2,15,4,package,-0.41838041120468816,0.9082718929484696,0.11887442413312066,-0.48449724137345673,0.874792788665699,0.9999999999999999,-0.4844972413734568,0.8747927886656991
2,16,1,package,1.0,-0.0,1.246870907391018,0.7262225074967955,-0.6874597221692824,1.0,0.7262225074967955,-0.6874597221692824
2,16,2,package,0.9982479765892799,0.05916905640119929,1.3226224446339594,0.7262225074967954,-0.6874597221692823,0.9999999999999999,0.7262225074967955,-0.6874597221692824
2,16,3,package,-1.0,-0.0,-1.246870907391018,-1.0,-0.0,1.0,-1.0,-0.0
2,16,4,package,-0.37858931028353177,0.9255647649619337,0.7470800613690407,-0.7262225074967956,0.6874597221692822,1.0,-0.7262225074967956,0.6874597221692822
3,0,1,package,1.0,-0.0,-1.4814814814814814,1.0,-0.0,1.0,1.0,-0.0
3,0,2,package,0.9943889131767704,0.10578605461553638,-1.4731687603281012,0.9943889131767705,0.10578605461553639,1.0,0.9943889131767705,0.10578605461553639
3,0,3,package,-1.0,-0.0,1.4814814814814814,0.0,1.0,1.0,0.0,1.0
3,0,4,package,0.43711187213532954,0.8994071443113777,-0.6475731444671972,0.43711187213532954,0.8994071443113777,1.0,0.43711187213532954,0.8994071443113777
3,1,1,package,1.0,-0.0,-1.4281897403255062,1.0,-0.0,1.0,1.0,-0.0
3,1,2,package,0.9965570644708088,0.08290969336165854,-1.369522739646635,0.9965570644708088,0.08290969336165854,1.0,0.9965570644708088,0.08290969336165854
3,1,3,package,-1.0,-0.0,1.4281897403255062,-0.4133360941163638,-0.9105785376894343,1.0,-0.4133360941163638,-0.9105785376894343
3,1,4,package,0.4242613648509558,0.9055397806252381,-0.018869954253013077,0.4242613648509558,0.9055397806252381,1.0,0.4242613648509558,0.9055397806252381
3,2,1,package,1.0,-0.0,-1.2855890433064499,1.0,-0.0,1.0,1.0,-0.0
3,2,2,package,0.9980194447157733,0.06290618387105863,-1.2067942048288505,0.9980194447157734,0.06290618387105865,1.0,0.9980194447157734,0.06290618387105865
3,2,3,package,-1.0,-0.0,1.2855890433064499,-0.6860051822379032,-0.7275966533339341,0.9999999999999999,-0.6860051822379033,-0.7275966533339342
3,2,4,package,0.3885929396504308,0.9214095328646414,0.6172707360964446,0.6860051822379031,0.7275966533339343,1.0,0.6860051822379031,0.7275966533339343
3,3,1,package,1.0,-0.0,-1.0869508250985982,1.0,-0.0,1.0,1.0,-0.0
3,3,2,package,0.9988922154057595,0.047056795489852955,-1.0077607071011758,0.9988922154057595,0.047056795489852955,1.0,0.9988922154057595,0.047056795489852955
3,3,3,package,-1.0,-0.0,1.0869508250985982,-0.836194924689825,-0.5484323549198915,1.0,-0.836194924689825,-0.5484323549198915
3,3,4,package,0.3358613357506199,0.9419114412447751,1.1959407245794647,0.8361949246898251,0.5484323549198913,0.9999999999999999,0.8361949246898253,0.5484323549198914
3,4,1,package,1.0,-0.0,-0.8572491412947679,1.0,-0.0,1.0,1.0,-0.0
3,4,2,package,0.999379769701264,0.035214711582641445,-0.786667587186726,0.999379769701264,0.035214711582641445,1.0,0.999379769701264,0.035214711582641445
3,4,3,package,-1.0,-0.0,0.8572491412947679,-0.9183532717684331,-0.39576163057099734,1.0,-0.9183532717684331,-0.39576163057099734
3,4,4,package,0.27071933217399136,0.9626583211021801,1.6828667368837085,0.9183532717684332,0.39576163057099734,1.0,0.9183532717684332,0.39576163057099734
3,5,1,package,1.0,-0.0,-0.610378056579749,1.0,-0.0,1.0,1.0,-0.0
3,5,2,package,0.999638473643338,0.026887209078247324,-0.5504034193530498,0.999638473643338,0.026887209078247324,1.0,0.999638473643338,0.026887209078247324
3,5,3,package,-1.0,-0.0,0.610378056579749,-0.9642918984085618,-0.2648417162450279,0.9999999999999999,-0.9642918984085619,-0.26484171624502795
3,5,4,package,0.19633724249432724,0.9805364282930664,2.059298233486651,0.9642918984085617,0.26484171624502817,0.9999999999999999,0.9642918984085618,0.2648417162450282
3,6,1,package,1.0,-0.0,-0.3540313628784302,1.0,-0.0,1.0,1.0,-0.0
3,6,2,package,0.9997651496537091,0.021671306787930552,-0.30262281188159323,0.9997651496537091,0.021671306787930552,1.0,0.9997651496537091,0.021671306787930552
3,6,3,package,-1.0,-0.0,0.3540313628784302,-0.9890111054559333,-0.1478412435176084,1.0,-0.9890111054559333,-0.1478412435176084
3,6,4,package,0.11536454754323544,0.9933232208954668,2.3117020449382135,0.9890111054559332,0.14784124351760908,1.0,0.9890111054559332,0.14784124351760908
3,7,1,package,1.0,-0.0,-0.09299179248299555,1.0,-0.0,1.0,1.0,-0.0
3,7,2,package,0.9998134025499656,0.0193173518231721,-0.04595185744591782,0.9998134025499658,0.019317351823172103,1.0,0.9998134025499658,0.019317351823172103
3,7,3,package,-1.0,-0.0,0.09299179248299555,-0.9992711025647377,-0.038174121850454365,0.9999999999999999,-0.9992711025647378,-0.03817412185045437
3,7,4,package,0.03049177279654887,0.9995350177916348,2.4302474126476747,0.9992711025647378,0.038174121850455246,1.0,0.9992711025647378,0.038174121850455246
3,8,1,package,1.0,-0.0,0.169201386978441,0.9975708009847027,-0.06965986665748465,0.9999999999999999,0.9975708009847029,-0.06965986665748466
3,8,2,package,0.9998056224153355,0.019715917089587233,0.2169414405318713,0.9975708009847027,-0.06965986665748466,0.9999999999999999,0.9975708009847029,-0.06965986665748468
3,8,3,package,-1.0,-0.0,-0.169201386978441,-1.0,-0.0,1.0,-1.0,-0.0
3,8,4,package,-0.05542120503326167,0.9984630639300891,2.409963248685797,-0.9975708009847027,0.0696598666574857,1.0,-0.9975708009847027,0.0696598666574857
3,9,1,package,1.0,-0.0,-0.092989601581752,1.0,-0.0,1.0,1.0,-0.0
3,9,2,package,0.9998134027066403,0.01931734371412276,-0.04594968232504337,0.9998134027066403,0.01931734371412276,1.0,0.9998134027066403,0.01931734371412276
3,9,3,package,-1.0,-0.0,0.092989601581752,-0.9992711370083706,-0.03817322022044303,1.0,-0.9992711370083706,-0.03817322022044303
3,9,4,package,0.030491055073489454,0.999535039686206,2.4302478262358496,0.9992711370083706,0.038173220220443345,1.0,0.9992711370083706,0.038173220220443345
3,10,1,package,1.0,-0.0,0.16920357406723224,0.9975707375865381,-0.06966077455103635,1.0,0.9975707375865381,-0.06966077455103635
3,10,2,package,0.9998056221235483,0.01971593188627742,0.2169436548380954,0.9975707375865381,-0.06966077455103638,1.0,0.9975707375865381,-0.06966077455103638
3,10,3,package,-1.0,-0.0,-0.16920357406723224,-1.0,-0.0,1.0,-1.0,-0.0
3,10,4,package,-0.05542191920464168,0.9984630242886684,2.4099624972667466,-0.9975707375865381,0.06966077455103574,0.9999999999999999,-0.9975707375865382,0.06966077455103575
3,11,1,package,1.0,-0.0,-0.09298741055418183,1.0,-0.0,1.0,1.0,-0.0
3,11,2,package,0.9998134028633201,0.019317335604797703,-0.04594750707839148,0.9998134028633201,0.019317335604797703,1.0,0.9998134028633201,0.019317335604797703
3,11,3,package,-1.0,-0.0,0.09298741055418183,-0.9992711714531683,-0.03817231853860286,1.0,-0.9992711714531683,-0.03817231853860286
3,11,4,package,0.030490337308999207,0.9995350615815253,2.4302482398381247,0.9992711714531682,0.03817231853860282,0.9999999999999999,0.9992711714531683,0.038172318538602826
3,12,1,package,1.0,-0.0,0.16920576128190742,0.9975706741838737,-0.0696616824971366,1.0,0.9975706741838737,-0.0696616824971366
3,12,2,package,0.9998056218317404,0.01971594668401304,0.21694586927211848,0.9975706741838736,-0.0696616824971366,0.9999999999999999,0.9975706741838737,-0.06966168249713661
3,12,3,package,-1.0,-0.0,-0.16920576128190742,-1.0,-0.0,1.0,-1.0,-0.0
3,12,4,package,-0.05542263341704273,0.9984629846444584,2.4099617457947256,-0.9975706741838735,0.06966168249713835,0.9999999999999999,-0.9975706741838736,0.06966168249713836
3,13,1,package,1.0,-0.0,-0.0929852194002775,1.0,-0.0,1.0,1.0,-0.0
3,13,2,package,0.9998134030200052,0.019317327495196875,-0.04594533170595475,0.9998134030200052,0.019317327495196875,1.0,0.9998134030200052,0.019317327495196875
3,13,3,package,-1.0,-0.0,0.0929852194002775,-0.9992712058991314,-0.03817141680493077,1.0,-0.9992712058991314,-0.03817141680493077
3,13,4,package,0.030489619503075643,0.9995350834775925,2.430248653454501,0.9992712058991314,0.038171416804931066,1.0,0.9992712058991314,0.038171416804931066
3,14,1,package,1.0,-0.0,0.16920794862247387,0.9975706107767089,-0.06966259049578852,1.0,0.9975706107767089,-0.06966259049578852
3,14,2,package,0.9998056215399116,0.019715961482794215,0.21694808383394804,0.9975706107767089,-0.06966259049578852,1.0,0.9975706107767089,-0.06966259049578852
3,14,3,package,-1.0,-0.0,-0.16920794862247387,-1.0,-0.0,1.0,-1.0,-0.0
3,14,4,package,-0.05542334767046719,0.9984629449974588,2.4099609942697295,-0.9975706107767088,0.06966259049579089,1.0,-0.9975706107767088,0.06966259049579089
3,15,1,package,1.0,-0.0,0.42929929690702157,0.9835069915386592,-0.18087011249671917,1.0,0.9835069915386592,-0.18087011249671917
3,15,2,package,0.9997380860465734,0.022885788339796223,0.4826108937682816,0.9835069915386592,-0.18087011249671917,1.0,0.9835069915386592,-0.18087011249671917
3,15,3,package,-1.0,-0.0,-0.42929929690702157,-1.0,-0.0,1.0,-1.0,-0.0
3,15,4,package,-0.1394554758517979,0.9902283424821512,2.2516971955448137,-0.9835069915386592,0.18087011249671925,1.0,-0.9835069915386592,0.18087011249671925
3,16,1,package,1.0,-0.0,0.16922682743317627,0.9975700634777491,-0.06967042739211056,0.9999999999999999,0.9975700634777492,-0.06967042739211057
3,16,2,package,0.999805619020986,0.01971608921827944,0.21696719760429228,0.9975700634777492,-0.06967042739211055,1.0,0.9975700634777492,-0.06967042739211055
3,16,3,package,-1.0,-0.0,-0.16922682743317627,-1.0,-0.0,1.0,-1.0,-0.0
3,16,4,package,-0.05542951234718258,0.9984626027853791,2.4099545074966158,-0.9975700634777492,0.06967042739211081,1.0,-0.9975700634777492,0.06967042739211081
4,0,1,package,1.0,-0.0,-2.2007843199633366e-09,1.0,-0.0,1.0,1.0,-0.0
4,0,2,package,0.9998167095271888,0.0191454263526483,0.04669615963534663,1.0,9.023215734929995e-10,1.0,1.0,9.023215734929995e-10
4,0,3,package,-1.0,-0.0,2.2007843199633366e-09,-1.0,-9.023215711849679e-10,1.0,-1.0,-9.023215711849679e-10
4,0,4,package,7.219672961639726e-10,1.0,2.439024390243903,1.0,0.0,1.0,1.0,0.0
4,1,1,package,1.0,-0.0,0.261829527201353,0.9941047402448949,-0.10842400759347537,1.0,0.9941047402448949,-0.10842400759347537
4,1,2,package,0.9997894875367381,0.02051781204287204,0.3110300931776655,0.9941047402448949,-0.10842400759347538,1.0,0.9941047402448949,-0.10842400759347538
4,1,3,package,-1.0,-0.0,-0.261829527201353,-1.0,-0.0,1.0,-1.0,-0.0
4,1,4,package,-0.08557807449079881,0.9963314675179377,2.36941679231471,-0.9941047402448948,0.108424007593476,0.9999999999999999,-0.9941047402448949,0.10842400759347601
4,2,1,package,1.0,-0.0,7.657429173573773e-06,0.9999999999950716,-3.139545961191711e-06,1.0,0.9999999999950716,-3.139545961191711e-06
4,2,2,package,0.9998167095271667,0.019145426353812937,0.04670381786358414,0.9999999999950717,-3.1395459611898374e-06,1.0,0.9999999999950717,-3.1395459611898374e-06
4,2,3,package,-1.0,-0.0,-7.657429173573773e-06,-1.0,-0.0,1.0,-1.0,-0.0
4,2,4,package,-2.5120196403829507e-06,0.999999999996845,2.4390243901843913,-0.9999999999950716,3.1395677955826966e-06,1.0,-0.9999999999950716,3.1395677955826966e-06
4,3,1,package,1.0,-0.0,-0.261821918654945,1.0,-0.0,1.0,1.0,-0.0
4,3,2,package,0.999789489186592,0.02051773164882753,-0.2125112648027253,0.999789489186592,0.02051773164882753,1.0,0.999789489186592,0.02051773164882753
4,3,3,package,-1.0,-0.0,0.261821918654945,-0.9941050907875728,-0.1084207935325678,1.0,-0.9941050907875728,-0.1084207935325678
4,3,4,package,0.08557560587550231,0.996331679552066,2.369420839743136,0.9941050907875728,0.1084207935325676,1.0,0.9941050907875728,0.1084207935325676
4,4,1,package,1.0,-0.0,0.2618371373550577,0.9941043896170322,-0.10842722233898548,0.9999999999999999,0.9941043896170323,-0.1084272223389855
4,4,2,package,0.9997894858864795,0.02051789245631164,0.31103784818018687,0.9941043896170323,-0.10842722233898547,1.0,0.9941043896170323,-0.10842722233898547
4,4,3,package,-1.0,-0.0,-0.2618371373550577,-1.0,-0.0,1.0,-1.0,-0.0
4,4,4,package,-0.08558054362601088,0.9963312554329894,2.369412743913345,-0.9941043896170323,0.10842722233898569,1.0,-0.9941043896170323,0.10842722233898569
4,5,1,package,1.0,-0.0,0.5203309274678604,0.9750107071710109,-0.22215787382374078,1.0,0.9750107071710109,-0.22215787382374078
4,5,2,package,0.999694934847056,0.02469893198380208,0.5765756192634945,0.975010707171011,-0.2221578738237409,1.0,0.975010707171011,-0.2221578738237409
4,5,3,package,-1.0,-0.0,-0.5203309274678604,-1.0,-0.0,1.0,-1.0,-0.0
4,5,4,package,-0.1682608829655845,0.9857424994711559,2.1635279677694004,-0.9750107071710109,0.22215787382374105,1.0,-0.9750107071710109,0.22215787382374105
4,6,1,package,1.0,-0.0,0.7712963423183465,0.9377435125493164,-0.3473285255657387,1.0,0.9377435125493164,-0.3473285255657387
4,6,2,package,0.9994914612086996,0.03188759901432489,0.8373069563675722,0.9377435125493164,-0.3473285255657386,1.0,0.9377435125493164,-0.3473285255657386
4,6,3,package,-1.0,-0.0,-0.7712963423183465,-1.0,-0.0,1.0,-1.0,-0.0
4,6,4,package,-0.2452935953941436,0.9694488393198551,1.8295896142413615,-0.9377435125493165,0.34732852556573857,1.0,-0.9377435125493165,0.34732852556573857
4,7,1,package,1.0,-0.0,1.0083638628187852,0.8708968553136616,-0.49146583544003897,1.0,0.8708968553136616,-0.49146583544003897
4,7,2,package,0.9990991898180184,0.042435938837020876,1.0832826237498643,0.8708968553136615,-0.491465835440039,1.0,0.8708968553136615,-0.491465835440039
4,7,3,package,-1.0,-0.0,-1.0083638628187852,-1.0,-0.0,1.0,-1.0,-0.0
4,7,4,package,-0.31405696992019105,0.9494041392602773,1.379769111076368,-0.8708968553136616,0.4914658354400388,1.0,-0.8708968553136616,0.4914658354400388
4,8,1,package,1.0,-0.0,0.7714173970985777,0.937719151498875,-0.34739429027004726,0.9999999999999999,0.9377191514988751,-0.3473942902700473
4,8,2,package,0.9994913227232127,0.03189193943620658,0.8374330050693708,0.937719151498875,-0.34739429027004726,0.9999999999999999,0.9377191514988751,-0.3473942902700473
4,8,3,package,-1.0,-0.0,-0.7714173970985777,-1.0,-0.0,1.0,-1.0,-0.0
4,8,4,package,-0.2453297772232955,0.9694396837387914,1.8293951161316557,-0.9377191514988752,0.3473942902700473,1.0,-0.9377191514988752,0.3473942902700473
4,9,1,package,1.0,-0.0,1.008475859932214,0.8708533172871578,-0.49154297855828716,0.9999999999999999,0.8708533172871579,-0.4915429785582872
4,9,2,package,0.9990989302386025,0.04244204985718802,1.0833979063946573,0.8708533172871578,-0.49154297855828716,0.9999999999999999,0.8708533172871579,-0.4915429785582872
4,9,3,package,-1.0,-0.0,-1.008475859932214,-1.0,-0.0,1.0,-1.0,-0.0
4,9,4,package,-0.31408841068468024,0.9493937382738372,1.3795209913032505,-0.8708533172871579,0.4915429785582872,1.0,-0.8708533172871579,0.4915429785582872
4,10,1,package,1.0,-0.0,0.771538496922411,0.9376947737661167,-0.34746008583967075,1.0,0.9376947737661167,-0.34746008583967075
4,10,2,package,0.9994911841375334,0.03189628240644058,0.8375591006542973,0.9376947737661165,-0.34746008583967086,1.0,0.9376947737661165,-0.34746008583967086
4,10,3,package,-1.0,-0.0,-0.771538496922411,-1.0,-0.0,1.0,-1.0,-0.0
4,10,4,package,-0.24536597148969375,0.9694305235729473,1.8292005120661183,-0.9376947737661165,0.347460085839671,1.0,-0.9376947737661165,0.347460085839671
4,11,1,package,1.0,-0.0,0.5206407960318874,0.9749780040950625,-0.22230135296666115,0.9999999999999999,0.9749780040950626,-0.22230135296666118
4,11,2,package,0.9996947658184331,0.024705772508223135,0.576896197073469,0.9749780040950626,-0.22230135296666118,1.0,0.9749780040950626,-0.22230135296666118
4,11,3,package,-1.0,-0.0,-0.5206407960318874,-1.0,-0.0,1.0,-1.0,-0.0
4,11,4,package,-0.16835824665443458,0.9857258750704705,2.16319847276185,-0.9749780040950625,0.22230135296666143,1.0,-0.9749780040950625,0.22230135296666143
4,12,1,package,1.0,-0.0,0.26217969599750024,0.9940885951441949,-0.10857193469880232,1.0,0.9940885951441949,-0.10857193469880232
4,12,2,package,0.9997894115448114,0.020521514634155486,0.31138693110207194,0.9940885951441949,-0.10857193469880233,1.0,0.9940885951441949,-0.10857193469880233
4,12,3,package,-1.0,-0.0,-0.26217969599750024,-1.0,-0.0,1.0,-1.0,-0.0
4,12,4,package,-0.08569168608212126,0.9963217025320702,2.3692303896005473,-0.9940885951441949,0.10857193469880255,1.0,-0.9940885951441949,0.10857193469880255
4,13,1,package,1.0,-0.0,0.5206666440072162,0.9749752749107249,-0.22231332239152143,1.0,0.9749752749107249,-0.22231332239152143
4,13,2,package,0.9996947517114518,0.024706343326738014,0.5769229385775384,0.9749752749107249,-0.22231332239152143,1.0,0.9749752749107249,-0.22231332239152143
4,13,3,package,-1.0,-0.0,-0.5206666440072162,-1.0,-0.0,1.0,-1.0,-0.0
4,13,4,package,-0.1683663681147468,0.9857244879213712,2.1631709785794695,-0.9749752749107249,0.22231332239152127,1.0,-0.9749752749107249,0.22231332239152127
4,14,1,package,1.0,-0.0,0.7716186611072092,0.9376786322993245,-0.3475036439078998,1.0,0.9376786322993245,-0.3475036439078998
4,14,2,package,0.9994910923714929,0.031899157826497604,0.8376425718615803,0.9376786322993244,-0.34750364390789973,0.9999999999999999,0.9376786322993245,-0.3475036439078998
4,14,3,package,-1.0,-0.0,-0.7716186611072092,-1.0,-0.0,1.0,-1.0,-0.0
4,14,4,package,-0.245389930364435,0.9694244591899556,1.829071671960616,-0.9376786322993246,0.34750364390789973,1.0,-0.9376786322993246,0.34750364390789973
4,15,1,package,1.0,-0.0,0.5207243074071187,0.9749691857820013,-0.22234002513173698,1.0,0.9749691857820013,-0.22234002513173698
4,15,2,package,0.9996947202365972,0.024707616863462935,0.5769825954362185,0.9749691857820013,-0.22234002513173695,1.0,0.9749691857820013,-0.22234002513173695
4,15,3,package,-1.0,-0.0,-0.5207243074071187,-1.0,-0.0,1.0,-1.0,-0.0
4,15,4,package,-0.16838448589046667,0.9857213931488974,2.1631096376885264,-0.9749691857820011,0.22234002513173703,0.9999999999999998,-0.9749691857820013,0.2223400251317371
4,16,1,package,1.0,-0.0,0.7716740221576721,0.9376674831198112,-0.3475337265644278,0.9999999999999999,0.9376674831198113,-0.3475337265644279
4,16,2,package,0.9994910289857919,0.031901143818408695,0.8377002167229377,0.9376674831198113,-0.3475337265644278,1.0,0.9376674831198113,-0.3475337265644278
4,16,3,package,-1.0,-0.0,-0.7716740221576721,-1.0,-0.0,1.0,-1.0,-0.0
4,16,4,package,-0.2454064760005565,0.9694202708510835,1.8289826869293515,-0.9376674831198112,0.347533726564428,1.0,-0.9376674831198112,0.347533726564428
