point_id,seed_objective,step,x1,x2,g(x)
1,1,0,1.350000000000,0.000000000000,0.000000000000e+00
2,1,1,1.301437900781,0.217956356754,0.000000000000e+00
3,1,2,1.171493015559,0.407508409424,0.000000000000e+00
4,1,3,1.301727870887,0.217316542971,-2.220446049250e-16
5,1,4,1.349998514731,-0.001216366374,6.661338147751e-16
6,1,5,1.301948440537,0.216828499994,-1.110223024625e-16
7,1,6,1.349996958343,-0.001740671647,4.440892098501e-16
8,1,7,1.302167747479,0.216342077159,-1.110223024625e-16
9,1,8,1.172738927768,0.406184104884,2.220446049250e-16
10,1,9,1.302456718326,0.215699339225,-3.330669073875e-16
11,1,10,1.173233761283,0.405656545402,0.000000000000e+00
12,1,11,0.992635975441,0.555760790112,2.220446049250e-16
13,1,12,0.783546001324,0.667749256122,0.000000000000e+00
14,1,13,0.992767613698,0.555674032599,4.440892098501e-16
15,1,14,0.783691502893,0.667686256239,4.440892098501e-16
16,1,15,0.558863614917,0.746437093474,-2.220446049250e-16
17,1,16,0.325339236950,0.795832218160,4.440892098501e-16
18,2,0,1.347464754797,0.050230552856,2.220446049250e-16
19,2,1,1.320446151199,-0.170639283915,4.440892098501e-16
20,2,2,1.347432868513,0.050545146920,4.440892098501e-16
21,2,3,1.278081047858,0.264071259375,0.000000000000e+00
22,2,4,1.133982707835,0.444937107195,4.440892098501e-16
23,2,5,0.945000263977,0.585596973974,2.220446049250e-16
24,2,6,0.731302756133,0.689265917501,0.000000000000e+00
25,2,7,0.945111845822,0.585530532832,4.440892098501e-16
26,2,8,1.134293510235,0.444644722545,0.000000000000e+00
27,2,9,1.278591065151,0.263158786523,2.220446049250e-16
28,2,10,1.134761740179,0.444203724459,0.000000000000e+00
29,2,11,1.278897423346,0.262608980618,2.220446049250e-16
30,2,12,1.135230406822,0.443761693677,2.220446049250e-16
31,2,13,1.279203711956,0.262058014389,6.661338147751e-16
32,2,14,1.347720071994,0.047636417420,-1.110223024625e-16
33,2,15,1.279537347709,0.261456383036,-1.110223024625e-16
34,2,16,1.136211114360,0.442834703185,2.220446049250e-16
35,3,0,-1.350000000000,-0.000000000210,0.000000000000e+00
36,3,1,-1.301437900872,0.217956356555,2.220446049250e-16
37,3,2,-1.171493015713,0.407508409261,0.000000000000e+00
38,3,3,-0.990483939371,0.557175568312,0.000000000000e+00
39,3,4,-0.781168280005,0.668776276134,2.220446049250e-16
40,3,5,-0.556207004058,0.747168829533,2.220446049250e-16
41,3,6,-0.322611079423,0.796241863525,2.220446049250e-16
42,3,7,-0.084738770900,0.818383003594,4.440892098501e-16
43,3,8,0.154184763884,0.814634348430,0.000000000000e+00
44,3,9,-0.084736774441,0.818383079862,0.000000000000e+00
45,3,10,0.154186756869,0.814634209260,-1.110223024625e-16
46,3,11,-0.084734777867,0.818383156132,-4.440892098501e-16
47,3,12,0.154188749968,0.814634070080,0.000000000000e+00
48,3,13,-0.084732781179,0.818383232405,-3.330669073875e-16
49,3,14,0.154190743182,0.814633930891,0.000000000000e+00
50,3,15,0.391198984307,0.784817230236,4.440892098501e-16
51,3,16,0.154207946498,0.814632729477,2.220446049250e-16
52,4,0,-0.000000002005,0.820000000000,0.000000000000e+00
53,4,1,0.238592156662,0.807091957250,2.220446049250e-16
54,4,2,0.000006977832,0.819999999989,2.220446049250e-16
55,4,3,-0.238585223374,0.807092713431,-1.110223024625e-16
56,4,4,0.238599091415,0.807091200886,2.220446049250e-16
57,4,5,0.474151557655,0.767759190774,2.220446049250e-16
58,4,6,0.702843791938,0.700104060547,2.220446049250e-16
59,4,7,0.918871569994,0.600742519729,0.000000000000e+00
60,4,8,0.702954103106,0.700063198264,2.220446049250e-16
61,4,9,0.918973627363,0.600684920599,0.000000000000e+00
62,4,10,0.703064455321,0.700022311973,-2.220446049250e-16
63,4,11,0.474433925384,0.767694830945,0.000000000000e+00
64,4,12,0.238911247978,0.807057130898,2.220446049250e-16
65,4,13,0.474457479352,0.767689460334,-4.440892098501e-16
66,4,14,0.703137504934,0.699995241721,2.220446049250e-16
67,4,15,0.474510025125,0.767677478119,2.220446049250e-16
68,4,16,0.703187952691,0.699976544865,4.440892098501e-16
