seed,method,solution_index,f1,f2,f3,x1,x2,x3,x4,x5,x6,x7,x8,x9,x10,x11,x12
0,Full NSGA-III,0,0.6582278120954567,0.6612240046762724,0.3686321002249333,0.23954741610388425,0.9560054154378101,0.5517104610434844,0.5081448282130937,0.49697783509218874,0.5045941629609796,0.4919652872366839,0.48621877093909865,0.5077515895079325,0.49693125529598253,0.494232413596135,0.5072440307897556
0,Full NSGA-III,1,0.6566686001941184,0.6491805362123153,0.403427307557698,0.26222694244431677,0.02052119550386327,0.4983825002614304,0.4799099963061457,0.5064814270665299,0.5053883609065555,0.4913816743327334,0.4544759163256491,0.510616734926883,0.4967079850894677,0.5700432491376308,0.504275762465901
0,Full NSGA-III,2,0.1715330931017911,0.17164429955180444,0.9705774456353606,0.8440301872121018,0.9557369754856617,0.4981312469959406,0.5012120834289155,0.4968830241476292,0.5045934395243589,0.4919163947894211,0.48600723565297516,0.49206243075013784,0.49698944851001237,0.49417684101795967,0.507069221903608
0,Full NSGA-III,3,0.5002990610403708,0.5006433820333843,0.7072138151696452,0.49974831209218207,0.9005656668469411,0.4985773898149026,0.5087127519167446,0.4968766374796152,0.5045262455221385,0.49194225286813986,0.4901770398363391,0.4958719379980784,0.4915600997629252,0.4981424737968838,0.48637301981993647
0,Full NSGA-III,4,0.3195887457770654,0.32001404497296904,0.8928642142673391,0.7015128858944016,0.9837448747841328,0.49835542339316485,0.49027858168576066,0.48573861743849833,0.5045742003496572,0.49656936508313354,0.49033692535862466,0.5078878740296833,0.5043318392654456,0.4974778628213036,0.5190220117324812
0,Full NSGA-III,5,0.31445783487678813,0.3123782496811743,0.9011966200957418,0.7090033400253387,0.006760019671544548,0.4985878047108092,0.5081770668675357,0.4867747879869541,0.5045277095792885,0.49296462699607335,0.48875412165307747,0.4924071436205785,0.546710975122095,0.49458098668710576,0.4601099752088506
0,Full NSGA-III,6,1.9148206155841336e-06,1.9156628055681323e-06,1.0003201984076318,0.9999982762285458,0.9372768304929331,0.4983676649631293,0.5083297428952733,0.49861008779503296,0.5045986370589925,0.49302342214409556,0.49056999519134314,0.4954462596017127,0.4972451317756749,0.4947429201420389,0.5056133403366379
0,Full NSGA-III,7,0.07118476326863606,0.07121980455001933,0.9953095161646462,0.9358117229948664,0.9016167142010959,0.4983632803450893,0.4976015888010367,0.4965243804532926,0.5043689227194701,0.5023874922003976,0.4905889166049207,0.5076405325431308,0.49706586193755836,0.4977949300648977,0.48641731237083763
0,Full NSGA-III,8,0.7071721400101055,0.7074394906087486,1.9105853618158117e-05,1.2159741278050529e-05,0.9275391684932534,0.4983902160598488,0.49855263804009375,0.4969611528575633,0.5049046562914316,0.5008336415495765,0.4884257747942808,0.507857486603315,0.49673911164016343,0.4974154182066415,0.5054595876397017
0,"Grouped NSGA-III, L2",0,0.03189978459469273,0.03190024421557056,0.9990019833410905,0.9712707232710625,0.7282668724925723,0.50168802537686,0.4994810424829715,0.49698988133121963,0.4991954038964363,0.5005365976242931,0.5001027946852487,0.5014846453563424,0.5006435783116738,0.49821059320968225,0.4989293479524073
0,"Grouped NSGA-III, L2",1,0.28346220014669044,0.2834684106065213,0.9161490776899206,0.7374132979534124,0.9067536828278233,0.501722133426684,0.49975660704345487,0.49740291375396684,0.49913001146611874,0.5003395729452732,0.5001106212340904,0.5014688223287913,0.5003938950740952,0.4982426836072577,0.4989557442084753
0,"Grouped NSGA-III, L2",2,0.7063840865127056,0.7063973179735292,0.045550016586279066,0.02900734586184317,0.7363613333178576,0.498272497531779,0.49947530180779953,0.49702309043240644,0.49916959704788183,0.5007085694165423,0.49779634236835346,0.5013647346404664,0.5006361034883301,0.49809316467350295,0.4989259947898422
0,"Grouped NSGA-III, L2",3,0.23510602377847226,0.2351112816243631,0.9431311630875976,0.784225316402721,0.7932677256754508,0.5013860120751493,0.49954073349609274,0.5037374787719981,0.49919623911332583,0.5007551948133289,0.5000645936772732,0.5013980501247767,0.500371618416937,0.4980726630650856,0.4989298677996401
0,"Grouped NSGA-III, L2",4,0.6813191489602177,0.6813313432239844,0.2676410434263987,0.17248473002502615,0.7855032985589991,0.5017007191906091,0.49976370174166335,0.49702659158596557,0.499352199361577,0.5006325934899765,0.5000408287965334,0.501480915988386,0.5005671715750241,0.4980880055454544,0.49891675590928897
0,"Grouped NSGA-III, L2",5,0.38228967678704845,0.38229623652454714,0.8412736140747132,0.6363689055013904,0.794422687394905,0.5017771203227496,0.4994783804384636,0.49741648127746046,0.4992052173903276,0.5007485411234599,0.5000455752155608,0.5013973680244984,0.4993461601584935,0.4980735519223066,0.4989224159254594
0,"Grouped NSGA-III, L2",6,0.6992947222581347,0.6993240233535266,0.14828484199907346,0.09474783239767576,0.9798393667831115,0.5016701771940948,0.4997601958063421,0.5036757665845182,0.49908796603734656,0.49806666169734465,0.49994966302792376,0.5013644225368926,0.501066972263811,0.49823245690830587,0.499139056411429
0,"Grouped NSGA-III, L2",7,1.0489368075366788e-05,1.0489604919472455e-05,1.00002039545467,0.9999905563367663,0.852396513764924,0.4983071604005897,0.4996272655872524,0.49688438408158786,0.4990750666063409,0.5003588404290267,0.5001053554465971,0.5014558065921634,0.4996302929317095,0.4981676992371595,0.4989631224506244
0,"Grouped NSGA-III, L2",8,0.47790160224137856,0.47791884257764167,0.7370915572210678,0.5275679133530187,0.7289296238505701,0.5016578181007464,0.4994977244927485,0.4971956068207985,0.49829903161154143,0.5005748705472681,0.5001007041472911,0.501394450674071,0.4993796791331449,0.49760545731050365,0.4947085858131405
0,"Grouped NSGA-III, L2",9,0.6919577019894504,0.6919676709866147,0.20595015232792302,0.13205426040504104,0.7282474049069487,0.49834312045745693,0.49975107562884225,0.4969283692280651,0.4991024226393277,0.5005027462369815,0.5001052298456976,0.5014838290379167,0.49939468903334455,0.4982567511819135,0.4989168244439157
0,"Grouped NSGA-III, L2",10,0.703961317794725,0.7039719222676465,0.09436431943412403,0.0601624209237957,0.7249702661180367,0.5018381781575719,0.4996504322669089,0.49716328023636897,0.49907235854794335,0.49833926216479985,0.5000656417708176,0.5013669690385538,0.4993320159762756,0.4982469213355455,0.49913094004989156
0,"Grouped NSGA-III, L2",11,0.6239525734727215,0.6239614222519027,0.4705263103989117,0.3118651085957143,0.7275406854950949,0.5018449018256249,0.4999375298139148,0.4971617370308949,0.49907213467386674,0.5008348696489422,0.4999591817829017,0.5013950692604349,0.49927953754868054,0.4982521788190395,0.4988614394213222
0,"Grouped NSGA-III, L2",12,0.5947317458680557,0.5947412186693647,0.5409456719659295,0.36385783892972,0.7244076298722425,0.4982908287686163,0.49954165454023264,0.49687108517548645,0.4991064962262674,0.49847810480037874,0.49995626174226254,0.50147543197182,0.5005658867634388,0.49821131417406656,0.4990733330033085
0,"Grouped NSGA-III, L2",13,0.5214350917429957,0.5214473823470377,0.6754517340610142,0.4720918846107407,0.9058645868857563,0.4982998701171916,0.4996258958868437,0.5029220098398814,0.4991907699349538,0.5004770816746821,0.5001006557045067,0.5012542137181187,0.49928468244036067,0.49819230182308233,0.49917997061894637
0,"Grouped NSGA-III, L2",14,0.06697900135874622,0.06698102762160453,0.9955244672165158,0.9396075143723566,0.9628620884777884,0.5018671345631981,0.4996330960958116,0.4970583781687954,0.49908888892687386,0.500688321466911,0.5000589005826644,0.5014775085154576,0.49933598756247516,0.49809442656309677,0.49901610113918876
0,"Grouped NSGA-III, L2",15,0.18926547140376862,0.1892683942066079,0.9635350830654031,0.8275005365683693,0.7244631043667972,0.4982791536341912,0.49953501597563255,0.4969288325996874,0.4990966288926147,0.49851060464336194,0.5000441251553454,0.5013777474809391,0.500545841195644,0.49821161535500696,0.49907296283683794
0,"Grouped NSGA-III, L2",16,0.3328204422730798,0.3328289044509938,0.8823214152062865,0.6880195860957475,0.9546039068604794,0.4982350484910013,0.49975834130707086,0.4974032522190977,0.4990879101276872,0.500722324523889,0.4999510827757625,0.5012331798458656,0.5005717621633101,0.4980732897494691,0.4990148799275096
0,"Grouped NSGA-III, L2",17,0.4311618993164381,0.431177496736175,0.7926133004091459,0.5825391604217699,0.9563986793180781,0.5018672191290471,0.499541275298573,0.49698361543071,0.4991929750793299,0.49839316406548007,0.5000718200885277,0.5014741310707709,0.4993311071049879,0.49758167981327267,0.49914700635198184
0,"Grouped NSGA-III, L2",18,0.14567671507447763,0.14567887016297928,0.9785694404330719,0.8679007526907231,0.7232409385596551,0.49818351101544384,0.49953900151379943,0.4968347530842283,0.49913750108468447,0.5007707694697616,0.4999117344775004,0.5013774016793826,0.5003919108989489,0.4982123691059324,0.4990147379460315
0,"Grouped NSGA-III, L2",19,0.666853239481754,0.6668625157085057,0.33262578084031247,0.2158648410896816,0.7284325832024299,0.5015660431884272,0.4995341899294003,0.497021146755819,0.4990968667862332,0.5006889331085919,0.5000256038726172,0.5014523269390602,0.5005395700868664,0.4981863364372359,0.49907261212129467
0,"Grouped NSGA-III, L2",20,0.10457197827364705,0.10457532689292016,0.9890495507292523,0.9055083154934294,0.7257409257700213,0.5018195779032292,0.49993744826829223,0.4974350064690294,0.4990832880661229,0.500316256754249,0.5053761155933236,0.5012270916594566,0.500545863813029,0.49823958686274233,0.4992823964226729
0,"Grouped NSGA-III, L2",21,0.647867379512602,0.6478850429769307,0.400688380993007,0.2624526567522999,0.9526080562352153,0.5016139421716784,0.4996086769077348,0.4970212509861726,0.49908800453613283,0.5007226292180127,0.4996618140067658,0.5012343481231867,0.5005395700868664,0.4981849948339645,0.4990170756586384
0,"Grouped NSGA-III, L2",22,0.5605038380173267,0.5605139803511554,0.6096806995546041,0.4173921627031739,0.7257493279914901,0.5018381788720429,0.49967453652935917,0.503491886776509,0.4990882162713979,0.5006589473053679,0.5000655288502884,0.5012271846695843,0.499334387083287,0.49757874159447635,0.4991309727616625
0,"Grouped NSGA-III, L2",23,0.7071222563188783,0.7071258850283973,3.736131677445331e-07,2.3784371427915119e-07,0.56680672186562,0.501599063388805,0.4994786823631987,0.49697190942543046,0.49917375296394473,0.4980101120482379,0.4999513107854821,0.5013578480483301,0.5010809458650471,0.4980735789434818,0.498958405104481
1,Full NSGA-III,0,0.707799436300093,0.7072095771935961,1.486029793262401e-06,9.455040499151135e-07,0.027993687883979004,0.5038744683902883,0.503128478646347,0.4952371625011237,0.500196591794461,0.49780913603848764,0.4973600452787589,0.5021749664157588,0.49750534922817236,0.5221515976924398,0.49872823891533413
1,Full NSGA-III,1,0.4999659993320163,0.49981267916459227,0.7075560138113227,0.5002726143633838,0.028478413212081184,0.5034501062902701,0.5015825560437425,0.4897237034284466,0.5058872951181771,0.4978366991561963,0.49742902368751035,0.49762126193688117,0.5048138445999413,0.4966234574467737,0.4990514687588846
1,Full NSGA-III,2,6.097020462610262e-08,6.096252289210504e-08,1.0000943528588757,0.9999999451161663,0.07488638978218604,0.5016110393675283,0.5034042386759817,0.5015505884870054,0.5001867494505168,0.5068848370050261,0.49711862314056776,0.4978378606396365,0.5024268060587433,0.49689189343983287,0.49865780172185437
1,Full NSGA-III,3,0.311201972123174,0.3113062030701526,0.8983006260191528,0.7099389508421466,0.8037444859629022,0.5038121258782017,0.5015112537021394,0.48919272604709135,0.49970485990257324,0.4980893955230863,0.4967986446952089,0.4976535773185472,0.5017170585548538,0.5128912840342651,0.49463187680346066
1,Full NSGA-III,4,0.17198070142789063,0.17178911857178147,0.9707481856252833,0.8437979814186007,0.007015457699500679,0.5122336019555679,0.5034748433825461,0.48981718484377795,0.5143558663329344,0.5014712161842345,0.5040481592573482,0.5021794356586025,0.5015808221754601,0.48594715925117765,0.49496089763661183
1,Full NSGA-III,5,0.06916029135757787,0.06913341490082857,0.9954885575059976,0.937663820234738,0.057981298473344156,0.5038203339632239,0.5015534249264737,0.49556135362118786,0.5001453620966734,0.5068961637518318,0.49712037452574886,0.49764948077805077,0.5021744395304939,0.48676936568728474,0.4985510611078329
1,Full NSGA-III,6,0.6715977238675139,0.6621574878870928,0.3614486962693502,0.23298888064208,0.04582332546785015,0.5032633409389243,0.5034062374608366,0.4266415801361786,0.5466667009392986,0.5039978618714274,0.4966060572498521,0.5051809253287286,0.45744897837395854,0.5199723057273486,0.5132317730187677
1,Full NSGA-III,7,0.6524162485006334,0.6522451092216578,0.38634815452774335,0.25248261698362034,0.002117824727356228,0.5032603394128179,0.5015436651882373,0.48963183334477967,0.5002164739546591,0.5039108240898823,0.4973575313250828,0.4976433269707295,0.5017137963724683,0.4961376246573176,0.498770570390081
1,Full NSGA-III,8,0.314411158047805,0.3142956857173521,0.8960091365200334,0.7067920406326561,0.0007044175125616031,0.5034358790650475,0.5015455061983138,0.49542159057560814,0.5001453997556766,0.4978366991561963,0.4974342344667318,0.49764990399112863,0.5021726137420474,0.5132458841619255,0.49855099600096475
1,"Grouped NSGA-III, L2",0,0.031750688731353886,0.03175101328732494,0.9990177548314176,0.9714053301904308,0.6234692216255102,0.5002731625743565,0.500937206929846,0.502304444610388,0.4983112933820559,0.4999470797725506,0.49684411697514497,0.49902530857995364,0.4982235316351404,0.5004447320803674,0.498275990396197
1,"Grouped NSGA-III, L2",1,0.5603412721325274,0.5603522259083903,0.6099871291198129,0.4176357948121223,0.7031693727484016,0.49845262689695835,0.5010310042059033,0.5028710221080195,0.4983257984216016,0.4998170607849169,0.49911330279086646,0.5011209474897533,0.49826383336310354,0.500452622620379,0.5032907641702001
1,"Grouped NSGA-III, L2",2,0.43119873869422476,0.4311857079153167,0.7926016165223859,0.5825185520294739,0.22820970820543524,0.49631833955029264,0.5010310187411692,0.5027259431863211,0.4983092225719598,0.4999399190576725,0.4991634589190494,0.49887680364523035,0.49826021417574207,0.5006008167470637,0.49773412766626535
1,"Grouped NSGA-III, L2",3,0.2355962637324828,0.2356301920962013,0.9430726726321,0.7837845937408823,0.7219024854724256,0.49845262689695835,0.5003484296847783,0.5136161519941396,0.4983257984216016,0.4998170607849169,0.49911330279086646,0.499026548859904,0.4982634880312598,0.5005242371830124,0.5032907641702001
1,"Grouped NSGA-III, L2",4,3.884985387323776e-06,3.884899522355072e-06,1.0000288999221913,0.9999965024240002,0.2565570491484457,0.498355602884378,0.5009356781704016,0.5028940648680141,0.5001308701902408,0.5004547431539376,0.49707321260166876,0.5001753932397316,0.49827983899060513,0.5006289577136049,0.5021839146047922
1,"Grouped NSGA-III, L2",5,0.7064000454755748,0.70642202513092,0.0449912632134415,0.028651177967625605,0.8456124070936555,0.4983944060683431,0.5009614952725864,0.5023015312608122,0.4980215600355253,0.49982128902127043,0.49929348311343885,0.5000406811205343,0.4982438410181872,0.498538458192863,0.5031922966274405
1,"Grouped NSGA-III, L2",6,0.2834107286162507,0.28340428985461324,0.9161984333320253,0.7374735627538745,0.2556821631578533,0.49850510266439274,0.5010310005387687,0.5027440611010398,0.4982912451965275,0.499817728233946,0.49706665176406767,0.4990027606749672,0.498260016040814,0.5005123196719032,0.4982880326799276
1,"Grouped NSGA-III, L2",7,0.06752020722387589,0.0675144175418606,0.9955014669009494,0.9391245981447123,0.11098466973567678,0.4960388581681208,0.5009425177105713,0.5027244382971447,0.4942520265067705,0.4998179756278194,0.49934596674674847,0.500146370767356,0.49748453621390115,0.5003523870558141,0.5024890801097995
1,"Grouped NSGA-III, L2",8,0.6478308922462986,0.6478437979134772,0.4008369530497543,0.26255333392069496,0.7236247847664229,0.49850488117123803,0.500938343758729,0.5025233813691568,0.5022156211695431,0.4998148966291476,0.49912002610653666,0.4979996428759146,0.4982430956665241,0.5002943082722452,0.5024456305311544
1,"Grouped NSGA-III, L2",9,0.5216326085171904,0.5216448085062612,0.6751687523804034,0.4718389621664666,0.7231407137810101,0.498566512662488,0.500939622192979,0.5027321223798492,0.5021105684610145,0.4998141234927265,0.4992404895675067,0.49796047519998116,0.4982433879189018,0.5003011679447078,0.5032495492638451
1,"Grouped NSGA-III, L2",10,0.47803751319269455,0.4780749232805522,0.736987670197527,0.5274263516706448,0.7201588854201383,0.4983741819672028,0.5010318171559358,0.5027273453815323,0.49820517941930603,0.4998219206340484,0.49917150764728896,0.49117787332338936,0.4983513696043467,0.5007052174116786,0.49587402317162044
1,"Grouped NSGA-III, L2",11,0.6668258160028814,0.6668042190138347,0.33281779193576827,0.21599295068633,0.10512045565485745,0.4983908564340357,0.5009726617601717,0.5031045449965463,0.4983239300821067,0.49981599081354067,0.49911592376237257,0.5000684669145593,0.49828291101902983,0.5002377199715252,0.5025101389963441
1,"Grouped NSGA-III, L2",12,0.6919939746441155,0.6919273756687762,0.20620074283279394,0.1322107334705626,0.0556293506944137,0.49840769794927176,0.5009388587789454,0.502314743191722,0.494187500725301,0.4998224173715266,0.4993456040922805,0.5013284457753352,0.4982431517932368,0.4983622054353962,0.4957111333204533
1,"Grouped NSGA-III, L2",13,0.3327607603591441,0.33275275028958023,0.8823869921645814,0.6880931844572132,0.2484370861133043,0.4983728130731782,0.5003745063915785,0.5029047322108299,0.49823527660505523,0.5003707851104776,0.4991724251096383,0.5013141920024429,0.49832087122783403,0.5007266273996676,0.5031973588054669
1,"Grouped NSGA-III, L2",14,0.7039627666919952,0.7039474234113556,0.09459274355205421,0.060308166589312345,0.23984851128206552,0.49844520939711895,0.5009457484602537,0.5028962379812157,0.5001348696245138,0.500435705565515,0.4991114635791358,0.5001775349414855,0.497443439442527,0.4986377589940138,0.49764450362732193
1,"Grouped NSGA-III, L2",15,0.7071355711500167,0.7071171189183966,1.0605536112500301e-05,6.751507187902073e-06,0.19977798634785388,0.4984083970851382,0.5009619704477947,0.5022959928621161,0.4983470308569256,0.5003401050583623,0.49703159366719696,0.4988856604766544,0.49828308681526146,0.5004828944199959,0.49831024120938583
1,"Grouped NSGA-III, L2",16,0.3822820388010161,0.38229861184212505,0.8412982074712099,0.6363793625337906,0.8706738851743191,0.5014527382498892,0.5010312860026698,0.5027240862137549,0.4983054256655622,0.4998859702228025,0.49703578668792014,0.500088854359888,0.4982789572350518,0.4984507983098744,0.5030973307265758
1,"Grouped NSGA-III, L2",17,0.10519653519456852,0.1051866253836464,0.9889516579987495,0.9049489293316542,0.11530534202112441,0.49637305840798673,0.5010180270258962,0.5031013250838251,0.4943552583702508,0.4997184418972954,0.4965861545063782,0.49899039369982856,0.4981966281062922,0.5002386447115074,0.5024944031022676
1,"Grouped NSGA-III, L2",18,0.18920143217395707,0.18920743380088995,0.963586082298006,0.8275634402082939,0.7130906151929758,0.4963525583724468,0.5009052740229152,0.5023260873781875,0.49793524539000117,0.4997036496618837,0.49704706718738506,0.4990328906178919,0.4982212323466526,0.50068332849155,0.5031959683322141
1,"Grouped NSGA-III, L2",19,0.5950622207723714,0.5950724075569401,0.5402254208188204,0.3633110842505689,0.7028688948855375,0.49845214541849664,0.5009353714307303,0.5028602835945162,0.4981554070787338,0.49981731492474063,0.49911251922899186,0.49929678853944404,0.4977092556224915,0.5006131498487548,0.5022510482241834
1,"Grouped NSGA-III, L2",20,0.6813096597167562,0.681318192861813,0.2677422467186331,0.1725495332568828,0.6260810869025655,0.49850801614581414,0.5009460454654566,0.5029621276564048,0.49946780877398894,0.5000064576670634,0.4991800357345471,0.49903097258526036,0.49748294976610297,0.500632631341416,0.5033309767081507
1,"Grouped NSGA-III, L2",21,0.6992915783589702,0.6993035742997182,0.1483902308106473,0.09481575632336336,0.7027654674439103,0.4984520394665353,0.5003199835946196,0.5029093109949783,0.4981553829316447,0.49981629276366857,0.4991101814084018,0.501473879094476,0.4982526649445756,0.5006169586511529,0.502476549359315
1,"Grouped NSGA-III, L2",22,0.6240961271941518,0.624059098954291,0.47027917395860924,0.31167519617228434,0.15099118283700402,0.49841298736332706,0.5009471524174959,0.5023023970207594,0.4941872723229351,0.4998255974570266,0.4991802640403529,0.5001235011150468,0.498309960332841,0.5004518635131247,0.5027989562426137
1,"Grouped NSGA-III, L2",23,0.14582834705497094,0.1458243976706693,0.9785379979316379,0.867765734167258,0.24370470151953205,0.4985067383282977,0.5003683678043785,0.5030343558489977,0.4983392012866628,0.4998158309853317,0.4993082325206403,0.4990188473193909,0.4974820094386342,0.5006320236235792,0.5033303255513514
2,Full NSGA-III,0,0.648821845326689,0.6494577487461644,0.3981608406341923,0.26052378160599104,0.9812217025261738,0.5000881440997414,0.4951188348703015,0.5075932349175915,0.5087339345864571,0.4809242520164131,0.49970327237966605,0.4988435041455591,0.507505573189249,0.4917004672510598,0.49968926983681117
2,Full NSGA-III,1,0.5003103051492566,0.5007789028315249,0.7072075464159103,0.4996988052433672,0.984036666264791,0.5000660932907032,0.49552962448504273,0.5078191036622312,0.4990355874019658,0.48024713970636335,0.5000824527072045,0.5004038460972846,0.5061072625890655,0.4947496718836291,0.5088744301712881
2,Full NSGA-III,2,0.3078974788529049,0.30856877150755335,0.9015430464150985,0.7132848043009793,0.9970230972968048,0.500065232685423,0.4955433149543198,0.5077859756687637,0.5089109335908771,0.48225493158667676,0.4999322665857788,0.4985689723051825,0.5052680113102681,0.49473771125295085,0.47059841837466304
2,Full NSGA-III,3,0.07155507497143561,0.07158080954968503,0.9950957919820659,0.9354705706745968,0.9982768482667996,0.5021790512703865,0.5050819292535137,0.5077833448870223,0.49912175558007693,0.5017309298035808,0.5005437405263137,0.4985702390738953,0.4946561799575553,0.49496891379749164,0.5088674387855223
2,Full NSGA-III,4,5.338747882183302e-06,5.336979865039211e-06,1.0002383248957236,0.9999951953790562,0.05751033824310314,0.5021561305848761,0.4962049576402993,0.5076994571805531,0.5042411177554883,0.502432322609065,0.500641614772068,0.504554023206733,0.5057320006855922,0.49821400082915457,0.5088821361649075
2,Full NSGA-III,5,0.1678095355445434,0.16788167811324187,0.9717029540297788,0.8474723858571503,0.9968731855735727,0.5000629573730532,0.4953381210028512,0.5077833427989779,0.49588080354953884,0.5023698829838102,0.5001239115394075,0.4987399733088452,0.5051973752540245,0.4983832909277459,0.4881976515165895
2,Full NSGA-III,6,0.07148796682827009,0.07146123626844635,0.9951244874486812,0.9355560030229949,0.01391212015555306,0.5000718763656513,0.5049960028454049,0.5077970898830904,0.4953410697445739,0.5017291547240357,0.5005872784650397,0.49890412919435234,0.5053643232619492,0.49496891379749164,0.5088810220305834
2,Full NSGA-III,7,0.7071659616761788,0.70741071391133,1.1899693063372225e-06,7.573635170676773e-07,0.929081127193494,0.49984712179250135,0.49612962698167307,0.5077023459346737,0.5042529040811679,0.5017167753924932,0.5005274275550454,0.49908115736964026,0.5053659000989221,0.492794318910185,0.508920415392045
2,Full NSGA-III,8,0.31004805448753914,0.30967115445228766,0.899812904556378,0.7114886329823005,0.041025420974057536,0.5000703740270178,0.5110206711267355,0.5077864975705753,0.4978351156708448,0.48005416678696766,0.5086508702834536,0.49855417713952166,0.5061103084328694,0.49821562879872006,0.4880742000623228
2,Full NSGA-III,9,0.667605383364551,0.6617728259020441,0.358168862600439,0.2317549218677872,0.027374699817597638,0.5569435569353183,0.49673060828256843,0.49950729451781917,0.5215476967999003,0.5027527921908973,0.5001237455412094,0.5034292422482545,0.5057493371388229,0.4983109840086123,0.45339696916169625
2,"Grouped NSGA-III, L2",0,0.43107628294995604,0.431088045650229,0.7927071688896842,0.5826380585837342,0.8595108610312229,0.49942315685287314,0.5008062627122637,0.49977898840443025,0.500842204491805,0.4981832801087863,0.5026068908029767,0.4969814705685989,0.5007967869653399,0.4984629131238901,0.5004621542476089
2,"Grouped NSGA-III, L2",1,0.6919505399877003,0.6919812672509605,0.2060302100440507,0.1321035356233673,0.8444719373725649,0.4996921870902729,0.5013587900982418,0.4998733297738491,0.5002465647683454,0.49829546853593304,0.4988248361195945,0.5056006697398026,0.5007870576884865,0.49834373369687696,0.5000193729372973
2,"Grouped NSGA-III, L2",2,0.6668195807566368,0.6668472678503883,0.3328049486854056,0.2159797258183996,0.7849590822624515,0.4994258577550482,0.5015565287321209,0.4998778436299517,0.4979237173677247,0.4981799741441462,0.49876815851865175,0.5055976256867075,0.5006518212983585,0.5015813263789509,0.5004633803435995
2,"Grouped NSGA-III, L2",3,0.1456225275611817,0.14563683208823827,0.978627503005163,0.8679507519817956,0.9893556275083192,0.500044513500533,0.5015574038326959,0.4998306892174925,0.5005650375316252,0.4981832727011088,0.49615876302561324,0.5062987762154949,0.5006982448972418,0.5015893995874097,0.5006141128642946
2,"Grouped NSGA-III, L2",4,0.235488621918281,0.23549988988594953,0.9429585543607998,0.7838613823545284,0.8545330408406928,0.49940023239479653,0.5013602567678317,0.49990862456927093,0.5009606801839117,0.4982646359868876,0.49888400912625136,0.5056013616520791,0.5007259483667098,0.49809705923258735,0.49980086055065504
2,"Grouped NSGA-III, L2",5,0.5948404229373543,0.5949133485244954,0.5407449295878464,0.3636819893138358,0.9815074857485943,0.4994790921824982,0.5015281048969586,0.4998757676412916,0.5006870894927155,0.49826303613084927,0.4961578531778913,0.5075311702487149,0.500730463495806,0.5016198791326121,0.5005453789115939
2,"Grouped NSGA-III, L2",6,0.5213828187064712,0.5214168285021262,0.6755548771895304,0.4721654859291696,0.9617071362844681,0.4994542917843262,0.5015644644189795,0.4998201876407014,0.4985215000798532,0.4981466085196592,0.49883925177370275,0.5056043385155665,0.5003802958301578,0.49809627218670643,0.49978107574699154
2,"Grouped NSGA-III, L2",7,9.475166262503111e-09,9.864875317366947e-09,1.037635524669145,0.9999999916079928,0.8536317935608595,0.6816567140977986,0.5479992143302436,0.49992288401272955,0.5003042961391722,0.4982978492504513,0.502263477958315,0.5056114956503833,0.5478433083819412,0.4980917578861844,0.5004546372497404
2,"Grouped NSGA-III, L2",8,0.7039441429143922,0.703973396714542,0.09453915613491595,0.060273892702202785,0.9940371746346198,0.4994246030366878,0.5013628702935026,0.4997168629558083,0.49850327905298103,0.4981832995221598,0.502629504863238,0.5028878160615979,0.5006916314927417,0.501532280213595,0.5009413944011446
2,"Grouped NSGA-III, L2",9,0.03203804155298763,0.03203948291505472,0.9990084485655432,0.9711461235977381,0.9042891664950183,0.4997017913495357,0.5013606395783398,0.49987474864298653,0.5002264776023801,0.4980249914135807,0.49882082611725687,0.5027844660842002,0.5040600207701714,0.4981535636372132,0.5006907283267625
2,"Grouped NSGA-III, L2",10,0.10491376179701405,0.10492407350179932,0.9889954041605288,0.9051958077565769,0.9893688761680539,0.49942321395776207,0.5013369136584772,0.4998306892174925,0.5008835987747038,0.4981832727011088,0.4961589022871128,0.5062987762154949,0.5007318180616752,0.5015893995874097,0.500460103814636
2,"Grouped NSGA-III, L2",11,0.7063850055040715,0.7064130408111492,0.04594299435879466,0.02925690868491425,0.729878599159283,0.49941019808687137,0.5015560826267828,0.4998285832160127,0.5008190006128034,0.4980196533605117,0.49626305102281654,0.5054762759911778,0.500739924733022,0.5014923764918424,0.5009152754207881
2,"Grouped NSGA-III, L2",12,0.33280626678384284,0.3328239404189309,0.8823646084251464,0.6880401292948851,0.8412015542062898,0.49948057369734833,0.5015257977231158,0.4996289326959188,0.5007411276270419,0.49823803601664945,0.4962446057219337,0.5049699237170228,0.5005345316633565,0.497990736798483,0.4998332503251017
2,"Grouped NSGA-III, L2",13,0.2832989838496413,0.28331313574485706,0.9162664641840987,0.7375745971693423,0.961705294113721,0.49728408867914986,0.5013623892025403,0.4998746756876487,0.4979207822711981,0.49814746179002856,0.49882168535076177,0.5027895817556615,0.49780214463411254,0.4981546868534785,0.49982478735595837
2,"Grouped NSGA-III, L2",14,0.6992313016166155,0.6992643227685909,0.14896321489224892,0.09518312368785148,0.8535223125589043,0.4994374326787819,0.5013101880341416,0.4998418403738385,0.500259135818846,0.4982957923264629,0.5022207339179274,0.5054131621936858,0.5007172472475724,0.4983436153109594,0.5000178317075193
2,"Grouped NSGA-III, L2",15,0.7075574906795846,0.7087256833319446,5.953672066850287e-05,3.784685415665276e-05,0.8592561187386867,0.4994235167073703,0.5013610171778934,0.4997167844760316,0.5006400990765101,0.537752093310344,0.5026066750430203,0.5049877632675164,0.5007680654551412,0.4983651285711495,0.5009738631050363
2,"Grouped NSGA-III, L2",16,0.1892050160615307,0.18922112188837445,0.9635904833807661,0.8275566984692778,0.9936078878835729,0.49940356041980116,0.5013618283833438,0.504380104683445,0.5006191989457538,0.49826704713667336,0.4988591232889501,0.49693466445527307,0.5040807524560916,0.49833829273722685,0.500000258547454
2,"Grouped NSGA-III, L2",17,0.6478614449848541,0.6479133577289728,0.40076070360597965,0.2624908019854192,0.9070996511905719,0.4995469447084664,0.5013417675658692,0.4998865449610626,0.49831273821975636,0.4981885963085413,0.49619341497575936,0.5055175697613428,0.5024485291705026,0.4981154855266487,0.4998342808528884
2,"Grouped NSGA-III, L2",18,0.6812970145275795,0.6813446396093145,0.26779523306687103,0.1725803687530587,0.9030192054451018,0.4996914426699377,0.5013576363178038,0.49971987814498514,0.5002364027127351,0.4982968865217635,0.49877922550992077,0.5054170674657338,0.5040233769710547,0.4983438615114743,0.5006879429648449
2,"Grouped NSGA-III, L2",19,0.5604229804331697,0.5604757146619698,0.6098490335846755,0.4175097931583073,0.9878903551635136,0.49948818902053355,0.5013417675658692,0.4997144749141518,0.5011451541607522,0.4982337066703841,0.49619341497575936,0.5055170352938188,0.5024485291705026,0.4981274443246681,0.500622371315332
2,"Grouped NSGA-III, L2",20,0.06721904691994018,0.06722405713066314,0.9955295952748988,0.939391353742405,0.9068027028357342,0.49951518069527545,0.5020969639376546,0.4998625956263303,0.5002747421761843,0.4982378229370621,0.498861069968697,0.5056008948940337,0.5038777440902218,0.49833898808193716,0.49983292966856196
2,"Grouped NSGA-III, L2",21,0.6239778639605628,0.6240162024666813,0.4704623230499679,0.31181220630319667,0.9926926509110687,0.4993999145752893,0.5008327906258598,0.4998801292837561,0.5008418593588684,0.49818261602188474,0.49901418361725436,0.5055347195595024,0.5004899463589279,0.5015958643725906,0.5004736404366333
2,"Grouped NSGA-III, L2",22,0.3825662204316613,0.3825834645186695,0.8410416738851436,0.6360755882838955,0.8673505968963964,0.4994234197515683,0.5015631649179046,0.4998263639239276,0.500805080999674,0.4981856140653889,0.49615679864121937,0.4961998711512213,0.5007962912288412,0.4984997329296263,0.5004644617465348
2,"Grouped NSGA-III, L2",23,0.47778923241159726,0.47781575345246735,0.7372114769656025,0.5276909915973599,0.9962780457466177,0.4995429218554127,0.5015306678549878,0.49983066195629094,0.5007383957548246,0.49823968235333965,0.49909033149084714,0.5049683219795454,0.5005271850527088,0.5015666129747715,0.5010650221868389
3,Full NSGA-III,0,0.07094810143119558,0.07098675359077516,0.9953358126518554,0.9360236976352787,0.952835575604685,0.4943932967235958,0.5030300331668114,0.4991050397945204,0.502314646443713,0.5029816896141902,0.5116196510466775,0.5039245673965287,0.49448852205800525,0.5065358785512708,0.4898110393948725
3,Full NSGA-III,1,0.17129707226419139,0.17118637968147452,0.9706707899975717,0.8443475209752052,0.015122562631888048,0.49345521381595764,0.5021134718380644,0.49746210170094113,0.5081727894047079,0.5028355310053809,0.5083169115355708,0.4960173101913288,0.5074349269083167,0.5021656926456238,0.4877136212729105
3,Full NSGA-III,2,0.7117717932905017,0.7345067953216534,9.651115908221852e-05,6.0071301593411786e-05,0.9488982723361501,0.49356299879688253,0.5021490327424073,0.6427529136702097,0.507317675406943,0.4537173385877991,0.5019189210253454,0.4967950020683147,0.4947444984972824,0.506472371222506,0.49019171493057684
3,Full NSGA-III,3,2.603744700222351e-06,2.602751275356151e-06,1.000254854603739,0.9999976568504815,0.023253206969531925,0.49442116038777906,0.5023976557648705,0.4951760352634016,0.5081556144660311,0.49348522890920316,0.5041362618031069,0.49713173533242666,0.4948690918758875,0.5021021423122065,0.5054474449128634
3,Full NSGA-III,4,0.5009374887284255,0.5013067856956595,0.7062507850507384,0.4989008392013051,0.9527490635949178,0.49363105110331706,0.5072002575258651,0.4879413831119687,0.5018358485121398,0.4943759671980458,0.504487814673008,0.49760596585755024,0.49479876138157647,0.506535331656604,0.48775545165964684
3,Full NSGA-III,5,0.3205012530313837,0.31743073420940493,0.8997315787644764,0.704139461693609,0.024005132501535242,0.509651636816355,0.5071830155457984,0.49741837472630546,0.5059106247552312,0.4928482960136963,0.5778948158862774,0.5039335531395123,0.49516634864098275,0.5064406869254986,0.49031957149150035
3,Full NSGA-III,6,0.6516523027926905,0.6513315353089542,0.38960033739251937,0.2546832782992208,0.033270194752949976,0.49442976805534355,0.5070853279381364,0.494105424917986,0.5059034261032251,0.5025374004089268,0.501991863453324,0.4966764204246546,0.49513339496158276,0.5065364823950361,0.490140284741153
3,"Grouped NSGA-III, L2",0,0.6238571447652969,0.6238542451979294,0.4707647545940979,0.31204196636896786,0.23839184132724855,0.5009980377035178,0.5003313205174585,0.5004623585359524,0.5010140921367223,0.5000184946102213,0.4993080375571519,0.4984416306627935,0.5000137051188129,0.4996157323117316,0.4994983011339794
3,"Grouped NSGA-III, L2",1,0.06713792137258934,0.0671379698028686,0.9954899933472839,0.9394638880055285,0.529948097362867,0.5009500339642875,0.5012179573928911,0.5004634436554852,0.5010352289720891,0.49998646445503575,0.4993414163998051,0.4984547121944556,0.49897251853702734,0.5000848471576707,0.499668451093154
3,"Grouped NSGA-III, L2",2,0.6478468211035644,0.6478508156863293,0.4007478253417255,0.26249721095693146,0.7616487574216524,0.5009978874329546,0.5003504610453987,0.5005607149220601,0.5016170509742326,0.5000621986771427,0.4991568199829817,0.4984430565331867,0.5000867188810715,0.49955939918267867,0.4996640999034946
3,"Grouped NSGA-III, L2",3,0.7071134417536382,0.707109694763919,4.6350128008310456e-05,2.95072081585232e-05,0.25088864653551524,0.5009883341612855,0.5003937165526341,0.5005520164759036,0.5016131421416419,0.4997641227960723,0.499859903265001,0.4984447456156187,0.5000860541907884,0.49962393131910193,0.49970110383209104
3,"Grouped NSGA-III, L2",4,0.10497195041928653,0.10497264345437872,0.9889275864032131,0.905141876290224,0.7604548188043021,0.5009997372297628,0.5003386461961625,0.5004691666918853,0.5017137507740574,0.499773754994936,0.4989891168225081,0.49845636819728134,0.5000248214997792,0.49951918950547275,0.49966866037292523
3,"Grouped NSGA-III, L2",5,0.23517321140659866,0.23517591838562688,0.9430903759036839,0.7841607184304209,0.718036431467104,0.5009508421561628,0.5012096697731623,0.5004638647830685,0.5010153126401933,0.501912363178598,0.498960543101046,0.49845452586258493,0.5000430727486894,0.4975464949649767,0.499791847099327
3,"Grouped NSGA-III, L2",6,0.03218087891959208,0.032180754952126384,0.9989689091249365,0.9710172209523029,0.2569785777563258,0.5009902666137117,0.5003504641584499,0.5004142163898945,0.5009847037604643,0.5000268665953441,0.4993392690965864,0.49864187379224145,0.5000574429715654,0.49930992524904616,0.49980075525885564
3,"Grouped NSGA-III, L2",7,0.7064905507513911,0.7066732386685772,0.04561554735805696,0.029041169921586396,0.7759526917281829,0.5010007600833118,0.500290223180444,0.5004726307557638,0.5016878915700266,0.5001508648643138,0.4829217960032181,0.4984429888218524,0.5000974964356064,0.5002156918072982,0.49997501408231104
3,"Grouped NSGA-III, L2",8,0.7039222917289776,0.7039232011391641,0.0948499090786141,0.0604739031315443,0.5749663678301179,0.5009600937102898,0.5003574028635109,0.500466789805841,0.5010156816008887,0.500025257522895,0.49932658424296733,0.49842800838103823,0.5000923222533479,0.5001493764271429,0.4995199803226977
3,"Grouped NSGA-III, L2",9,7.478553497149895e-09,7.478514879205013e-09,1.0000068737738632,0.999999993267,0.26087193636682526,0.5009967932565567,0.5003665198512511,0.5004090793798193,0.5015811859126075,0.5000232086636591,0.49916989765560876,0.4984585888691899,0.5000645666290229,0.5000926671205709,0.500005707309254
3,"Grouped NSGA-III, L2",10,0.47764008686092196,0.4776373437171282,0.7373827992143783,0.5278733855797677,0.16386562122801931,0.500957918133797,0.5003312678240839,0.5004726598941385,0.5009575197523125,0.5001646880909689,0.49919704224586753,0.4984431472260111,0.5000557089942255,0.49958572799096124,0.49997464230548117
3,"Grouped NSGA-III, L2",11,0.43116514870318984,0.43116273553070833,0.792596302881396,0.5825366697278003,0.23779972486274997,0.5009873303224506,0.5003995256733493,0.5004962509929954,0.5016133270977099,0.4997662759046361,0.4998401831902089,0.49841660137588895,0.5000127455441806,0.4996335910926822,0.4997010651861577
3,"Grouped NSGA-III, L2",12,0.5604930628762613,0.5604964797539005,0.6096770649125728,0.41739808870413175,0.7604548188043021,0.5009609429035103,0.5003591324921906,0.5004691475536344,0.5017137507740574,0.4999875813156343,0.4989891168225081,0.49862735476748105,0.5000247271059076,0.4995263260341407,0.49966866037292523
3,"Grouped NSGA-III, L2",13,0.6919851927796679,0.691956412782033,0.20598934206031871,0.13207716871961073,0.1639377684694451,0.5009596483354893,0.5003586490448383,0.5004159678010743,0.5010616691922155,0.5031707950257482,0.4993306458066001,0.49844163640954503,0.5000927978741672,0.49511630744293594,0.4994934518264266
3,"Grouped NSGA-III, L2",14,0.33286951711572155,0.3328649265547811,0.8822888985095734,0.6879760449377053,0.2482499035598595,0.5009493425890623,0.5012088862489719,0.5004641904214111,0.5016188635274593,0.5030426005031884,0.49919779775731493,0.4986386544254896,0.500057775528902,0.49933600326322003,0.49979961217916224
3,"Grouped NSGA-III, L2",15,0.3823476743862084,0.3823460380775844,0.8412092333924494,0.6363059239890398,0.2569833640549442,0.5009983667065115,0.5003504712002131,0.5004974043554065,0.5009855988102311,0.5000269197406394,0.4992611565539311,0.4984480498912441,0.5000867649712715,0.4995594513251073,0.49966762862241804
3,"Grouped NSGA-III, L2",16,0.699267981738527,0.699263888479301,0.1485431536478552,0.09491625882658661,0.15380867587883226,0.5009589016278749,0.5003573927843744,0.5004112351784473,0.5010612862434866,0.5000268645639561,0.49933384378209356,0.49864186987296116,0.5000925609663378,0.499300507801243,0.49949729098413004
3,"Grouped NSGA-III, L2",17,0.1457115953989563,0.1457125677360775,0.9785462823511646,0.8678675070319002,0.7521477669511616,0.5009499179567646,0.500362511145468,0.5004658081165875,0.5010321928756891,0.49998572193418295,0.4991974775507505,0.4984616234996795,0.4983173627637115,0.4995251613692085,0.4997992883894388
3,"Grouped NSGA-III, L2",18,0.5211978162321179,0.5212003470147819,0.6758061389930227,0.47240551641162865,0.7835266494228906,0.5009599575824739,0.5003308698750296,0.5004973280300968,0.501015752174956,0.5000356097436741,0.49926013829675514,0.49845486259732474,0.5000901804698622,0.49955625252136376,0.49998644328756686
3,"Grouped NSGA-III, L2",19,0.28342768466625473,0.2834292947141988,0.9161610791132342,0.7374467264751731,0.7487157180550791,0.5009500632590992,0.5003615610517993,0.5005621041799565,0.5016923949389679,0.5000245333537546,0.4993365439074196,0.49840189764403603,0.5000934521957231,0.5001114854334439,0.49979799601532343
3,"Grouped NSGA-III, L2",20,0.6812796466661245,0.6812837560130582,0.26781523097509363,0.17260206752878643,0.7646246329846574,0.5009590805465879,0.5003635316249062,0.5005622173550517,0.5016174681840608,0.49999015041762024,0.4993412871897182,0.49840231742113256,0.5000523943796953,0.4995089740721314,0.4997979952089765
3,"Grouped NSGA-III, L2",21,0.5948456265444294,0.5948425980691404,0.5406806228464951,0.3636635057168244,0.2775707039172859,0.5009983278551285,0.5003630341897611,0.5004966513897467,0.5016133173386997,0.5000286661804684,0.49925195841460385,0.4984445778802752,0.500086700459965,0.49954145749285395,0.49966762862241804
3,"Grouped NSGA-III, L2",22,0.18918086717345328,0.18918112827086672,0.9635522787813694,0.8275780120798971,0.5738738105148723,0.5009592917131716,0.500350507263134,0.5004145165893902,0.4985780353123276,0.5000079674875688,0.4992013533927114,0.4986359568257653,0.5000927778298916,0.49954983071428694,0.49998671143111706
3,"Grouped NSGA-III, L2",23,0.6667900240693031,0.6667927352034735,0.33284982914000666,0.2160192661268033,0.7465998128059109,0.5009954604699935,0.5003626308983296,0.5004666831267522,0.5010044807517424,0.5000252466873231,0.4993261279579909,0.49845785658371644,0.5000638902978463,0.500150114337993,0.499801143854504
4,Full NSGA-III,0,0.7071967566344352,0.7078496239172588,0.0005463390710377693,0.0003476054815838153,0.9988459098066682,0.5094650624847845,0.500559549066077,0.4983914703181722,0.4972695732284519,0.4981492596748783,0.5030021900829169,0.5004024962007074,0.5201149687916992,0.4915294346788177,0.49950898326589616
4,Full NSGA-III,1,0.31257930699176484,0.3136764529224738,0.8991830987543258,0.7086737893137952,0.9835496773023882,0.5171878128532708,0.5005167841947343,0.49689523682743875,0.4974604957548871,0.5408774052058277,0.5029593372518879,0.5178272149493776,0.5014489210455553,0.4999891232831916,0.5006440459474161
4,Full NSGA-III,2,0.17140296746997674,0.17145372784400403,0.9703697952741085,0.8441381615951119,0.9799221976223507,0.5099015621490285,0.5006831981827448,0.4975620597768917,0.4976410881562225,0.5005295022468478,0.5015586148856379,0.5007925067321134,0.503174055927801,0.4915389535697612,0.49881165895734964
4,Full NSGA-III,3,0.06987537369290882,0.0698608359229638,0.9952426600023248,0.9370023625672563,0.011204331250900368,0.5098603049337029,0.5006774838911351,0.4985129044340796,0.49690536390397044,0.5003636246831156,0.5016235347982161,0.5002627905034818,0.5014436689693605,0.4955616749507316,0.49880576221105327
4,Full NSGA-III,4,0.645603601930178,0.6579893703438594,0.4184471744709584,0.2712775379955601,0.9958150007949769,0.5104772379916218,0.5016276092829779,0.5972619643621333,0.5345718428513508,0.49745214866153453,0.5107334911433039,0.5227559690696473,0.5031715801334211,0.49171570969354056,0.4706056793569626
4,Full NSGA-III,5,1.0672212033524628e-06,1.0665012404624238e-06,1.0004413048550782,0.9999990399110721,0.013026643977372576,0.5093222007216394,0.5016019355398308,0.4985604294268502,0.49736430864090514,0.48559380309572414,0.5105080575180566,0.503798259765929,0.5031548690113312,0.5001840658029435,0.4993333951120928
4,Full NSGA-III,6,0.5005786312380953,0.5003624661813202,0.7068351420329477,0.4995782688830395,0.006555787773052241,0.5077008705859973,0.5001878353086048,0.49756381577876185,0.4978485742700088,0.4864707599283743,0.5013185044326729,0.5035870576799157,0.5031608153994707,0.5005045759395512,0.499046828471419
4,Full NSGA-III,7,0.6480615656557324,0.6474140945046066,0.4026871598023008,0.26366761942385,0.00459222254342884,0.5094523012647244,0.49992592876201436,0.49851653407386737,0.4968830561363653,0.48636506277458286,0.5015788252289939,0.5007807834998352,0.5031085657050524,0.49165011710129275,0.5165228356665236
4,"Grouped NSGA-III, L2",0,0.5212712030908059,0.521266673553284,0.6757873369380965,0.47235419374185217,0.4578119013218498,0.5014160784407122,0.5026869127790982,0.4986415801495632,0.497875732927725,0.5014263158368936,0.5005656449193424,0.4959432898144279,0.5052371504356598,0.5000094660574863,0.5019351076490579
4,"Grouped NSGA-III, L2",1,0.33288438654126207,0.33291785764426424,0.8823771945602589,0.6879755774451689,0.7714662965071112,0.5019336983721632,0.4971566679544157,0.4946069376979137,0.49861822708819453,0.5067694969525187,0.49933105712660003,0.5006489795462987,0.504984386664285,0.49999707452872505,0.5018841838524574
4,"Grouped NSGA-III, L2",2,0.6992876118738621,0.6993231944699086,0.14855418008232943,0.09491792219825784,0.7603366801427918,0.501948054224267,0.4973333007582905,0.4952287984941383,0.4985275236610571,0.5047167626706378,0.4995013514761761,0.5004566159099513,0.5003244371307662,0.5001343678222755,0.5018842593247299
4,"Grouped NSGA-III, L2",3,0.5947721110086417,0.5948529334645716,0.5409342256225624,0.3638146817477499,0.9048282935490475,0.501860281466608,0.5026980320985133,0.4947344326034125,0.4978714614332914,0.5049138655993497,0.5006161482339938,0.5025114944909098,0.5052334207547253,0.5016779131940896,0.5016782295212839
4,"Grouped NSGA-III, L2",4,0.2838762379702728,0.28387517053750877,0.9159083489032565,0.7370133737360891,0.45937981906978964,0.5014159823130921,0.5030202609474441,0.49863989221228905,0.4978575763936718,0.5013233160052855,0.5005656462626088,0.502439390943635,0.5003644110512989,0.5000111582858846,0.5019352787598582
4,"Grouped NSGA-III, L2",5,0.47799464979504,0.4779958360345538,0.7370163769213696,0.5274791558186169,0.5103922161445521,0.5019172675407524,0.5028535478081156,0.4987033830663219,0.4978716775254156,0.5049209543497741,0.5006307407286619,0.5004636434097445,0.5052431328759917,0.5016899815366467,0.5016776747384267
4,"Grouped NSGA-III, L2",6,0.5607532462345654,0.5607922711682628,0.6092868146564382,0.4170486025326622,0.7725057099840978,0.5014804067613559,0.5027841337514487,0.4950570682767173,0.49785808939837256,0.5014619577216916,0.5014719550426388,0.5002864763395516,0.5032185422527314,0.4950962661552108,0.5018815457534607
4,"Grouped NSGA-III, L2",7,5.151848125493596e-05,5.151719672008304e-05,1.0000918760085755,0.9999536219100986,0.41360997121615234,0.5014365212346708,0.5027382788304401,0.4985589540960688,0.4945272325799625,0.5014604119513084,0.5005584334143394,0.5005512899106751,0.5002431533388063,0.5065403330402815,0.5021692050023427
4,"Grouped NSGA-III, L2",8,0.712090742293872,0.7110944278587429,2.0483730587517208e-05,1.2958139762070386e-05,0.42930488476657486,0.501464689413457,0.4972311639363491,0.4950687684982799,0.49850270108973416,0.5071700062109669,0.49953330059172624,0.5006312525084682,0.5787456836987043,0.5070812573646364,0.5021699316049454
4,"Grouped NSGA-III, L2",9,0.4313928451750829,0.4314275852270953,0.7924204686091405,0.5822926972125699,0.820951082713785,0.5014388271022135,0.49762401296535197,0.494611678816586,0.49443472772996383,0.5013509460174163,0.4994833312641952,0.5025128361209981,0.500365282911141,0.49980967600560255,0.5018901393950016
4,"Grouped NSGA-III, L2",10,0.1892796212819942,0.18927990260403735,0.9635730823150535,0.8274958829442354,0.5074662419186806,0.5019176689610781,0.4976854199890701,0.49522548866547006,0.497905137821526,0.5048919142756785,0.5005529214090731,0.5004480645242579,0.5004597362066757,0.4998322067564902,0.5015725115116312
4,"Grouped NSGA-III, L2",11,0.6813074642108097,0.6814203619477667,0.26782631036059595,0.17258904163957986,0.9315008846927159,0.5021230337138655,0.5033851347836524,0.49520906463524644,0.49884726116312406,0.5071641161542233,0.5013580672113409,0.4960735795188193,0.5031402442515636,0.5001195720656769,0.5018800606040982
4,"Grouped NSGA-III, L2",12,0.6668316876337556,0.6668889261557914,0.33285191035690315,0.21599986190604883,0.779210554670436,0.5020803663837236,0.4973499575865069,0.49491999658274766,0.4970649378383495,0.5066815755248485,0.5014813683887468,0.5005596777027003,0.5004450604576992,0.4999365274672227,0.5021764954134421
4,"Grouped NSGA-III, L2",13,0.03222507811052782,0.032225107138489625,0.9989994485334881,0.9709782864363128,0.5074662419186806,0.5019361895004512,0.4976854199890701,0.49522548866547006,0.49889357668049583,0.5014127524293197,0.5005529071187873,0.5004604639106431,0.5005391142229093,0.49997682786092806,0.5015728690428976
4,"Grouped NSGA-III, L2",14,0.3824381757908189,0.3824668032453586,0.8412070260106046,0.6362251693780181,0.7818787442967784,0.5014387012503099,0.49717907360643043,0.49521517936842824,0.49866923096090715,0.506678540571938,0.5013775288135065,0.5005601491286304,0.5004673795580704,0.5000175014491542,0.5016756272794392
4,"Grouped NSGA-III, L2",15,0.10514107047241335,0.10514720332680808,0.9889346188588465,0.9049895525862961,0.8631512901511846,0.5014195613558556,0.5027841338720813,0.4952081876767563,0.49886434695625714,0.5013551731884317,0.5013581639441622,0.5005607207144184,0.5032083482068666,0.5001181102556268,0.5016756272794392
4,"Grouped NSGA-III, L2",16,0.6240125312977249,0.6240680178482577,0.47041569884464096,0.31176770237132334,0.8946132116387683,0.5019352897038525,0.4976040977445382,0.4950361068022014,0.4969628156516843,0.5045993849910415,0.5013711331734021,0.5006076520963954,0.5005413996253533,0.5000893913658185,0.5021615350905125
4,"Grouped NSGA-III, L2",17,0.14564894872758855,0.14566400448160635,0.978649061800871,0.8679299719006585,0.8545883604140981,0.5014808609493367,0.5031048175152434,0.49506094593853867,0.4968821949480154,0.5017117744907027,0.5014798952397533,0.5028152142637581,0.5052376954004829,0.5016206545139058,0.5019350808776141
4,"Grouped NSGA-III, L2",18,0.7064382969656191,0.7064244510618989,0.04497258127213568,0.028638473613937787,0.3896723425106232,0.5014827094418456,0.4976151170397799,0.4952123284039792,0.49696192623342955,0.4967019794971683,0.4994977689709322,0.500278761853894,0.5004677470723785,0.5015362107752278,0.5016515971623314
4,"Grouped NSGA-III, L2",19,0.7039580771332774,0.7040114734415347,0.09483800897649919,0.0604610656597235,0.7633557722444654,0.502082417797892,0.4976151170397799,0.4952264553329157,0.4969953937451011,0.5058991281386246,0.499544148763155,0.5032852997257302,0.5004435459950759,0.4994560946786409,0.5018848151156501
4,"Grouped NSGA-III, L2",20,0.6478012776508354,0.6478331180341406,0.4009753335988277,0.2626413086603477,0.7710212408767043,0.5019202874545229,0.49757292847360135,0.4950653236973458,0.4978560493654516,0.5014619577216916,0.5005483529823658,0.5002864763395516,0.5032185422527314,0.5016686646114844,0.5018815457534607
4,"Grouped NSGA-III, L2",21,0.6920019329758699,0.6920021422247331,0.20583715469450087,0.13197657359481768,0.5018768542174299,0.5019275045108852,0.5027839713303457,0.49526881609390055,0.4988123742398448,0.5016752558510957,0.4995088472809466,0.5027614118997908,0.5002998020751892,0.5015837231651096,0.5016596261413272
4,"Grouped NSGA-III, L2",22,0.06727361785733718,0.06728039530933727,0.9955854820891981,0.9393450408879713,0.7641391038482616,0.5014181219511258,0.4974057258525528,0.49491512868015647,0.4968433725798554,0.5047058161922553,0.4995212172603299,0.5005620237517447,0.5002413148407182,0.507113153511522,0.5018729101323842
4,"Grouped NSGA-III, L2",23,0.2351969912011887,0.23519374221295872,0.9431584065202386,0.7841574606092648,0.451540382384496,0.501416191599755,0.497406242488388,0.49457127514069615,0.4988555637827067,0.5047115849933393,0.49935486602805457,0.5004615534733966,0.5049868954871461,0.49998283522605946,0.5018800670751689
