retained_resolution,epsilon_resolution,grouping,retained,retained_index,retained_fraction,points_in_slice,normalized_range_1,normalized_range_2,information_loss
6,11,TAC + total emissions,ISI,1,0.0,6,0.00014352200000000703,4.0000000001150227e-07,0.00014392200000001854
6,11,TAC + total emissions,ISI,3,0.2,8,0.16214619000000008,0.653111527,0.815257717
6,11,TAC + total emissions,ISI,5,0.4,1,0.0,0.0,0.0
6,11,TAC + total emissions,ISI,7,0.6,1,0.0,0.0,0.0
6,11,TAC + total emissions,ISI,9,0.8,2,4.500000000406956e-08,8.699999998196262e-08,1.3199999998603218e-07
6,11,TAC + total emissions,ISI,11,1.0,1,0.0,0.0,0.0
6,11,TAC + ISI,TotEmiss,1,0.0,6,1.4581999999985218e-05,5.419999999922709e-07,1.5123999999977489e-05
6,11,TAC + ISI,TotEmiss,3,0.2,2,0.521048266,0.311226904,0.83227517
6,11,TAC + ISI,TotEmiss,5,0.4,2,0.19112213700000003,0.081666493,0.27278863000000003
6,11,TAC + ISI,TotEmiss,7,0.6,3,0.959104398,0.883307451,1.8424118489999999
6,11,TAC + ISI,TotEmiss,9,0.8,2,0.159124959,0.093333253,0.252458212
6,11,TAC + ISI,TotEmiss,11,1.0,2,0.07356508299999998,0.06666612999999999,0.14023121299999997
6,11,Total emissions + ISI,TAC,1,0.0,3,1.1640000000534556e-06,5.632000000033166e-06,6.796000000086622e-06
6,11,Total emissions + ISI,TAC,3,0.2,1,0.0,0.0,0.0
6,11,Total emissions + ISI,TAC,9,0.8,2,0.493755277,0.08666653399999999,0.580421811
6,11,Total emissions + ISI,TAC,11,1.0,1,0.0,0.0,0.0
6,21,TAC + total emissions,ISI,1,0.0,6,0.00014352200000000703,4.0000000001150227e-07,0.00014392200000001854
6,21,TAC + total emissions,ISI,3,0.2,17,0.16214619000000008,0.653111527,0.815257717
6,21,TAC + total emissions,ISI,5,0.4,1,0.0,0.0,0.0
6,21,TAC + total emissions,ISI,7,0.6,1,0.0,0.0,0.0
6,21,TAC + total emissions,ISI,9,0.8,2,4.500000000406956e-08,8.699999998196262e-08,1.3199999998603218e-07
6,21,TAC + total emissions,ISI,11,1.0,1,0.0,0.0,0.0
6,21,TAC + ISI,TotEmiss,1,0.0,6,1.4581999999985218e-05,5.419999999922709e-07,1.5123999999977489e-05
6,21,TAC + ISI,TotEmiss,3,0.2,3,0.521048266,0.311226904,0.83227517
6,21,TAC + ISI,TotEmiss,5,0.4,4,0.728804331,0.605599963,1.334404294
6,21,TAC + ISI,TotEmiss,7,0.6,4,0.959104398,0.883307451,1.8424118489999999
6,21,TAC + ISI,TotEmiss,9,0.8,3,0.159124959,0.093333253,0.252458212
6,21,TAC + ISI,TotEmiss,11,1.0,4,0.134770159,0.11666612999999998,0.251436289
6,21,Total emissions + ISI,TAC,1,0.0,3,1.1640000000534556e-06,5.632000000033166e-06,6.796000000086622e-06
6,21,Total emissions + ISI,TAC,3,0.2,1,0.0,0.0,0.0
6,21,Total emissions + ISI,TAC,9,0.8,3,0.493755277,0.08666653399999999,0.580421811
6,21,Total emissions + ISI,TAC,11,1.0,2,7.41999999998022e-07,6.489999999984009e-07,1.3909999999964229e-06
11,11,TAC + total emissions,ISI,1,0.0,6,0.00014352200000000703,4.0000000001150227e-07,0.00014392200000001854
11,11,TAC + total emissions,ISI,2,0.1,10,0.1462635,0.29729318299999996,0.44355668299999995
11,11,TAC + total emissions,ISI,3,0.2,8,0.16214619000000008,0.653111527,0.815257717
11,11,TAC + total emissions,ISI,4,0.3,3,0.035190626,0.11619390400000001,0.15138453000000002
11,11,TAC + total emissions,ISI,5,0.4,1,0.0,0.0,0.0
11,11,TAC + total emissions,ISI,6,0.5,1,0.0,0.0,0.0
11,11,TAC + total emissions,ISI,7,0.6,1,0.0,0.0,0.0
11,11,TAC + total emissions,ISI,8,0.7,2,4.200000000564863e-08,9.499999997775177e-08,1.369999999834004e-07
11,11,TAC + total emissions,ISI,9,0.8,2,4.500000000406956e-08,8.699999998196262e-08,1.3199999998603218e-07
11,11,TAC + total emissions,ISI,10,0.9,2,4.900000000196414e-08,7.399999990553852e-08,1.2299999990750266e-07
11,11,TAC + total emissions,ISI,11,1.0,1,0.0,0.0,0.0
11,11,TAC + ISI,TotEmiss,1,0.0,6,1.4581999999985218e-05,5.419999999922709e-07,1.5123999999977489e-05
11,11,TAC + ISI,TotEmiss,2,0.1,1,0.0,0.0,0.0
11,11,TAC + ISI,TotEmiss,3,0.2,2,0.521048266,0.311226904,0.83227517
11,11,TAC + ISI,TotEmiss,4,0.3,2,0.64741214,0.466746835,1.114158975
11,11,TAC + ISI,TotEmiss,5,0.4,2,0.19112213700000003,0.081666493,0.27278863000000003
11,11,TAC + ISI,TotEmiss,6,0.5,3,0.818732544,0.74638589,1.565118434
11,11,TAC + ISI,TotEmiss,7,0.6,3,0.959104398,0.883307451,1.8424118489999999
11,11,TAC + ISI,TotEmiss,8,0.7,2,0.16634095700000007,0.08999989299999998,0.25634085000000006
11,11,TAC + ISI,TotEmiss,9,0.8,2,0.159124959,0.093333253,0.252458212
11,11,TAC + ISI,TotEmiss,10,0.9,3,0.21689368500000006,0.193333221,0.41022690600000006
11,11,TAC + ISI,TotEmiss,11,1.0,2,0.07356508299999998,0.06666612999999999,0.14023121299999997
11,11,Total emissions + ISI,TAC,1,0.0,3,1.1640000000534556e-06,5.632000000033166e-06,6.796000000086622e-06
11,11,Total emissions + ISI,TAC,2,0.1,1,0.0,0.0,0.0
11,11,Total emissions + ISI,TAC,3,0.2,1,0.0,0.0,0.0
11,11,Total emissions + ISI,TAC,8,0.7,1,0.0,0.0,0.0
11,11,Total emissions + ISI,TAC,9,0.8,2,0.493755277,0.08666653399999999,0.580421811
11,11,Total emissions + ISI,TAC,10,0.9,2,0.25542975599999995,0.09666661599999998,0.35209637199999994
11,11,Total emissions + ISI,TAC,11,1.0,1,0.0,0.0,0.0
11,21,TAC + total emissions,ISI,1,0.0,6,0.00014352200000000703,4.0000000001150227e-07,0.00014392200000001854
11,21,TAC + total emissions,ISI,2,0.1,20,0.1462635,0.29729318299999996,0.44355668299999995
11,21,TAC + total emissions,ISI,3,0.2,17,0.16214619000000008,0.653111527,0.815257717
11,21,TAC + total emissions,ISI,4,0.3,5,0.035190626,0.116193975,0.151384601
11,21,TAC + total emissions,ISI,5,0.4,1,0.0,0.0,0.0
11,21,TAC + total emissions,ISI,6,0.5,1,0.0,0.0,0.0
11,21,TAC + total emissions,ISI,7,0.6,1,0.0,0.0,0.0
11,21,TAC + total emissions,ISI,8,0.7,2,4.200000000564863e-08,9.499999997775177e-08,1.369999999834004e-07
11,21,TAC + total emissions,ISI,9,0.8,2,4.500000000406956e-08,8.699999998196262e-08,1.3199999998603218e-07
11,21,TAC + total emissions,ISI,10,0.9,2,4.900000000196414e-08,7.399999990553852e-08,1.2299999990750266e-07
11,21,TAC + total emissions,ISI,11,1.0,1,0.0,0.0,0.0
11,21,TAC + ISI,TotEmiss,1,0.0,6,1.4581999999985218e-05,5.419999999922709e-07,1.5123999999977489e-05
11,21,TAC + ISI,TotEmiss,2,0.1,2,0.363057491,0.155724833,0.518782324
11,21,TAC + ISI,TotEmiss,3,0.2,3,0.521048266,0.311226904,0.83227517
11,21,TAC + ISI,TotEmiss,4,0.3,3,0.64741214,0.466746835,1.114158975
11,21,TAC + ISI,TotEmiss,5,0.4,4,0.728804331,0.605599963,1.334404294
11,21,TAC + ISI,TotEmiss,6,0.5,4,0.818732544,0.74638589,1.565118434
11,21,TAC + ISI,TotEmiss,7,0.6,4,0.959104398,0.883307451,1.8424118489999999
11,21,TAC + ISI,TotEmiss,8,0.7,3,0.16634095700000007,0.08999989299999998,0.25634085000000006
11,21,TAC + ISI,TotEmiss,9,0.8,3,0.159124959,0.093333253,0.252458212
11,21,TAC + ISI,TotEmiss,10,0.9,5,0.21689368500000006,0.193333221,0.41022690600000006
11,21,TAC + ISI,TotEmiss,11,1.0,4,0.134770159,0.11666612999999998,0.251436289
11,21,Total emissions + ISI,TAC,1,0.0,3,1.1640000000534556e-06,5.632000000033166e-06,6.796000000086622e-06
11,21,Total emissions + ISI,TAC,2,0.1,1,0.0,0.0,0.0
11,21,Total emissions + ISI,TAC,3,0.2,1,0.0,0.0,0.0
11,21,Total emissions + ISI,TAC,8,0.7,1,0.0,0.0,0.0
11,21,Total emissions + ISI,TAC,9,0.8,3,0.493755277,0.08666653399999999,0.580421811
11,21,Total emissions + ISI,TAC,10,0.9,4,0.557706788,0.144999922,0.70270671
11,21,Total emissions + ISI,TAC,11,1.0,2,7.41999999998022e-07,6.489999999984009e-07,1.3909999999964229e-06
