frontier_id,TAC,TotEmiss,ISI,TAC_normalized_recomputed,TotEmiss_normalized_recomputed,ISI_normalized_recomputed,J_normalized
PF0224,2540987.776255747,88.31904321127661,20.356514351845963,-4.5835285645229447e-08,0.6069829637820112,0.9999861894046562,0.8034845765933337
PF0223,3052755.074378138,88.163770150029,20.328016172373705,0.01666667059126143,0.6052944938452722,0.998225698759978,0.8017600963026251
PF0222,3564520.9379607206,87.698476490468,20.24261783955702,0.03333334029917628,0.6002347986888072,0.9929501699795782,0.7965924843341927
PF0221,4076286.739293176,86.92259340903098,20.100215029125977,0.05000000797979235,0.5917976928128451,0.9841531583745462,0.7879754255936957
PF0220,4588052.554671975,85.8351271374911,19.900625389460043,0.06666667611785541,0.5799723697854031,0.9718233990736538,0.7758978844295285
PF0028,4767304.363395585,85.38033504208832,19.81715027354012,0.07250436656017747,0.5750268707118092,0.9666666780703519,0.7708467743910805
PF0099,5038564.315983099,84.61152475179449,19.683770657606825,0.0813384845748332,0.5666666757637193,0.9584270792472088,0.762546877505464
PF0219,5099818.3282656325,84.43478427514918,19.6436114489442,0.08333334289510255,0.5647447649118128,0.9559462221378254,0.7603454935248191
PF0218,5611584.100731023,82.7199570686727,19.32887817381228,0.10000000963560543,0.546097395164781,0.9365034016945736,0.7413003984296773
PF0065,5687049.356789967,82.44038442864728,19.277562438675687,0.1024576852772608,0.5430572670574016,0.9333333440520949,0.7381953055547483
PF0103,5915310.950351865,81.54616442425338,19.120468351923662,0.10989147650410483,0.533333342107909,0.9236287708062694,0.7284810564570892
PF0217,6123349.855738993,80.69722305947627,18.956145180971863,0.11666667580757281,0.5241017860288122,0.9134776169248041,0.7187897014768081
PF0037,6390812.929795483,79.5004341099543,18.7379746050944,0.12537714094715272,0.5110876666081426,0.9000000101131048,0.7055438383606237
PF0108,6604834.452147702,78.48080386331401,18.557184270922235,0.13234717603010807,0.5000000059140799,0.8888315882050253,0.6944157970595526
PF0216,6635115.643970585,78.33861644440024,18.524742530288066,0.1333333430615333,0.49845383183668757,0.8868274819097747,0.6926406568732311
PF0091,6982465.191558921,76.56048395660355,18.198386772168725,0.1446454695529757,0.47911806795684775,0.8666666762146154,0.6728923720857316
PF0215,7146881.415121519,75.66680513511473,18.03436780527292,0.15000000975922828,0.46940002793715657,0.8565343147053147,0.6629671713212356
PF0113,7191144.352711285,75.41544350931727,17.993881790547412,0.15144152005447611,0.46666667197058587,0.8540332689724128,0.6603499704714993
PF0038,7502220.6160130305,73.62053391174993,17.658798939654137,0.1615723351466123,0.4471484704853721,0.8333333423415212,0.6402409064134467
PF0214,7658647.186085812,72.6696093434546,17.484273172023446,0.16666667645084493,0.43680792890802284,0.8225519174624963,0.6296799231852596
PF0118,7709409.516503682,72.35008316109842,17.430579354305582,0.16831985235584973,0.4333333380899218,0.8192349524661401,0.626284145278031
PF0039,7970677.146646461,70.68058394453104,17.11921110742358,0.17682855058452063,0.41517887385811175,0.8000000084859732,0.6075894411720425
PF0213,8170412.946406323,69.35472357005588,16.872169559481623,0.1833333427958258,0.40076120626898054,0.7847388815630405,0.5927500439160105
PF0122,8178317.051146452,69.28472281690873,16.867276948036324,0.18359075563324773,0.4000000042530714,0.7844366378114395,0.5922183210322555
PF0040,8400038.744846534,67.74063403591828,16.579623275399424,0.19081156205849384,0.38320927786814607,0.7666666746431756,0.5749379762556608
PF0126,8609176.827650338,66.21936284005207,16.30395688262221,0.19762255825319233,0.3666666744106732,0.7496372322533938,0.5581519533320335
PF0059,8798218.395243509,64.80068418114875,16.04003544500435,0.20377907159717665,0.35123968246368237,0.7333333409010155,0.542286511682349
PF0130,9009424.081696168,63.15400252720555,15.74065459976855,0.21065740340285374,0.3333333409146547,0.7148389252227594,0.524086133068707
PF0092,9170664.89751724,61.86073438431151,15.500447618641502,0.21590853016209466,0.3192700876891858,0.7000000074079484,0.5096350475485671
PF0212,9193944.489376398,61.74265278832817,15.474621709763412,0.21666667621297725,0.3179860450915964,0.6984045977427644,0.5081953214171804
PF0134,9384212.160754208,60.08864221490571,15.17735231651012,0.22286312005694286,0.300000007424581,0.68004061816712,0.4900203127958505
PF0041,9521283.601368912,58.92078461695001,14.960859792355697,0.22732712320697845,0.28730049323521417,0.6666666739196407,0.47698358357742743
PF0137,9737237.443647267,57.02328190293546,14.614050030136417,0.2343600881183391,0.2666666739380913,0.645242310919033,0.4559544924285621
PF0066,9852934.35665482,55.98083487309545,14.42127196611033,0.23812798741084645,0.25533089903686174,0.6333333404338312,0.4443321197353465
PF0141,10071167.580185082,53.95792112563195,14.0507650843582,0.2452351848905891,0.23333333539147583,0.6104450748957292,0.4218892051436025
PF0012,10167682.034716465,53.04088514645041,13.881684139849444,0.24837836940167274,0.22336130502564894,0.6000000069470628,0.41168065598635584
PF0211,10217476.039428318,52.71016790304196,13.817014998434924,0.25000000986076304,0.21976502039926493,0.5960050353184202,0.40788502785884256
PF0144,10387617.74613308,50.89256127752431,13.487445370986183,0.2555410117738998,0.20000000694911976,0.5756456910852769,0.3878228490171983
PF0054,10469233.008042185,50.101632462609714,13.342096315058196,0.2581989745458629,0.19139929079556695,0.5666666735510821,0.37903298217332454
PF0147,10696376.829490142,47.82720046704155,12.9242560718114,0.26559636330830383,0.1666666680417066,0.5408543636832834,0.353760515862495
PF0225,10729241.809969723,47.60112011140592,12.879422266312284,0.26666667653860754,0.1642082256003014,0.5380847307941597,0.35114647819723055
PF0093,10760706.981551005,47.164805669811166,12.802508488214311,0.2676914022176064,0.1594636561838267,0.5333333400282987,0.3463984981060627
PF0149,10987895.346130712,44.76184065855699,12.361034326188657,0.2750902416154208,0.13333334003021977,0.5060610318841973,0.31969718595720853
PF0015,11037092.409540784,44.22796959922309,12.262920562640693,0.2766924414978338,0.1275279206835706,0.5000000004064319,0.3137639605450012
PF0210,11241007.574240264,42.022780779757376,11.855706847139215,0.2833333430122289,0.10354826190320258,0.47484415010999853,0.28919620600660056
PF0152,11264067.724608196,41.696479778928,11.7978490372571,0.28408434251599934,0.1000000003708968,0.47126995221717555,0.28563497629403617
PF0016,11299428.1448268,41.29114262998163,11.723332730172784,0.2852359246875629,0.09559228415315531,0.4666666665362213,0.2811294753446883
PF0154,11524229.84656207,38.63112002315947,11.234627176178089,0.2925570376792941,0.06666667293265444,0.4364766132857151,0.2515716431091848
PF0017,11546842.426437745,38.35431555626994,11.183744895224445,0.2932934611628641,0.06365664648671007,0.4333333325127808,0.2484949894997454
PF0209,11752773.345979024,35.74056036724905,10.70281762522731,0.3000000097290676,0.03523415630588149,0.4036237870162062,0.21942897166104386
PF0157,11764064.869512113,35.565759013494244,10.671442494216436,0.3003677405736138,0.033333331859291784,0.4016855711145916,0.21750945148694167
PF0018,11774934.278377729,35.41748806969993,10.644157051122129,0.3007217244173492,0.03172100433076193,0.3999999979238483,0.21586050112730512
PF0206,11928345.416592244,32.50024598586382,10.108165052680418,0.3057178622062934,-1.662287450244293e-06,0.3668887986699595,0.18344356819125462
PF0208,11928820.90516743,32.50021056866753,10.108165266727688,0.3057333474342002,-2.0474210380891366e-06,0.36688881189284683,0.18344338223590437
