grouping,retained,level_index,level_fraction,retained_target,endpoint,primary,secondary,lexicographic_completed,stage_one_attempts,stage_one_successes,stage_two_attempts,stage_two_successes,termination,raw_status,solve_time_s,TAC,TotEmiss,ISI,NetCapture,retained_normalized_error,primary_cap_violation,max_abs_equality,max_abs_source_carbon_diagnostic,max_inequality_violation,dominated_by_sample,z1,z2,z3,z4,z5,z6,z7,z8,z9,z10,z11,z12,z13,z14,z15,z16,z17,z18,z19,z20,z21,z22,z23,z24,z25,z26,z27,z28,z29,z30,z31,z32,z33,z34,z35,z36,z37,z38,z39,z40,z41,z42,z43,z44,z45,z46,z47,z48,z49,z50,z51,z52,z53,z54,z55,z56,z57,z58,z59,z60,z61,z62,z63,z64,z65,z66,z67,z68,z69,z70,z71,z72,z73,z74,z75,z76,z77,z78,z79,z80,z81,z82
TAC + total emissions,ISI,1,0.0,4.169098759633046,min_TAC,TAC,TotEmiss,true,4,4,4,3,LOCALLY_SOLVED,Solve_Succeeded,0.051674917,3.3242916880254462e7,124.46119462116263,4.169098759633046,503.57998743409917,0.0,3.953112633821744e-9,3.1845052583085723e-16,3.1845052583085723e-16,9.981254914417603e-9,true,1.000000009844065,0.4776748599704504,-9.532636671363274e-9,-9.975173676384658e-9,-9.82308121170021e-9,-6.5276080201320605e-9,-3.1142372164787726e-9,-6.683326673498668e-10,-9.822107686632748e-9,-6.527399077017031e-9,-3.1136954521123016e-9,-6.683238772518147e-10,-9.82236825652239e-9,-6.527412370975333e-9,-3.1136644577197304e-9,-6.683221693701991e-10,-9.823361567416481e-9,-6.5276066439637315e-9,-3.114056340240422e-9,-6.683301592435842e-10,-9.822398277119302e-9,-6.527444831048063e-9,-3.113710108010109e-9,-6.683236603741648e-10,-9.823725822741813e-9,-6.527671477503844e-9,-3.114187690716022e-9,-6.68332815782869e-10,2.5897943812411898e-8,4.475686431155397e-9,1.1293573868959323e-8,-1.2050198664240059e-9,0.9999996848997639,0.47767497234130624,4.140313489061523e-8,7.294414516756368e-8,1.834188197288241e-7,-9.794151012924148e-9,-9.504728621962556e-9,-9.954234185486161e-9,1.715326291236891e-8,1.189587925076039e-9,1.6551558652529393e-8,2.0645439017721653e-10,1.5335262019338237e-7,-9.201601361666138e-9,-8.099530384441054e-9,-9.819211841748512e-9,1.0607257759830562e-8,-2.3740493141604927e-10,1.5633510124632182e-8,1.4392860567256034e-9,-1.0914534679666897e-9,-9.939766757928363e-9,-9.688738006822846e-9,-9.929513914912304e-9,-1.0913452985147496e-9,-9.93944859454866e-9,-9.687052517682714e-9,-9.929383319169817e-9,-1.0913742507247095e-9,-9.939468837621527e-9,-9.686956090683606e-9,-9.929357944928671e-9,-1.0914846186018308e-9,-9.939764662399317e-9,-9.688175280747978e-9,-9.929476651618966e-9,-1.0913775863465885e-9,-9.93951826545955e-9,-9.687098113809227e-9,-9.929380096987591e-9,-1.0915250914157565e-9,-9.939863386199034e-9,-9.688583926672066e-9,-9.929516120202624e-9,-4.152366753568847e-12,0.6849075741590689,-1.3466856166252757e-11,-4.3644413739226373e-10,-9.980765072749196e-9,-6.656954206966356e-10
TAC + total emissions,ISI,1,0.0,4.169098759633046,min_TotEmiss,TotEmiss,TAC,true,4,4,4,4,LOCALLY_SOLVED,Solve_Succeeded,0.012427542,3.324308265469167e7,124.46119708725271,4.169098759633046,503.5799879541628,0.0,0.0,1.804552979708191e-16,2.0506283860320352e-16,9.581393825131348e-9,true,1.0000000065237953,0.4776748684560277,5.934906574600122e-9,-9.455421298049327e-9,-6.278683178383547e-9,-5.582389578328038e-9,-1.2619842601764624e-9,-5.678467139981207e-10,-5.927908459276698e-9,-5.499339504261269e-9,-1.1589983737503716e-9,-5.65259710431893e-10,-6.079786859643506e-9,-5.533907770786312e-9,-1.1988369243601973e-9,-5.662372251145704e-10,-6.210239063441955e-9,-5.564523375909677e-9,-1.2359824251008516e-9,-5.671915338857577e-10,-6.13231407751955e-9,-5.546655778287e-9,-1.2139973955599103e-9,-5.66636442554788e-10,-6.83772121999412e-9,-5.715702671167079e-9,-1.433274410546302e-9,-5.725574530071993e-10,4.018641862471505e-8,5.404169858556529e-9,7.916899471385024e-9,-3.675269126272209e-9,0.9999997043916501,0.47767495371437,1.7513731103291123e-8,7.017885927476575e-8,1.496553823964154e-7,-6.818678073480204e-9,-3.851329061792903e-9,-9.269221370202802e-9,5.638890122900057e-8,4.5148271584465486e-9,7.172368380479663e-9,-5.0777924507403805e-9,9.271878266273203e-8,-2.430175659302118e-9,1.6171031453816756e-9,-8.08621099187477e-9,4.8122745878179144e-9,-1.5621316927836139e-9,6.4121035593312645e-9,4.7934590458202e-10,-6.976314642648384e-10,-8.500456857908602e-9,-3.926173253882327e-9,-8.43657975082922e-9,-6.586564954751884e-10,-8.373994245125112e-9,-3.605772718334489e-9,-8.398144269273837e-9,-6.755318732937226e-10,-8.426632287333701e-9,-3.7297148757872806e-9,-8.41266734455933e-9,-6.900265626046615e-10,-8.473251504226099e-9,-3.845278655869315e-9,-8.426845646302684e-9,-6.813682308355052e-10,-8.446044026027932e-9,-3.776880786186388e-9,-8.418598575099707e-9,-7.597468022215686e-10,-8.703456340186233e-9,-4.459075943921828e-9,-8.506567873249817e-9,-3.663306885634412e-12,0.6849075515173033,-1.361995227188979e-11,-5.025555238520112e-10,-9.581393825131348e-9,-9.009798116981644e-9
TAC + total emissions,ISI,2,0.25,8.215975449334323,min_TAC,TAC,TotEmiss,false,4,4,4,0,LOCALLY_SOLVED,Solve_Succeeded,0.575834458,2.536500531291028e7,121.63836126822085,8.215975449334323,503.57998803853565,0.0,0.0,1.5922526291542861e-16,1.5922526291542861e-16,9.677106061555878e-9,false,1.0000000034389633,0.5245713156158468,2.80872706942904e-7,-7.741052728783958e-9,1.1435304934102065e-9,1.9154977047597353e-8,1.0614513689881703e-8,2.511398452719211e-10,4.4123549059466625e-9,0.13557861663295717,1.4800225437176444e-8,5.690449092466128e-10,1.079676014767899e-9,1.957950682151064e-8,1.2280965070006269e-8,6.278072555497246e-10,1.0126978750948559e-9,1.874041974663434e-8,1.207451375437336e-8,6.116365550512414e-10,3.762904617002361e-9,0.07235950579260608,1.4758973098405374e-8,4.777624273708845e-10,9.264689837980224e-10,1.7655874548943308e-8,1.1815036930879354e-8,5.907155138091766e-10,4.1836134749014554e-8,-7.647592623888504e-9,-5.406341339056586e-9,-9.568449630437546e-9,0.9999993162957088,-7.511124510565254e-9,-5.311679221915691e-9,-9.558052263574794e-9,4.046312322999005e-8,-8.499917265467775e-9,-6.737317316884758e-9,-9.677106061555878e-9,3.908348998019201e-8,-7.869061354020579e-9,-5.562563483167355e-9,-9.546449617665988e-9,5.146597175967872e-7,-7.833791284036546e-9,-5.801953642239307e-9,-9.61506372447235e-9,3.739230783620692e-8,-7.039800153847687e-9,-4.1670419745802885e-9,-9.37876317382757e-9,1.2705894371224512e-10,2.916780595884142e-8,3.302293147963196e-8,3.731220558325685e-9,4.902616562162957e-10,0.2064492571456393,4.6045145804548934e-8,8.454381508806817e-9,1.1996400164087761e-10,2.9814249023663925e-8,3.8207446884463944e-8,9.32742208245305e-9,1.125219861216506e-10,2.8536548250556833e-8,3.7565153902494896e-8,9.087171675047014e-9,4.181005130002622e-10,0.11018379291146835,4.591680519503893e-8,7.098184635224568e-9,1.0294099819978024e-10,2.6885081699527306e-8,3.675789267384688e-8,8.776344776593478e-9,7.698068563939613e-15,0.3770205556970561,5.708222214299578e-14,-1.9941174097324498e-13,0.10130347197159921,-2.675061308258985e-13
TAC + total emissions,ISI,2,0.25,8.215975449334323,min_TotEmiss,TotEmiss,TAC,true,4,4,4,4,LOCALLY_SOLVED,Solve_Succeeded,0.011137,2.8657474000588797e7,52.330515823217475,8.215975449334321,503.5799883171431,1.0973628402866987e-16,6.078792990994936e-9,3.1845052583085723e-16,3.1845052583085723e-16,9.279841892292272e-9,false,1.0000000029072968,0.35945845244288926,2.3217557544782838e-7,-7.716865898651604e-9,-4.20211763313466e-9,-2.6700131287571976e-9,3.852329122802096e-9,-3.352814458849457e-11,-3.015165985642575e-9,-9.149996566614726e-10,5.51287288229439e-9,1.1303986250880028e-10,5.9175050225311895e-9,0.04244332535059218,1.6742530695817306e-8,1.3410959707837593e-9,-3.673382490025078e-9,-1.9285512003092087e-9,4.670228997451653e-9,3.7122763351352315e-11,-1.9778981618461398e-9,1.0813828090724253e-9,6.943304048440345e-9,2.4594288921427415e-10,-6.0825926645826125e-9,-4.56422914412482e-9,1.4106868835062922e-9,-2.4575102568953866e-10,2.7620038497627958e-9,9.993630709058337e-9,1.546177941309193e-8,-4.759151504694759e-9,1.04544500125296e-8,0.252385520263788,2.603208403831217e-8,-3.374714706402753e-9,0.9999999792543487,-3.173910091881416e-9,-1.3214245943615788e-9,-9.244420075726709e-9,5.656363352972064e-9,1.1666138432735884e-8,1.4337050752934794e-8,-6.140207317852794e-9,2.3066674254508168e-8,5.130530443858841e-9,6.46678176881305e-9,-8.222633403455071e-9,-3.804707893714623e-9,-3.1489742065971742e-9,1.0323498811088374e-8,9.05778676709482e-10,-4.669019592371841e-10,-4.065701809698459e-9,1.198502393760652e-8,-4.98132433886205e-10,-3.3501844284917484e-10,-1.3932949317345151e-9,1.715116007824921e-8,1.6794493858450325e-9,6.575005580590209e-10,0.06462960905658353,5.208787327587607e-8,1.9924854423072997e-8,-4.0815361000278634e-10,-2.9366575095617493e-9,1.4529601325405144e-8,5.515381983629485e-10,-2.1976646242734882e-10,1.6466510956330108e-9,2.1601390372925513e-8,3.65400863975493e-9,-6.758436293980679e-10,-6.95007619673552e-9,4.388803637575131e-9,-3.6511580959588594e-9,8.211929765775808e-13,0.22714697031945535,0.29319897123228866,-4.602896592434664e-10,-7.357570774367915e-9,-6.906032526488748e-9
TAC + total emissions,ISI,3,0.5,12.2628521390356,min_TAC,TAC,TotEmiss,true,4,4,4,1,LOCALLY_SOLVED,Solve_Succeeded,0.722040542,1.1037130229788085e7,44.22753638139835,12.262852139035594,503.57998843536353,3.2920885208600963e-16,9.365290397683922e-9,4.0602442043434296e-17,5.126570965080088e-17,9.563130426514715e-9,false,0.9999999953728074,0.37113134084703486,2.106400012004599e-6,3.3195069529086946e-7,-4.028581328345642e-9,-2.4661285658086213e-9,1.0315113723158744e-8,2.454913992842068e-10,-2.126016175285511e-9,6.093410670183847e-10,1.8972703668637275e-8,9.179192944466071e-10,6.376162560635678e-9,0.04931942860592248,7.307763995140768e-8,1.0775264100084508e-8,-3.0385762872992465e-9,-1.051173023216765e-9,1.2770970864832116e-8,7.109648152087652e-10,5.140458098374518e-9,0.09779569544383628,3.722634178742465e-7,1.0349146300854981e-8,-5.620455813747712e-9,-4.0809947144523105e-9,4.332602240258701e-9,-9.344545157854823e-11,-4.862223928230669e-10,1.4145029490467762e-9,2.8859109192361347e-8,-3.9505936639243254e-9,5.5291558885560335e-9,2.800394954923135e-9,1.680235112427182e-8,-6.69300239415779e-9,0.9999996170838439,-7.581864496731731e-9,-5.409803343247295e-9,-9.563130426514715e-9,2.320933478175023e-9,1.6611783682071402e-9,1.3363059443456307e-8,-3.904166305725345e-9,3.7857159367658444e-7,2.64537899858816e-8,1.5947877047367676e-8,-8.177359230072737e-9,-3.983153952965558e-9,-1.9407212221770376e-9,1.527068654772061e-8,1.0256914724989272e-9,-4.476201475939601e-10,-3.755241225208583e-9,3.2091464916493866e-8,3.6473007893653577e-9,-2.3622401947616777e-10,9.278602611416312e-10,5.9026189191315956e-8,1.3637658088921017e-8,7.084625067372972e-10,0.07510003901356375,2.2735265762660169e-7,1.6008963805839838e-7,-3.376195874776939e-10,-1.6006498308073466e-9,3.973190935725547e-8,1.0562905825958797e-8,5.711620109305017e-10,0.14891617260765977,1.1581528556087668e-6,1.53758745041274e-7,-6.244950904164121e-10,-6.214241951552381e-9,1.3479206969693738e-8,-1.3883324234527165e-9,4.596861055757605e-15,3.0574579146554437e-16,0.29938740515555157,-2.904983094931704e-14,0.13691434323673415,-2.8879823948707457e-13
TAC + total emissions,ISI,3,0.5,12.2628521390356,min_TotEmiss,TotEmiss,TAC,true,4,4,4,4,LOCALLY_SOLVED,Solve_Succeeded,0.016760625,1.1933807064210877e7,32.50043918320494,12.262852139035592,503.57999273577536,4.389451361146795e-16,4.717023197605241e-9,3.1845052583085723e-16,3.1845052583085723e-16,6.267421520477903e-9,true,0.9999999584223558,0.29105993428840193,0.0001917210168841149,0.13128321589330327,-9.476946206155853e-10,-2.162840473052787e-9,1.1675151749333142e-8,4.701546167056062e-10,-1.0916135749910498e-10,-1.5936724059883909e-9,1.3622112166376743e-8,6.104564953855557e-10,5.782770832725664e-8,0.11537510778741883,4.653360417770812e-5,0.008279120318807663,-5.271540496752743e-10,-1.8657125636296842e-9,1.2793451414121099e-8,5.499639589559927e-10,2.1662933769250158e-9,2.468517298301226e-12,1.889420891600734e-8,1.008296694875642e-9,-3.373447665434605e-9,-3.6249540414208392e-9,6.952392097949297e-9,1.2554401316653883e-10,8.815861687907959e-10,-2.408813899433741e-9,2.263225662615905e-8,-2.777300019988719e-9,2.131773366673758e-9,-1.918539641292916e-9,2.3252144885660275e-8,-3.823941659717073e-9,0.9999998894050092,3.891592605859692e-8,4.589829414691649e-8,-6.267421520477903e-9,1.5020020265316951e-9,-2.1982696566066403e-9,2.3253966222996627e-8,-3.354997477892265e-9,5.8117339071831055e-9,-1.3474712786223485e-9,2.0463876319346132e-8,-5.897950192989442e-9,-2.461464262194848e-9,-4.441715339363349e-9,1.784575925601123e-8,5.523710010452923e-10,-1.0529940229062056e-10,-3.2934161748758344e-9,3.632269433125866e-8,6.985154305340433e-9,-1.212903972212277e-11,-2.4267284363914134e-9,4.2379904517616536e-8,9.069639360013969e-9,6.425300925250736e-9,0.17568482322175138,0.00014477121299731415,0.12300407330799956,-5.857267218614157e-11,-2.8409714037088367e-9,3.98018488439323e-8,8.170893104489033e-9,2.4069926410277946e-10,3.758878613322321e-12,5.878198329424505e-8,1.4980408038152392e-8,-3.7482751838162263e-10,-5.519816381254459e-9,2.1629664304731142e-8,1.8652253384742907e-9,1.635211796544261e-12,8.121318849787292e-14,0.3791110685498785,3.6763435751363664e-13,1.170837616960661e-10,-3.2932912411616625e-11
TAC + total emissions,ISI,4,0.75,16.309728828736876,min_TAC,TAC,TotEmiss,true,4,4,4,2,LOCALLY_SOLVED,Solve_Succeeded,1.311144833,8.602720672307786e6,66.28269108007052,16.309728828736866,503.5799883508517,6.584177041720193e-16,9.133924371384066e-9,1.804552979708191e-16,5.126570965080088e-17,9.553098413333183e-9,false,0.9999999971203072,0.4148355654050064,1.1356484103208466e-6,4.069108751928903e-8,-4.024305015143515e-9,-2.3261706758447667e-9,9.785436481779509e-9,5.416733145198271e-12,-1.9865616007301406e-9,1.2685774787076328e-9,1.879876219581195e-8,3.2935991743657177e-10,4.420534933237181e-9,0.1643937849089275,6.93148128280215e-8,2.9179943869107497e-9,-2.8926796033044115e-9,-6.812444254333074e-10,1.3142254115900042e-8,2.587055623355353e-10,4.420591003549585e-9,8.73751414202507e-8,1.349513894671955e-7,1.3258481743132163e-9,-5.6311325690091094e-9,-4.066590641079229e-9,4.253999994948579e-9,-1.9393893257154405e-10,9.699032789469929e-11,3.4261643477306567e-9,3.000095372186824e-8,-4.6343451164878184e-9,7.788547108641269e-9,4.5071035920911775e-9,1.6858828495433916e-8,-7.21086750290922e-9,0.007195941597402865,-7.684327974649947e-9,-5.509598859065317e-9,-9.553098413333183e-9,3.8420256341185025e-9,3.3031169415172226e-9,1.5721267120187597e-8,-4.683424682030612e-9,0.9928040539029402,0.00011467308050255694,3.261116734763157e-8,-7.644040950078373e-9,-3.781429173565637e-9,-1.662305741142988e-9,1.7173988261978153e-8,7.860315535225438e-10,-4.4714500168261266e-10,-3.5421235291272583e-9,3.044358016553624e-8,8.047717815723142e-11,-2.207290667477933e-10,1.9316975243957134e-9,5.8485037942526064e-8,4.8933473447719235e-9,4.911705481374644e-10,0.25032689974768507,2.156460843538447e-7,4.3353059462673986e-8,-3.2140884481160114e-10,-1.037349466000718e-9,4.088701280502235e-8,3.843625497556524e-9,4.91176778172176e-10,1.330485107990181e-7,4.1984876723127485e-7,1.9698315732653496e-8,-6.256813965565673e-10,-6.192308476188826e-9,1.3234666650951131e-8,-2.881378426777225e-9,5.777173432963684e-15,4.8107755724517e-16,0.14978936768415224,-8.839630952681499e-14,0.3939729913410487,-4.571191755608393e-13
TAC + total emissions,ISI,4,0.75,16.309728828736876,min_TotEmiss,TotEmiss,TAC,true,4,4,4,4,LOCALLY_SOLVED,Solve_Succeeded,0.015379209,1.1936657267170735e7,32.50084782680652,16.309728828736876,503.57999273027593,0.0,4.7198101542537235e-9,3.1845052583085723e-16,3.1845052583085723e-16,6.269284885533801e-9,true,0.9999999584490038,0.1843906205774651,0.00019372245204467737,0.37787524720620436,-9.50490296208007e-10,-2.164090142565676e-9,1.1670901605501788e-8,4.69796379067653e-10,-1.131213878167801e-10,-1.595632006049506e-9,1.361553501927807e-8,6.099108099990818e-10,5.779211989101246e-8,0.07309177625091014,4.7020472293547716e-5,0.023829969142016443,-5.307922524326465e-10,-1.867480608449979e-9,1.2787455513404497e-8,5.494716673323136e-10,2.1623454563687604e-9,7.163518562118793e-13,1.8888277923276453e-8,1.007739774870623e-9,-3.3755488106571386e-9,-3.625894155855715e-9,6.94913357688448e-9,1.2528803564320778e-10,8.794130468377052e-10,-2.4090230926636704e-9,2.2633112319387022e-8,-2.7754927755676378e-9,2.1281152808086207e-9,-1.9188827631198872e-9,2.3254935635626942e-8,-3.821314458366529e-9,0.9999998895031672,3.88739370841449e-8,4.5863027645225465e-8,-6.269284885533801e-9,1.4987100581791616e-9,-2.198754612890043e-9,2.3255462225829923e-8,-3.35243401529666e-9,5.808978849732326e-9,-1.3463046404660602e-9,2.0470101848052232e-8,-5.896658544492207e-9,-2.463283590736616e-9,-4.4425246607454115e-9,1.784283879390127e-8,5.54422657998542e-10,-1.0561003291200074e-10,-3.295319080725006e-9,3.630947166156112e-8,6.979831917576558e-9,-1.2569043090753339e-11,-2.4297123728481114e-9,4.2359442282198434e-8,9.061532034272071e-9,6.421346654556937e-9,0.11129884110934044,0.00014628591380214844,0.35404525582424423,-5.89769169369607e-11,-2.8436636537761043e-9,3.9783194930591763e-8,8.16357905750866e-9,2.402606062631955e-10,1.0908085083226343e-12,5.876353131686007e-8,1.4972133798077824e-8,-3.750609789619041e-10,-5.521247919143929e-9,2.1619526683640605e-8,1.861422243841944e-9,1.6281573583748635e-12,8.078760348097141e-14,0.3791113575082118,3.5112644412873675e-13,1.165326196291953e-10,-3.284234814330785e-11
TAC + total emissions,ISI,5,1.0,20.35660551843815,min_TAC,TAC,TotEmiss,true,4,4,4,1,LOCALLY_SOLVED,Solve_Succeeded,0.416725,2.540989773590541e6,88.3189283155158,20.356605518438162,503.57998827954145,6.584177041720193e-16,0.0,3.1845052583085723e-16,3.1845052583085723e-16,9.661726319437573e-9,false,0.9999999970336415,0.45852651744818085,9.541694693279707e-7,7.92475256560973e-9,-3.72981382785441e-9,-2.229427595319912e-9,9.3391628451528e-9,3.871190804076352e-11,-1.3447483928437553e-9,1.9869297073080065e-9,1.8986822546858555e-8,3.595643524919239e-10,1.080954015346111e-9,1.0086368079400809e-8,3.3647205252261797e-8,7.24883784842273e-10,-2.401718851420673e-9,-1.4001940742861105e-10,1.4633390941101136e-8,2.2704829995730627e-10,6.71325806033523e-9,0.18175568111249693,1.2557606371407477e-7,1.668101723317123e-9,-5.54169335765554e-9,-4.1504354455610235e-9,4.410763642346277e-9,-1.736376335711157e-10,1.4670124836092268e-9,4.485673417780994e-9,2.8204762720329537e-8,-5.005132827891859e-9,1.3284663242746386e-8,4.429517743272274e-9,1.495061322880716e-8,-7.915970235456533e-9,4.762205625773037e-8,-8.286352003107466e-9,-6.158544017675092e-9,-9.661726319437573e-9,6.904814262142653e-9,5.825539987618482e-9,2.2020489940754908e-8,-7.057908137835388e-9,0.9999999369920305,6.486052201218865e-6,2.3499375774344988e-8,-8.078868591209095e-9,-3.432755061791466e-9,-2.783769090477416e-9,2.2324312698472926e-8,5.35981492627559e-10,-4.1442375865048983e-10,-3.394810201964411e-9,2.905517329603093e-8,5.751483480342008e-10,-1.4941648809375053e-10,3.025552054309919e-9,5.9070114590226615e-8,5.3420989513085824e-9,1.2010600170512342e-10,1.535878775726941e-8,1.0468019411814782e-7,1.0769701946228053e-8,-2.6685765015785245e-10,-2.1321137040265768e-10,4.5526105150092416e-8,3.3732890279371216e-9,7.459175622594698e-10,0.2767643326031203,3.9068108711045476e-7,2.4783225603568682e-8,-6.157437064061709e-10,-6.31998124664974e-9,1.3722375776188418e-8,-2.57975912734229e-9,3.9295207677823707e-13,4.5506143040833757e-14,3.82016621037227e-12,-8.288809580371013e-12,0.6511337200534676,-3.536722895594616e-11
TAC + total emissions,ISI,5,1.0,20.35660551843815,min_TotEmiss,TotEmiss,TAC,true,4,4,4,4,LOCALLY_SOLVED,Solve_Succeeded,0.016888958,1.1935370738402167e7,32.50125675028682,20.35660551843816,503.57999282344554,4.389451361146795e-16,4.63247226249194e-9,1.1851267379869903e-16,2.3702534759739807e-16,6.20270358673183e-9,true,0.9999999577657682,0.07771597520607569,0.00022688166619576645,0.6244656103830033,-8.634198166320625e-10,-2.122781411940078e-9,1.1806514749277561e-8,4.79718425227014e-10,1.0824676721008715e-11,-1.5312545716866055e-9,1.3825507045832729e-8,6.254524991020628e-10,5.888503545513517e-8,0.030806330582318325,5.508520092951268e-5,0.03938071272123149,-4.1705676225454186e-10,-1.8094390597797088e-9,1.2978354933854882e-8,5.634747392694718e-10,2.285165196527331e-9,6.005313033485989e-11,1.9079314159347933e-8,1.0224207669161125e-9,-3.3097535124956885e-9,-3.595217319070552e-9,7.052831803984559e-9,1.3269990627906298e-10,9.490742076630868e-10,-2.3975569078434027e-9,2.2615324954244414e-8,-2.8348638693327808e-9,2.245194778546343e-9,-1.903143198391115e-9,2.317234086777328e-8,-3.906267097430029e-9,0.9999998865954247,3.9845894245308746e-8,4.6902034166982364e-8,-6.20270358673183e-9,1.6038956785355985e-9,-2.178671428506334e-9,2.3212693638562603e-8,-3.43511924955181e-9,5.898755064251137e-9,-1.3780820279762015e-9,2.027503921668374e-8,-5.9396511075764915e-9,-2.4052376209196615e-9,-4.413919050544511e-9,1.794345941293463e-8,4.880713063763333e-10,-9.593553518134023e-11,-3.232417149999664e-9,3.673137921997463e-8,7.12724517480135e-9,1.2027418578898567e-12,-2.331683097795513e-9,4.3012688587035154e-8,9.29243712951636e-9,6.542781717237239e-9,0.04690963975034835,0.00017137618066959495,0.5850848747154392,-4.6339640250504634e-11,-2.755282204664556e-9,4.037710423865963e-8,8.371624697717865e-9,2.5390724405859224e-10,9.144453937353664e-11,5.93578662735269e-8,1.519025139418224e-8,-3.677503902772986e-10,-5.474535463130158e-9,2.194214339017418e-8,1.9715414647175073e-9,1.793616232675377e-12,9.161349264501338e-14,0.379111646798308,8.684735968371679e-13,1.2988774667111656e-10,-3.4481150313378e-11
TAC + ISI,TotEmiss,1,0.0,32.50021056866753,min_TAC,TAC,ISI,true,4,4,4,4,LOCALLY_SOLVED,Solve_Succeeded,0.232586459,1.1928347913433326e7,32.500210568667526,10.108165966618898,503.57998811271653,7.644293840810674e-17,0.0,5.126570965080088e-17,1.0253141930160176e-16,9.449573807739228e-9,false,1.000000000446793,0.34788659476639555,2.0424936505792958e-7,-7.310754530547647e-9,-5.4752126413961315e-9,-4.505474007069876e-9,1.7792668190683679e-9,-2.295451553459594e-10,-6.262765718736376e-9,-4.973853801726988e-9,9.240875228944247e-10,-2.9954518294129564e-10,1.7878845752815733e-8,0.13790101214862796,2.2415275908687778e-8,1.6474976193309936e-9,-5.845762538600886e-9,-4.719692521631423e-9,1.4575348014416103e-9,-2.5699128058163155e-10,-4.947865061776223e-9,-4.124090163592559e-9,2.5455997609936682e-9,-1.7124784396971154e-10,-6.2481628717616964e-9,-4.96272332433479e-9,9.698124432555233e-10,-2.9588100697377577e-10,3.6900701448491628e-9,5.692168446987418e-9,1.7855698647493532e-8,-2.307600305716024e-9,-1.6478468775773402e-9,-1.6402312992741046e-9,1.4317226107068943e-8,1.7812893819390738e-9,1.0000000012778718,-4.3567493543304254e-9,-3.0041653434895428e-9,-9.449573807739228e-9,7.74591633065189e-10,1.329875725270263e-9,1.7830510722305422e-8,-2.3196922498209936e-10,1.0038653825301975e-8,9.918435676356107e-9,1.887347523156194e-8,-5.0472247522583e-9,-1.574410814526316e-9,-1.7173342796712269e-9,1.4666802083585878e-8,1.6920565215565313e-9,-6.083569601551254e-10,-6.8606081471291284e-9,5.535496770434921e-9,-3.4103851651399678e-9,-6.958628576373748e-10,-7.573822834447912e-9,2.8749389601159876e-9,-4.45038557512782e-9,1.9865384169795252e-9,0.20998563213541072,6.973641393813974e-8,2.447710748720333e-8,-6.495291709556537e-10,-7.186804521575121e-9,4.534552715596121e-9,-3.818156168641383e-9,-5.497627846418024e-10,-6.27986456728867e-9,7.91964370086919e-9,-2.544253681835714e-9,-6.942403190846326e-10,-7.556874152964339e-9,3.0171942679060723e-9,-4.395946389324668e-9,9.998196227127126e-14,-6.868573114549971e-14,0.3791108983370252,-8.045728145183018e-11,-2.3776584220746053e-10,-2.0506558366063843e-10
TAC + ISI,TotEmiss,1,0.0,32.50021056866753,min_ISI,ISI,TAC,true,4,4,4,4,LOCALLY_SOLVED,Solve_Succeeded,0.012954125,1.192836314065713e7,32.50021056866754,10.108166861961678,503.5799886886568,7.644293840810674e-17,0.0,1.5922526291542861e-16,1.5922526291542861e-16,9.152792362044271e-9,false,0.9999999892087014,0.347886496595149,7.349290751922647e-7,6.288511258841111e-9,-4.511682763161213e-9,-3.999674116372499e-9,4.7226054200728795e-9,-1.4417981690965795e-10,-5.95898738915548e-9,-4.8662909609153e-9,2.277044210583715e-9,-2.725095532571234e-10,2.477401471090336e-8,0.13790097904006218,1.3198863981210387e-7,1.9872028772796535e-9,-5.2246561532025654e-9,-4.42964121232875e-9,3.632299452259586e-9,-2.0093022374563873e-10,-4.53481406026547e-9,-3.986957981740923e-9,4.930446855925951e-9,-1.3663485421853132e-10,-5.910054909328036e-9,-4.836282164297935e-9,2.4028764543470128e-9,-2.656415177036327e-10,1.5454710211270773e-9,7.493739459048357e-10,2.7103729918951555e-8,-2.0577016074981087e-9,-3.424211304804552e-9,-4.2952115506338364e-9,1.7031620813757888e-8,2.3707538684707916e-9,0.9999999956772079,1.3514895565576033e-9,3.3144694972248048e-9,-9.077344617616616e-9,-1.2216188894596587e-9,-2.190365776708327e-9,2.4196441203100543e-8,1.625221558737666e-11,1.4431669304660826e-9,2.696941051145403e-10,2.9179653620724996e-8,-2.256422485452608e-9,-3.2933357762153178e-9,-4.25017096366534e-9,1.762596551674462e-8,1.954250003864171e-9,-5.012980847956901e-10,-6.09041285902176e-9,1.4692550195782292e-8,-2.1421001369434887e-9,-6.621097099061642e-10,-7.410033963211934e-9,7.084137544038222e-9,-4.048713362677262e-9,2.752668301211483e-9,0.20998558172009466,4.1063132385987873e-7,2.952415703386914e-8,-5.805173503558404e-10,-6.745135482409688e-9,1.1300487184807599e-8,-2.985249038506632e-9,-5.038682289183854e-10,-6.071049654014586e-9,1.5339167996214067e-8,-2.0300035483896077e-9,-6.56672767703115e-10,-7.364338750180946e-9,7.475615635746263e-9,-3.946673977311115e-9,2.4874451809895053e-12,-3.94806900941558e-13,0.37911090877825476,-2.2694223661196346e-10,-4.179498504635776e-10,-1.0491355924656514e-9
TAC + ISI,TotEmiss,2,0.25,55.7378944724023,min_TAC,TAC,ISI,false,9,1,1,0,ALMOST_LOCALLY_SOLVED,Solved_To_Acceptable_Level,0.309900042,9.883237714600349e6,55.7378944724023,17.933143283380577,503.58022810144837,0.0,0.0,1.5922526291542861e-16,1.5922526291542861e-16,8.237449293346984e-9,false,0.9999966151806904,0.2381736888290592,0.3625372629394628,0.1972442115738463,1.5057196755459547e-8,3.5034936166129442e-9,3.013132874720114e-8,1.9080688604637674e-9,1.4808230144960515e-8,3.41103288236338e-9,2.982731881476509e-8,1.8850220101633366e-9,6.089001552184453e-6,6.945526623722834e-6,2.194740515903168e-5,2.540563352439987e-6,1.493385597806492e-8,3.4675028567826324e-9,2.9974640941694815e-8,1.9036455678520085e-9,6.0887609319828325e-6,0.09438127288685857,0.08816015844550397,0.012436241169286577,1.4802321507886766e-8,3.4166371801648035e-9,2.9812461088910124e-8,1.89009981255007e-9,1.0365971029855761e-8,-4.849978083587818e-9,5.721881466171884e-9,-8.237449293346984e-9,1.0191971553790866e-8,-4.758690925059409e-9,6.107133230609503e-9,-8.179387997623837e-9,0.8672942753422352,4.810321966865595e-7,1.0846479760418592e-6,8.46720325496852e-8,1.027981321726535e-8,-4.807126562886048e-9,5.8845248949036296e-9,-8.208885720925938e-9,0.13268870174165198,5.7459340637672474e-5,9.227016264836022e-6,5.004942069893503e-7,1.0187837855756966e-8,-4.754082346006271e-9,6.1097639294152e-9,-8.175492270024082e-9,1.6730218617177269e-9,5.334865279842438e-9,9.37419116579591e-8,2.8348451641175967e-8,1.6453589049956122e-9,5.194072798144237e-9,9.279610297926917e-8,2.800604129385528e-8,6.765557280204944e-7,1.0576142813396132e-5,6.828081605032077e-5,3.774551266482266e-5,1.6593173308961018e-9,5.280061168282645e-9,9.325443848527274e-8,2.8282734150944127e-8,6.765289924425366e-7,0.14371693825953463,0.27427604849712345,0.18476701165797194,1.6447023897651955e-9,5.20260661525095e-9,9.274987894327593e-8,2.8081482929315322e-8,1.5799434905479675e-12,2.6526123002677716e-13,0.22118126527176835,2.5672536262041936e-11,0.27128078283826934,3.890384103658317e-11
TAC + ISI,TotEmiss,2,0.25,55.7378944724023,min_ISI,ISI,TAC,true,4,4,4,4,LOCALLY_SOLVED,Solve_Succeeded,0.013370167,2.9914568542750258e7,55.73789447240232,7.890847924953842,503.57998912164646,1.5288587681621348e-16,5.975027033438963e-9,4.5113824492704774e-17,5.126570965080088e-17,8.640814629601374e-9,false,0.9999999976689871,0.36144677533248637,5.104842744546495e-7,-5.1606323889110766e-9,-4.919312930401917e-10,8.052043955498935e-11,9.783256217736904e-9,9.461438398576765e-11,2.846859592150638e-9,5.208627919907655e-9,1.4852346742291835e-8,2.949852644434287e-10,1.7359312313790595e-8,0.026041157154529534,3.574023788677169e-8,9.255464631936422e-10,4.4516504746580703e-10,1.3398882497870706e-9,1.135031867721703e-8,1.586587427075701e-10,2.58996723577837e-9,4.738378785972152e-9,1.4553799975862795e-8,2.837182081554429e-10,-2.87516823146398e-9,-2.423834249992966e-9,6.34758593289055e-9,-6.02699582207552e-11,6.752524761053409e-9,4.633008515916838e-9,1.9115836667491908e-8,-5.8459642558422535e-9,2.129210107530028e-8,0.29575200126752416,5.6255539846739596e-8,-7.016200308119597e-10,0.9999999173076085,2.8403185002270825e-9,6.280484012233736e-9,-8.624976207289294e-9,9.943763977775075e-9,4.43902695703894e-9,1.6895759162896857e-8,-6.6887434727657e-9,1.9783960408263525e-8,1.6133635650901314e-9,1.010165990758622e-8,-7.931646702548518e-9,5.065785552482551e-10,6.09919994981782e-10,2.1032863634087967e-8,-2.281266658714158e-9,-5.465903256002128e-11,1.2261066932237014e-10,3.043679712184814e-8,1.4056994192171194e-9,3.1631773246118194e-10,7.93131978713211e-9,4.620730097601904e-8,4.382638214588083e-9,1.928812479310065e-9,0.03965358021257906,1.1119185120328969e-7,1.3750976024591253e-8,4.946278305175632e-11,2.0402843803575844e-9,3.5312102551341876e-8,2.3572156059410416e-9,2.8777413730870766e-10,7.2152586059121396e-9,4.527848881379536e-8,4.215241949738008e-9,-3.19463136829331e-10,-3.6908385170347437e-9,1.9748045124548377e-8,-8.954393792797914e-10,2.305840670647069e-12,0.26617683125462616,0.27843702046972935,-1.4762487349463637e-10,-4.1509666337009414e-10,-2.501900855615429e-10
TAC + ISI,TotEmiss,3,0.5,78.97557837613707,min_TAC,TAC,ISI,false,9,1,1,0,ALMOST_LOCALLY_SOLVED,Solved_To_Acceptable_Level,0.192574416,6.506374123546451e6,78.9755783761371,23.552096330901584,503.58011519958944,3.0577175363242695e-16,0.0,3.1845052583085723e-16,3.1845052583085723e-16,8.22033166326309e-9,false,0.9999982432518012,0.22931916351789758,0.4754599429845262,0.2733819581460235,1.4832467318067372e-8,3.484356285171549e-9,3.0063527462147994e-8,1.902603629341483e-9,1.4624164860008728e-8,3.4071911667870437e-9,2.9812450488592096e-8,1.883786912248684e-9,3.1464229609464898e-6,7.437342777445722e-6,2.3457915327310196e-5,2.7183507553473405e-6,1.4733808754527382e-8,3.4581469503373226e-9,2.994464269749716e-8,1.9011398977377866e-9,3.146450445661034e-6,0.09074474503616858,0.115627433046463,0.01723756025037826,1.4512080668089758e-8,3.371174392757396e-9,2.9667330022931292e-8,1.8779909555505005e-9,1.0332188724212697e-8,-4.810356117957725e-9,5.856238924319678e-9,-8.22033166326309e-9,1.0184591342001532e-8,-4.734914900989168e-9,6.176467523741485e-9,-8.171878788443673e-9,0.24849573427714888,2.737452647051576e-7,6.067571544307653e-7,4.254664828668184e-8,1.0262311349959662e-8,-4.7783189278253555e-9,5.976124849858816e-9,-8.198079179753144e-9,0.7514954107839,0.00037586862631549373,5.15779729279924e-6,2.676892532749839e-7,1.0105073734138568e-8,-4.690989155556848e-9,6.350090263485499e-9,-8.142260537287614e-9,1.6480519242297072e-9,5.305724343329404e-9,9.353097432668264e-8,2.8267253921644892e-8,1.6249072066676358e-9,5.188222913062088e-9,9.274984596450875e-8,2.7987691267694727e-8,3.496025512162765e-7,1.1325044683837802e-5,7.298018101829838e-5,4.0386925508017625e-5,1.637089861614153e-9,5.265814674377286e-9,9.31611106144356e-8,2.8245507052104254e-8,3.496056050734481e-7,0.1381794981232567,0.3597297917001071,0.25610089514847695,1.6124534075655279e-9,5.13337918897149e-9,9.229836007134179e-8,2.7901579911036003e-8,1.5765392286069207e-12,2.6398435717966043e-13,0.06338776929978383,2.5490022324567485e-11,0.5425457337946974,3.824822312941312e-11
TAC + ISI,TotEmiss,3,0.5,78.97557837613707,min_ISI,ISI,TAC,true,4,4,4,4,LOCALLY_SOLVED,Solve_Succeeded,0.0114095,3.35419842163145e7,78.97557837613707,6.472029017229331,503.5799900564261,0.0,5.7137343516152914e-9,9.022764898540955e-17,1.5379712895240266e-16,8.370893382252921e-9,false,0.9999999842788456,0.3964423841045864,4.612215193966239e-7,-4.839807963231713e-9,7.042626254345348e-9,4.5900712761808595e-10,1.0837280784642454e-8,1.405969595106645e-10,2.3021912998729257e-8,7.0613094982283095e-9,1.7317958692325655e-8,3.884650902477097e-10,2.302191733780358e-8,7.048384283880087e-9,1.7361573318966095e-8,3.9050828974093413e-10,8.233014442885349e-9,9.937306485809086e-10,1.1568269238052116e-8,1.7009680452218028e-10,1.0300373897511779e-8,1.8638649407405416e-9,1.2586870859489957e-8,2.1077900770169442e-10,3.3049416533569898e-9,-1.1309299290129062e-9,8.713019754516003e-9,4.911381917058769e-11,2.3500397033979335e-8,4.786554312396699e-10,1.452940658782084e-8,-6.622169172237872e-9,0.28158120669186654,0.39644234604919837,7.878768350673489e-8,8.433724075707695e-9,0.7184185910744694,-1.9584611420501146e-9,6.023415827166188e-9,-8.370893382252921e-9,2.861796646568271e-8,-1.9658275568082054e-10,1.251566458791788e-8,-7.134377932428229e-9,3.975255840650853e-8,-1.882546644698084e-9,8.147783971604506e-9,-7.92335691128821e-9,1.1391824932526491e-8,5.055573955505034e-10,1.8968232918077994e-8,-4.62289989347625e-9,7.82514028260594e-10,6.989426716002672e-10,3.371598466333207e-8,2.0888691127298722e-9,2.557990333192139e-9,1.0752448554120378e-8,5.3878093709457586e-8,5.771481340823115e-9,2.557990815311508e-9,1.0732766977726494e-8,5.4013783659005626e-8,5.8018374475795925e-9,9.147793825428162e-10,1.5131807603391108e-9,3.5990170962828804e-8,2.5271525243295353e-9,1.1444859886124194e-9,2.8381579779458245e-9,3.9159153785079865e-8,3.131573828710888e-9,3.6721573926188756e-10,-1.7220978464514703e-9,2.710717256960534e-8,7.296910276773027e-10,2.5199963404213435e-12,0.4286013803557361,0.18319673831108899,-1.1895637332167212e-10,-3.386741494799643e-10,-1.8203175816912792e-10
TAC + ISI,TotEmiss,4,0.75,102.21326227987186,min_TAC,TAC,ISI,false,9,1,1,0,ALMOST_LOCALLY_SOLVED,Solved_To_Acceptable_Level,0.75258775,2.553462245098527e6,102.21326227987191,27.112784537099248,503.59165996989753,6.115435072648539e-16,0.0,1.5922526291542861e-16,1.5922526291542861e-16,8.255193141387215e-9,true,0.9995544114088906,0.3544223591494537,0.45441459951911783,0.2530448909435309,1.5300011010141888e-8,3.5228309465350904e-9,3.0200296773395365e-8,1.913616267085722e-9,1.500646671275517e-8,3.4140609587698458e-9,2.983971746202426e-8,1.886050919713979e-9,1.4993476907118977e-8,3.4168879815241625e-9,2.981322606411767e-8,1.890161570678904e-9,1.5149743018013324e-8,3.4764485290064417e-9,3.0003243223497785e-8,1.9060337761528187e-9,0.8365994283791277,0.14048504718111138,0.11052377189970733,0.015957559958222504,1.511582594516824e-8,3.463540629975432e-9,2.996207949169494e-8,1.9025936721485054e-9,1.0398843047225226e-8,-4.891677221487877e-9,5.5815900498779e-9,-8.255193141387215e-9,1.0196749729909297e-8,-4.783336541158283e-9,6.036611324327657e-9,-8.18685156576116e-9,1.0187795230651225e-8,-4.782126513902182e-9,6.026122372434476e-9,-8.184687622855533e-9,1.0295451922708779e-8,-4.837205296817156e-9,5.789981989449465e-9,-8.219905354439524e-9,0.06999935567500735,1.687970308723656e-5,3.844760748257245e-5,3.4734728278910034e-6,1.0272097413308245e-8,-4.820918111923881e-9,5.857773666211688e-9,-8.209993105267304e-9,1.700001223349098e-9,5.364310759496614e-9,9.395647885056335e-8,2.8430870253845008e-8,1.667385190306129e-9,5.198683732672264e-9,9.283467654851991e-8,2.8021327950036258e-8,1.6659418785687747e-9,5.202988517320884e-9,9.275225886614384e-8,2.8082400478658002e-8,1.6833047797792575e-9,5.293682987350718e-9,9.33434233619931e-8,2.8318216102841872e-8,0.09295549204212526,0.21392041275305593,0.3438517347990895,0.23708374795073434,1.679536216129804e-9,5.274027777462589e-9,9.321535841860647e-8,2.8267105986206365e-8,1.583543895560602e-12,2.6657758467772355e-13,3.1195527248784524e-12,2.5864945968252004e-11,0.666094466555071,3.9610037087401275e-11
TAC + ISI,TotEmiss,4,0.75,102.21326227987186,min_ISI,ISI,TAC,true,4,4,4,4,LOCALLY_SOLVED,Solve_Succeeded,0.011408917,3.5001800334293835e7,102.21326227987183,5.2955097589664675,503.5799899971011,3.0577175363242695e-16,5.7568569253367595e-9,1.5922526291542861e-16,1.5922526291542861e-16,8.401337001366327e-9,false,0.9999999850616167,0.43794239848239336,4.573062326986833e-7,-4.925622037174422e-9,6.88061780393848e-9,5.012121482871878e-10,1.0827360342875483e-8,1.5205127212409042e-10,2.248553171147042e-8,7.219054694549534e-9,1.730623322025469e-8,4.083113006916169e-10,2.2485529170793784e-8,7.2041982312143534e-9,1.735282422221823e-8,4.113985082614055e-10,8.073786270607432e-9,1.0575592949142829e-9,1.1573757771462266e-8,1.8361810773936963e-10,1.015598780961346e-8,1.9592493302600324e-9,1.2616428435806901e-8,2.2600466615536785e-10,3.1817199945532403e-9,-1.1133589054369678e-9,8.689707609084663e-9,5.773573914129302e-11,2.3457625190146837e-8,5.433256421505792e-10,1.4440436183974926e-8,-6.640214732219993e-9,0.6486067105660659,0.437942358978579,7.560031120899767e-8,6.998954045688124e-9,0.35139308945126185,-2.071444655534496e-9,5.7374335624074135e-9,-8.401337001366327e-9,2.868144660036853e-8,-1.4596810262527432e-10,1.2400592116023541e-8,-7.150622899722741e-9,4.018944814698413e-8,-1.866903752444172e-9,8.030290313371242e-9,-7.942531691431684e-9,1.1312243655206347e-8,5.925656157907024e-10,1.8924554951354957e-8,-4.610194750487357e-9,7.645130893264974e-10,7.632094076191269e-10,3.3685121066723726e-8,2.2590474715579145e-9,2.4983924123856008e-9,1.0992651466700426e-8,5.384161446301459e-8,6.066339324561164e-9,2.4983921300881968e-9,1.0970029124803673e-8,5.398656424690116e-8,6.112206408455167e-9,8.970873634008254e-10,1.6103743808922034e-9,3.6007246400104826e-8,2.7280404578420624e-9,1.1284430899570507e-9,2.983402389259595e-9,3.9251110689177016e-8,3.3577836114511793e-9,3.535244438392488e-10,-1.6953419696426552e-9,2.703464589493006e-8,8.577881243849248e-10,9.10549216001563e-13,0.5595428911110293,0.08960523519156247,-4.361081349950064e-11,-1.2122749235694589e-10,-6.625228175939473e-11
TAC + ISI,TotEmiss,5,1.0,125.45094618360662,min_TAC,TAC,ISI,true,9,1,1,1,LOCALLY_SOLVED,Solve_Succeeded,0.488691334,2.6166904655039147e6,125.45094618360666,28.166490938708886,611.8113395541712,4.586576304486405e-16,0.0,1.804552979708191e-16,2.0506283860320352e-16,9.813340561091715e-9,true,0.999999994381362,0.8174211845978023,3.414429339894085e-7,-7.17064251473927e-9,4.901855791708619e-8,1.6239169165903054e-8,1.3854962936424859e-8,4.1264003865196666e-10,4.897182924546032e-8,1.550429643251402e-8,1.3395710428576021e-8,4.004296961097281e-10,1.3055659758183779e-8,2.753837773826626e-9,8.798822071370835e-9,1.5148214232762756e-10,4.953051036344211e-8,1.574129270595941e-8,1.3290934857721514e-8,4.0335679730312666e-10,0.8999901610032268,0.32402213687481335,1.9711122824382204e-8,7.2178788945375e-10,9.61253122707178e-6,6.431448621507398e-7,1.9781579536899705e-8,7.468776555713478e-10,7.818525322790323e-9,-8.965235477852253e-9,-7.477256223627835e-9,-9.753155690020865e-9,7.81349601428163e-9,-8.591787564670355e-9,-6.574672706178862e-9,-9.654228069869402e-9,1.756261845392552e-9,-3.0594972190265276e-9,1.0042753836961161e-8,-3.776808908623213e-9,7.873337354277481e-9,-8.744098236705197e-9,-6.955214518380766e-9,-9.695352760010119e-9,2.126538547988951e-8,-7.736581946088858e-9,-4.747102860446979e-9,-9.457719147316476e-9,2.1064343513499658e-8,-9.183818740688455e-9,-8.048452233238147e-9,-9.813340561091715e-9,5.446506435231797e-9,2.472782577535238e-8,4.3104329135544e-8,6.130652002829219e-9,5.441314360606701e-9,2.3608815022237256e-8,4.1675543555569835e-8,5.9492411993445305e-9,1.4506288620204191e-9,4.193343882872362e-9,2.7374113110931485e-8,2.2505918288676095e-9,5.5033900403824545e-9,2.396969571134728e-8,4.134957511291137e-8,5.992729559932167e-9,0.09999890677813628,0.4933973447866476,6.13234932314113e-8,1.0723705786169998e-8,1.0680590252301974e-6,9.793342219113537e-7,6.154269189257685e-8,1.1096468025631453e-8,3.1173465362312453e-13,1.450813905072635e-13,1.0314115761521536e-13,4.249885779107593e-12,0.8106270598060107,4.612929188691631e-6
TAC + ISI,TotEmiss,5,1.0,125.45094618360662,min_ISI,ISI,TAC,true,4,4,4,4,LOCALLY_SOLVED,Solve_Succeeded,0.010370125,3.3413775101968046e7,125.45094618360665,4.214691616965756,507.2501134144722,3.0577175363242695e-16,7.711478903169582e-9,1.6084010023210778e-23,6.29004323589938e-23,8.749533280593116e-9,true,0.9999999853263105,0.4859968872711623,2.780715005246646e-7,-6.145788995982774e-9,1.962314009440753e-8,-3.786680254276621e-10,6.284322485094403e-9,-3.8938545214359615e-10,4.465131701477266e-8,1.7405644266403788e-9,7.703398414493767e-9,-3.758396653338885e-10,3.6525356450200383e-9,-2.87073349150126e-9,3.867200093083581e-9,-4.1816458698162043e-10,1.7317214927188113e-8,-6.692515315093335e-10,6.0114324948940264e-9,-3.920178177307361e-10,1.2527458922875778e-8,-1.3237588827306553e-9,5.45373271344716e-9,-3.9822178041808574e-10,2.1919074071188758e-8,-1.3291338860977948e-10,6.430926693636972e-9,-3.8767746698994977e-10,5.9027087952704504e-8,-2.75682304810622e-9,6.1659929595791765e-9,-8.103009815504617e-9,0.9999996351988033,0.4859969051921877,8.084961053314248e-8,6.385906764168665e-8,8.00771777896622e-9,-6.106915395100338e-10,1.8191429060729495e-8,-2.0869453967480357e-9,4.703649713569535e-8,-1.1543042477959578e-9,9.582741637481847e-9,-7.478374771096142e-9,2.883304150115589e-8,6.233051410805249e-10,1.4751061623301594e-8,-6.143414598675471e-9,7.423345098495238e-8,-4.853001263277507e-9,1.5542783657581677e-9,-8.749533280593116e-9,2.180348899378613e-9,-5.766081296284855e-10,1.9551225509182583e-8,-5.78515528899057e-9,4.961257446085849e-9,2.650404922384213e-9,2.3966128400647274e-8,-5.583903599246342e-9,4.058372938911152e-10,-4.371344180240554e-9,1.2031289178482251e-8,-6.212731006584074e-9,1.9241349919097894e-9,-1.0190875593437578e-9,1.870223442855919e-8,-5.824264720570935e-9,1.3919398803195305e-9,-2.015723753248952e-9,1.696716844183561e-8,-5.916437880497274e-9,2.4354526745765273e-9,-2.0239084174670964e-10,2.0007327491315022e-8,-5.759779509564968e-9,4.744520942705833e-13,0.692397315191393,-3.5705989982297276e-12,-8.636852642617256e-11,-5.186737305684812e-10,-8.081951681984707e-11
Total emissions + ISI,TAC,1,0.0,2.540987776255747e6,min_ISI,ISI,TotEmiss,true,4,3,3,2,LOCALLY_SOLVED,Solve_Succeeded,0.171335875,2.540987776255747e6,88.31904077293976,20.356515307454963,503.5799880537357,0.0,7.966943984761768e-9,3.1845052583085723e-16,3.1845052583085723e-16,9.728896249898968e-9,false,1.000000001671147,0.45852754205783675,5.061342895731622e-7,-4.457661142807632e-9,-3.9211730143534396e-9,-9.974476723920581e-10,8.934468319608867e-9,7.651955511641133e-11,-1.6731641315986368e-9,7.294124403134342e-9,1.806957162879396e-8,4.4717134272700587e-10,-8.827239780649178e-10,1.3379178160442113e-8,2.241395890886748e-8,6.05290907282056e-10,-2.4189321785059077e-9,3.6247486561850597e-9,1.5038075652451866e-8,3.3390956210184473e-10,1.9298222703781413e-9,0.18175864235564004,4.3098390605776164e-8,1.1867827803511199e-9,-5.8481060785313606e-9,-4.002661446637951e-9,3.727785301122252e-9,-1.8270926734165264e-10,4.128572147473108e-9,1.1695958177854382e-8,1.7699239042498576e-8,-7.13457904280417e-9,2.835664237258929e-8,7.625483087378647e-10,4.436781181523715e-9,-8.811823673813444e-9,5.427176651201001e-8,-8.592824695477825e-9,-6.941292692530255e-9,-9.728896249898968e-9,1.632866865989953e-8,6.443118837799387e-9,9.618979653679052e-9,-8.361435893337152e-9,0.9999999160390042,-9.253221499310939e-10,1.3775704664671838e-9,-9.127167798354397e-9,-3.215421486183725e-9,-1.3354210830042958e-10,2.244931576430595e-8,-4.127730140685129e-10,-4.3568589048371533e-10,-1.5188407738697248e-9,2.7796123661005364e-8,1.1368619617295397e-9,-1.859071257331818e-10,1.1106962159318201e-8,5.621644506735898e-8,6.643688520515515e-9,-9.808044200721306e-11,2.0372839471582303e-8,6.973231660536549e-8,8.992893479619117e-9,-2.6877024205621185e-10,5.519503635554522e-9,4.678512425207247e-8,4.960942065513121e-9,2.1442469670868228e-10,0.2767688417688155,1.3408388188463696e-7,1.7632201308073777e-8,-6.497895642812621e-10,-6.094961748289607e-9,1.1597554270158117e-8,-2.7145376862188386e-9,3.4053356285661653e-13,1.0373857661578446e-13,4.8681907045831655e-12,-1.6998911888891415e-11,0.6511287216213566,-4.682890561995598e-11
Total emissions + ISI,TAC,2,0.25,1.069300390028964e7,min_TotEmiss,TotEmiss,ISI,false,4,3,3,0,LOCALLY_SOLVED,Solve_Succeeded,0.111416375,1.0693003900289642e7,47.86169496002388,12.930570678438292,503.57998780204844,5.712222353619614e-17,0.0,5.126570965080088e-17,0.0,9.837715616532224e-9,false,1.0000000044556059,0.3783346423014163,1.6003297168527027e-6,8.183562501287616e-7,-7.350039823908084e-9,-4.559196674173973e-9,3.5617776430964012e-9,-1.0659739745751803e-10,-6.971064519840193e-9,-3.9149886854784485e-9,5.823762364685127e-9,1.7337208017496108e-10,-4.459835499859283e-9,0.021868929726144803,5.3084678904745595e-8,1.3074178617609541e-8,-7.135327485599381e-9,-4.3592812198512766e-9,3.810522261131051e-9,3.094935685716209e-11,-4.765074480234773e-9,0.12810155091606842,3.031986389544597e-7,4.051963944118703e-8,-7.674168681109637e-9,-5.071956799656726e-9,1.3719290936235442e-9,-2.5787006414151984e-10,-4.767476039505081e-9,8.960255208317747e-9,3.209488048554019e-8,-4.401980149457695e-9,-3.047925942229242e-9,1.1294772150990286e-8,2.1363789514356142e-8,-5.009793871272703e-9,0.9999998476769149,-9.076112776326416e-9,-8.15781354174386e-9,-9.837715616532224e-9,-3.857376468329606e-9,5.670177859208513e-9,1.3208600457357557e-8,-1.3496963912837362e-9,2.1696613292036608e-7,4.662775453776968e-8,3.161874467997294e-9,-9.217995248198064e-9,-5.897429643093489e-9,2.3749403675222556e-9,1.4047447557591967e-8,8.680605770073568e-10,-8.166710915453424e-10,-6.942413117492185e-9,1.108108600074436e-8,-1.5837327622259819e-9,-7.745627244266878e-10,-5.9614600437967276e-9,1.8118371801242617e-8,2.5758137625994215e-9,-4.955372777621424e-10,0.03330041571935686,1.6515233437031962e-7,1.9424493946162747e-7,-7.928141650665977e-10,-6.637996402955351e-9,1.1854958145741044e-8,4.5981901616355095e-10,-5.294527200260857e-10,0.19506372525855872,9.432846545249856e-7,6.020060716976358e-7,-8.526854090121816e-10,-7.723206944931833e-9,4.268223846828804e-9,-3.831212381531152e-9,1.691257122643199e-15,-2.0355519472359862e-16,0.274682009329628,-8.322914155852272e-14,0.17934257570919182,-5.00903961230604e-13
Total emissions + ISI,TAC,2,0.25,1.069300390028964e7,min_ISI,ISI,TotEmiss,false,4,3,3,0,LOCALLY_SOLVED,Solve_Succeeded,0.543940542,1.0693003900289642e7,47.86171658398614,12.930551846120446,503.5799876920901,5.712222353619614e-17,0.0,3.1845052583085723e-16,3.1845052583085723e-16,9.835291771944747e-9,false,1.000000007092672,0.3783353543843987,8.011007432296744e-8,-9.009473056654527e-9,-4.693045607088049e-9,2.6233515236516966e-8,3.635153457376537e-9,-9.097332394496304e-11,-4.647774616264789e-9,2.4455906517405553e-8,4.369039195199431e-9,7.31012840201238e-11,-3.987336611483703e-9,0.021869023371509436,5.767310380570509e-9,9.394917485311462e-10,-4.67331665538604e-9,2.150609823952229e-8,6.290392670944802e-9,1.1327957103107457e-9,-4.292973834871137e-9,0.12810167588419552,4.606205158657931e-9,-1.1233333948147631e-11,-4.682255446067745e-9,2.081711597836437e-8,6.138980423446382e-9,1.0861985182644047e-9,4.254350643168834e-8,-8.792626822376385e-9,-7.733387273708653e-9,-9.790211144314633e-9,4.736640492981074e-8,-8.977553628082955e-9,-7.9333138238909e-9,-9.801976385842134e-9,0.9999996956020002,-9.233079351488456e-9,-8.379350246624185e-9,-9.835291771944747e-9,4.455173603406023e-8,-8.931608568540109e-9,-7.669600258467265e-9,-9.752254280628514e-9,1.6337814026520017e-7,-9.017804353264015e-9,-8.079089865801613e-9,-9.823925999005968e-9,4.362499851001123e-8,-8.430788690367032e-9,-6.746518385121805e-9,-9.628848754761e-9,-5.214495118986721e-10,3.994648911015083e-8,1.1309366311838114e-8,-1.351603670039451e-9,-5.164194018071986e-10,3.723967583332209e-8,1.3592566385064894e-8,1.0860762197275533e-9,-4.430374012759668e-10,0.033300558315707544,1.7942743406219357e-8,1.3958163121034168e-8,-5.192574061540042e-10,3.274792231927258e-8,1.957011053182827e-8,1.683010769604536e-8,-4.769970927634594e-10,0.19506391555093408,1.4330416049158007e-8,-1.6689524722962192e-10,-5.202506051186381e-10,3.169879023978211e-8,1.909905020627763e-8,1.6137806557071156e-8,2.117418472299109e-15,2.8477087793096163e-15,0.2746820115726014,-1.5368479615985861e-13,0.17934235773791155,-2.1434856666152205e-13
Total emissions + ISI,TAC,3,0.5,1.8845020024323534e7,min_TotEmiss,TotEmiss,ISI,true,4,4,4,4,LOCALLY_SOLVED,Solve_Succeeded,0.013971333,1.8845020024323534e7,33.783743397215446,14.489256960945802,503.5799874105323,0.0,9.999969368376886e-9,3.1845052583085723e-16,3.1845052583085723e-16,9.99999014838519e-9,true,1.0000000099997894,0.1408365394126803,0.6085174288932023,0.20842053111750136,-9.999965180103142e-9,-6.567152115054253e-9,-3.2142478665837846e-9,-6.730725057213362e-10,-9.999901304738638e-9,-6.567105616475261e-9,-3.2141018215124044e-9,-6.730556554059784e-10,-9.999810606342837e-9,0.053486784372663965,0.1479914072829364,0.012420876939213756,-9.999810606345494e-9,5.701489443653999e-6,1.7690652204456496e-5,1.9130831242588526e-6,-9.9998113647807e-9,-6.549543546703737e-9,3.5708305771911898e-6,-6.692644864131379e-10,-9.999810606359744e-9,4.801452341147971e-7,1.8896052613475194e-6,2.1670549128642127e-7,-9.999957336435339e-9,-9.999961719527047e-9,-9.999782233099884e-9,0.007428437979952314,-9.999793907527632e-9,0.005888246113751621,1.3209793258747873e-5,0.003998772697358425,0.9999718839073396,-9.99959435094119e-9,-9.999620035898088e-9,-9.999975776668018e-9,2.593822336511977e-5,7.319238530637599e-8,-9.999380339169826e-9,-9.999966824746059e-9,-9.952894791297123e-9,6.208480954429506e-8,-9.999371160544989e-9,-9.999966829871794e-9,2.2844874079074358e-6,6.343235830376638e-8,-9.999380339190993e-9,-9.999966824744153e-9,-1.1111072422336821e-9,-9.999981629741702e-9,-9.999882251593995e-9,-9.999934370716993e-9,-1.1111001449709593e-9,-9.999910825087327e-9,-9.9994278891497e-9,-9.999684023174536e-9,-1.1110900673714258e-9,0.0814457852947383,0.46041771154691324,0.18453874309689006,-1.111090067371721e-9,8.681813471018589e-6,5.503758463608688e-5,2.842294927470295e-5,-1.1110901516422995e-9,-9.973168582480692e-9,1.110925068459481e-5,-9.943358083852336e-9,-1.1110900673733045e-9,7.311302428566228e-7,5.878771924192282e-6,3.2196244419696872e-6,0.0848326430881215,0.015088740763734053,0.37570410881780575,3.98240982640786e-5,1.6078557597509784e-6,3.2366218094325334e-6
Total emissions + ISI,TAC,3,0.5,1.8845020024323534e7,min_ISI,ISI,TotEmiss,true,4,4,4,4,LOCALLY_SOLVED,Solve_Succeeded,0.214282833,1.884502002432353e7,40.67116733965296,9.753901942571403,503.5799874391295,1.1424444707239227e-16,9.941956994288371e-9,8.120488408686859e-17,8.8298822789415e-24,9.977259236787763e-9,false,1.000000009800952,0.3640824267532276,-8.83453068465942e-9,-9.940758073429652e-9,-9.676934697086346e-9,-5.918458219875731e-9,-1.7047500399710165e-9,-4.987609682100005e-10,-9.616900850340803e-9,0.04255521551862479,4.527213714251911e-9,8.845367165321675e-10,-9.614475400431155e-9,0.10176493083186496,5.259219989483413e-9,2.8326421084056217e-9,-9.629501077600226e-9,-4.227405719227443e-9,1.2594729558261899e-9,1.0672876129761565e-10,-9.617812239146976e-9,2.1641049365113682e-8,3.6643595294226016e-9,3.8692658888452335e-10,-9.732747834789214e-9,-6.3199460991636425e-9,-2.4725734299935472e-9,-5.846401996965283e-10,-7.969057427329214e-9,4.24935287053672e-8,-8.57685577044176e-9,-9.916483723222632e-9,1.2672774655090808e-7,1.9421424385455485e-6,-8.820480605833819e-9,-9.932681791920022e-9,0.9999999002146757,-9.799154902584108e-9,-9.653894191737425e-9,-9.972958799983353e-9,4.0705956495296647e-10,3.5854887353856325e-8,-8.616656601339735e-9,-9.922386692204792e-9,6.386284374838535e-8,-9.246018837528714e-9,-9.279626431584961e-9,-9.952034934715905e-9,-9.121902661475533e-9,4.304945753328089e-8,-7.189114928579876e-9,-9.836364102909695e-9,-1.0752149663429268e-9,-9.01219774390168e-9,-5.30366679102094e-9,-7.4101629562628645e-9,-1.0685445389267554e-9,0.06479998726699683,1.4084664888783723e-8,1.3141688359906487e-8,-1.06827504449235e-9,0.15496023558488528,1.6362017745059504e-8,4.208496846774066e-8,-1.0699445641778026e-9,-6.4371859815508785e-9,3.918360307014812e-9,1.5856844535645748e-9,-1.0686458043496638e-9,3.2953416078695824e-8,1.1400229647092539e-8,5.748623606284346e-9,-1.08141642608769e-9,-9.623554287362819e-9,-7.692450671091035e-9,-8.68608296691985e-9,-6.469299998650364e-14,0.03830144839253801,0.346588382306633,-7.59934686583355e-12,-3.037552580661027e-11,-1.0186435901967801e-11
Total emissions + ISI,TAC,4,0.75,2.6997036148357425e7,min_TotEmiss,TotEmiss,ISI,true,4,4,4,4,LOCALLY_SOLVED,Solve_Succeeded,0.012118917,2.699703614835743e7,38.68930657776785,16.830836335854535,503.5799874105535,1.1424444707239227e-16,9.999952474487497e-9,8.120488408686859e-17,6.595588376126429e-17,9.999984825400455e-9,true,1.0000000099996704,0.13319916272355903,0.575120517742807,0.253033990846298,-9.99994657765373e-9,-6.567145750577344e-9,-3.2142278878243296e-9,-6.730701735899154e-10,-9.999845930431494e-9,-6.5670726666673165e-9,-3.2139983305569995e-9,-6.730436952521115e-10,-9.999704018836643e-9,0.04156681819993887,0.13965830699045972,0.012467127463185857,-9.99970401883776e-9,2.4902643278477855e-5,8.057637401082712e-5,8.655650428445977e-6,-9.999704018843151e-9,-6.55422794314773e-9,3.532895692295378e-6,-6.704122489162021e-10,-9.999704018844071e-9,2.4866842102655503e-6,8.704851564805064e-6,9.660135370597334e-7,-9.999934811653545e-9,-9.999941890033966e-9,-9.999669268789915e-9,0.03595835886047138,-9.999678661280232e-9,0.028268119193305224,0.0005882073733126814,0.019230110659999012,0.9998283093180322,-9.998822436518848e-9,-9.999277309719428e-9,-9.999956751429357e-9,0.00014453917033425617,1.3330592320771246e-7,-9.999031967464916e-9,-9.999948145659897e-9,1.459409048548627e-5,6.94867242100009e-8,-9.999000981731133e-9,-9.999948212232058e-9,1.2654085552412981e-5,6.868803160702995e-8,-9.99903196959522e-9,-9.999948145725674e-9,-1.1111051752948587e-9,-9.999971938379137e-9,-9.999820095453469e-9,-9.999899721907312e-9,-1.1110939922701655e-9,-9.99986065151614e-9,-9.99910591728844e-9,-9.999506329459942e-9,-1.1110782243151822e-9,0.06329492771354327,0.4344925106369857,0.18522589373876125,-1.1110782243153061e-9,3.7919934083136727e-5,0.0002506820524781288,0.00012859823493691164,-1.1110782243159054e-9,-9.980301640702224e-9,1.0991231042696729e-5,-9.96041055532643e-9,-1.1110782243160074e-9,3.786541865631633e-6,2.7081760423837973e-5,1.4352201122030325e-5,0.4106443395440116,0.07266776074578435,0.36267777579896754,0.0001916775027396725,7.394327199082619e-6,1.5857893087466486e-5
Total emissions + ISI,TAC,4,0.75,2.6997036148357425e7,min_ISI,ISI,TotEmiss,true,4,4,4,3,LOCALLY_SOLVED,Solve_Succeeded,0.109572708,2.699703614835743e7,82.06437039679555,7.959853978793359,503.5799874633631,1.1424444707239227e-16,9.887864084252558e-9,3.1845052583085723e-16,3.1845052583085723e-16,9.958010180021746e-9,false,1.0000000096395316,0.4461298962479977,-7.665011149069495e-9,-9.888550174095214e-9,-9.451487161444974e-9,-5.566982699080611e-9,-1.2702752851518096e-9,-4.439844289055399e-10,-9.325571037552135e-9,0.17684396951565234,3.432163632574312e-9,6.495844599255667e-10,-9.32557103565562e-9,1.8960913902868174e-8,3.975155869119102e-9,2.512320589325002e-9,-9.346485528896593e-9,-2.9967891175524803e-9,2.046020926817575e-9,6.809575290643443e-10,-9.332839181253147e-9,2.5151754987201207e-8,2.7659411534608203e-9,2.318098077787915e-10,-9.551046537296822e-9,-6.200525986453547e-9,-2.157292897781094e-9,-5.406351315996391e-10,-7.062235786063865e-9,4.103462373806484e-8,-7.590933740995305e-9,-9.847379752090752e-9,0.28678043074241844,6.258667580850916e-7,-8.037912191206012e-9,-9.88078676681572e-9,0.7132195942331144,-9.717573081048924e-9,-9.480933815911302e-9,-9.95761255359057e-9,1.1072432379703913e-8,2.914414831281214e-8,-7.456383317402732e-9,-9.847746561854225e-9,5.1903204374575794e-8,-8.93859900624809e-9,-8.88139461992603e-9,-9.921386566672618e-9,-8.657179641248291e-9,3.990621703930446e-8,-2.3611641041213925e-9,-9.43304706454652e-9,-1.0501652401605522e-9,-8.476996382690929e-9,-3.951967553805629e-9,-6.596340086596592e-9,-1.0361745597280145e-9,0.2692851353988342,1.0677842412453413e-8,9.650969118894134e-9,-1.0361745595172907e-9,2.8872300715731083e-8,1.2367151592814983e-8,3.732590589854288e-8,-1.038498392099621e-9,-4.563292519909458e-9,6.36539843898801e-9,1.0117083288955971e-8,-1.036982131250349e-9,3.8299263275965464e-8,8.605150255211442e-9,3.4440314298563304e-9,-1.0612273930329797e-9,-9.441710024826992e-9,-6.711577904207847e-9,-8.032293383766066e-9,-2.4895555093764646e-14,0.23228911940275632,0.18187098268159055,-3.0664132489728888e-12,-1.1509998969729041e-11,-4.233917748399916e-12
Total emissions + ISI,TAC,5,1.0,3.514905227239132e7,min_TotEmiss,TotEmiss,ISI,true,4,4,4,4,LOCALLY_SOLVED,Solve_Succeeded,0.008644417,3.514905227239133e7,47.436442800301066,20.347270095639395,503.57998741058196,2.2848889414478455e-16,9.999932217108818e-9,3.1845052583085723e-16,3.1845052583085723e-16,9.999978511898115e-9,true,1.0000000099995248,0.14685382054688192,0.46092302259540335,0.29409111243206476,-9.99992467346087e-9,-6.567138320033043e-9,-3.214204553825736e-9,-6.730674498254908e-10,-9.999778404005327e-9,-6.567032469755634e-9,-3.213872054166432e-9,-6.730291084631437e-10,-9.99957396383072e-9,0.03134605468765727,0.11089811859231352,0.010118056028877446,-9.999573963831574e-9,5.4763130755210835e-5,0.00018102776812074027,1.9305761982870006e-5,-9.99957396383733e-9,1.122321415916273e-6,4.698222979218622e-6,4.358236950736847e-7,-9.999573963836382e-9,5.899899698908509e-6,2.0313471068294175e-5,2.2312640869212822e-6,-9.999908494585199e-9,-9.999919005687033e-9,-9.999538751386834e-9,0.08712628474400443,-9.999538212540778e-9,0.06762004191752469,0.004161560347492053,0.04617300252882222,0.9995411538896906,-9.908657356650566e-9,-9.998615939853083e-9,-9.999925624348465e-9,0.00039529362819806037,2.6040240509406546e-7,-9.998607227543944e-9,-9.999925349772281e-9,2.9196674807305425e-5,7.688786847413371e-8,-9.99860723321686e-9,-9.999925349950044e-9,3.44524707189403e-5,7.973641972909751e-8,-9.998607233436243e-9,-9.999925349956578e-9,-1.1111027414956518e-9,-9.999960623686678e-9,-9.99974750079118e-9,-9.999859254550146e-9,-1.1110864893339248e-9,-9.99979944258244e-9,-9.998713057406676e-9,-9.999289611452417e-9,-1.1110637737589686e-9,0.04773149236529629,0.3450163689538642,0.15032540385760776,-1.111063773759063e-9,8.338931274088923e-5,0.0005631975008200808,0.0002868284637454972,-1.1110637737597031e-9,1.7089894287815974e-6,1.4616693713124602e-5,6.475094898237601e-6,-1.1110637737595974e-9,8.98393817788341e-6,6.31974655458041e-5,3.31502092914019e-5,0.9949820531343794,0.17503600218294696,0.33946069701027554,0.0004613482513832573,1.695568946236728e-5,3.8928193031485846e-5
Total emissions + ISI,TAC,5,1.0,3.514905227239132e7,min_ISI,ISI,TotEmiss,true,4,4,4,4,LOCALLY_SOLVED,Solve_Succeeded,0.010263,3.514905227239131e7,122.92113488345089,4.324219599766227,503.57998744361987,2.2848889414478455e-16,9.992303562455589e-9,1.5922526291542861e-16,1.5922526291542861e-16,9.992594070624424e-9,false,1.0000000097972626,0.4749244781203328,-9.359023697793321e-9,-9.95931471503009e-9,-9.924477985054193e-9,-6.557927998016305e-9,-3.1966873063967916e-9,-6.725756397887403e-10,-9.921700142759899e-9,-6.557801975128321e-9,-3.1965744481444205e-9,-6.725727537480335e-10,-9.921700143225208e-9,-6.557448762039709e-9,-3.1966914143079975e-9,-6.725776643966378e-10,-9.921700156988613e-9,-6.557526097666312e-9,-3.1967781728848363e-9,-6.725782667643554e-10,-9.921700640671457e-9,-6.5578750754106805e-9,-3.1966083318993994e-9,-6.725750578177645e-10,-9.921700175223542e-9,-6.557519122835531e-9,-3.1968041278371654e-9,-6.725784470612595e-10,-7.871240564434781e-9,0.002425467630155916,1.1280081138942036e-7,-9.793493987493304e-9,0.9740181385997679,0.47249837068560696,-5.966477749792641e-9,1.0366921910808862e-7,0.025341737287347926,3.089948402761045e-7,-9.551218281489568e-9,-9.9730311297566e-9,0.0004377467958370008,2.813224176258146e-7,-9.53894929191807e-9,-9.972042516212682e-9,1.2308606399165151e-5,-9.452106853542978e-9,-8.688973697282665e-9,-9.926276100555746e-9,0.000190152526905618,1.581988959516155e-7,-9.562513771796023e-9,-9.972858791525552e-9,-1.1027197761171323e-9,-9.98593581516119e-9,-9.945249397678907e-9,-9.992552362575568e-9,-1.1024111269733215e-9,-9.985743916672671e-9,-9.944898283115973e-9,-9.992509484256494e-9,-1.1024111270250226e-9,-9.985206069469555e-9,-9.9452621778471e-9,-9.992582442464332e-9,-1.10241112855429e-9,-9.985323830537338e-9,-9.945532093419492e-9,-9.992591391927564e-9,-1.102411182296828e-9,-9.985855228466262e-9,-9.945003699242574e-9,-9.992543716149643e-9,-1.102411130580393e-9,-9.985313209772284e-9,-9.94561284216007e-9,-9.992594070624424e-9,0.010186941577422068,0.6736233999639692,0.006462382987412764,0.00020711206058745738,4.810448720938363e-6,7.451305143190142e-5
