frontier_id,method,index_a,index_b,epsilon_TAC,TAC,TotEmiss,ISI,TAC_normalized,TotEmiss_normalized,ISI_normalized,emissions_contribution,ISI_contribution,EI_grouped_raw,main_sink,active_sinks,sink2_share,sink3_share,sink5_share,key_id,key_role
PF0224,group_TotEmiss_ISI,61,,2540989.1836715625,2540987.776255747,88.31904321127661,20.356514351845963,-4.5835285645229447e-08,0.6069829637820112,0.9999861894046562,17.663808642255322,16.28521148147677,33.9490201237321,Urea,Urea,3.7708156511426347e-13,1.1257438928184338e-11,1.0000000000883855,A,Minimum TAC
PF0223,group_TotEmiss_ISI,60,,3052754.9538697423,3052755.074378138,88.163770150029,20.328016172373705,0.01666667059126143,0.6052944938452722,0.998225698759978,17.6327540300058,16.262412937898965,33.895166967904764,Urea,Saline Storage;Urea,4.1157520337177317e-14,0.0025189435566538,0.9974810564544696,,
PF0222,group_TotEmiss_ISI,59,,3564520.7240679218,3564520.9379607206,87.698476490468,20.24261783955702,0.03333334029917628,0.6002347986888072,0.9929501699795782,17.5396952980936,16.194094271645618,33.733789569739216,Urea,Saline Storage;Urea,2.0641161235708392e-14,0.0100751777842023,0.9899248222213762,,
PF0090,full_TAC,13,1.0,,3575377.782051558,87.67688507909259,20.247079265402473,0.033686914946116586,0.600000009416887,0.9932257770045987,17.53537701581852,16.19766341232198,33.7330404281405,Urea,Saline Storage;Urea,-6.539908892558056e-15,0.0102811170518417,0.9897188829565658,,
PF0221,group_TotEmiss_ISI,58,,4076286.4942661016,4076286.739293176,86.92259340903098,20.100215029125977,0.05000000797979235,0.5917976928128451,0.9841531583745462,17.384518681806195,16.080172023300783,33.464690705106975,Urea,Saline Storage;Urea,1.3798639677200278e-14,0.0227017772891556,0.9772982227145718,,
PF0220,group_TotEmiss_ISI,57,,4588052.2644642815,4588052.554671975,85.8351271374911,19.900625389460043,0.06666667611785541,0.5799723697854031,0.9718233990736538,17.16702542749822,15.920500311568034,33.08752573906625,Urea,Saline Storage;Urea,7.994727249093227e-15,0.0404549328620973,0.9595450671411307,,
PF0028,full_TAC,2,2.0,,4767304.363395585,85.38033504208832,19.81715027354012,0.07250436656017747,0.5750268707118092,0.9666666780703519,17.076067008417663,15.853720218832095,32.92978722724976,Urea,Saline Storage;Urea,2.5483467630021862e-14,0.0478992559879279,0.9521007440141036,,
PF0099,full_TAC,14,2.0,,5038564.315983099,84.61152475179449,19.683770657606825,0.0813384845748332,0.5666666757637193,0.9584270792472088,16.9223049503589,15.74701652608546,32.66932147644436,Urea,Saline Storage;Urea,-2.0336547613204586e-15,0.0603477474039796,0.9396522525992498,,
PF0219,group_TotEmiss_ISI,56,,5099818.034662461,5099818.3282656325,84.43478427514918,19.6436114489442,0.08333334289510255,0.5647447649118128,0.9559462221378254,16.886956855029837,15.71488915915536,32.6018460141852,Urea,Saline Storage;Urea,6.4165884152872005e-15,0.0634126488013599,0.9365873512012336,,
PF0218,group_TotEmiss_ISI,55,,5611583.804860641,5611584.100731023,82.7199570686727,19.32887817381228,0.10000000963560543,0.546097395164781,0.9365034016945736,16.543991413734542,15.463102539049826,32.007093952784366,Urea,Saline Storage;Urea,5.367222644353335e-15,0.0916754976525996,0.90832450234957,,
PF0065,full_TAC,7,3.0,,5687049.356789967,82.44038442864728,19.277562438675687,0.1024576852772608,0.5430572670574016,0.9333333440520949,16.488076885729456,15.42204995094055,31.910126836670006,Urea,Saline Storage;Urea,1.867274160179775e-14,0.0962992181315462,0.9037007818698044,B,10% saline allocation
PF0103,full_TAC,15,3.0,,5915310.950351865,81.54616442425338,19.120468351923662,0.10989147650410483,0.533333342107909,0.9236287708062694,16.309232884850676,15.29637468153893,31.605607566389608,Urea,Saline Storage;Urea,-9.743019647542502e-16,0.1109437025268895,0.8890562974752924,,
PF0217,group_TotEmiss_ISI,54,,6123349.575058821,6123349.855738993,80.69722305947627,18.956145180971863,0.11666667580757281,0.5241017860288122,0.9134776169248041,16.139444611895254,15.164916144777491,31.304360756672743,Urea,Saline Storage;Urea,6.0932064714679606e-15,0.1253987339130242,0.8746012660885796,,
PF0037,full_TAC,3,4.0,,6390812.929795483,79.5004341099543,18.7379746050944,0.12537714094715272,0.5110876666081426,0.9000000101131048,15.900086821990861,14.99037968407552,30.89046650606638,Urea,Saline Storage;Urea,1.5688602090875416e-14,0.145187220984084,0.8548127790169615,,
PF0108,full_TAC,16,4.0,,6604834.452147702,78.48080386331401,18.557184270922235,0.13234717603010807,0.5000000059140799,0.8888315882050253,15.696160772662802,14.845747416737789,30.54190818940059,Urea,Saline Storage;Urea,4.065277168528621e-15,0.1620775426940969,0.8379224573064578,,
PF0216,group_TotEmiss_ISI,53,,6635115.345257,6635115.643970585,78.33861644440024,18.524742530288066,0.1333333430615333,0.49845383183668757,0.8868274819097747,15.66772328888005,14.819794024230454,30.4875173131105,Urea,Saline Storage;Urea,4.063279655401322e-15,0.1646428029381862,0.8353571970634528,,
PF0091,full_TAC,13,5.0,,6982465.191558921,76.56048395660355,18.198386772168725,0.1446454695529757,0.47911806795684775,0.8666666762146154,15.31209679132071,14.558709417734981,29.870806209055694,Urea,Saline Storage;Urea,1.3929945229292547e-14,0.1945706856035945,0.8054293143972663,,
PF0215,group_TotEmiss_ISI,52,,7146881.11545518,7146881.415121519,75.66680513511473,18.03436780527292,0.15000000975922828,0.46940002793715657,0.8565343147053147,15.133361027022946,14.427494244218337,29.560855271241284,Urea,Saline Storage;Urea,3.632879239950306e-15,0.2096812044144447,0.7903187955870166,,
PF0113,full_TAC,17,5.0,,7191144.352711285,75.41544350931727,17.993881790547412,0.15144152005447611,0.46666667197058587,0.8540332689724128,15.083088701863455,14.39510543243793,29.478194134301383,Urea,Saline Storage;Urea,4.627321115425009e-15,0.2137576606313286,0.7862423393689802,,
PF0038,full_TAC,3,6.0,,7502220.6160130305,73.62053391174993,17.658798939654137,0.1615723351466123,0.4471484704853721,0.8333333423415212,14.724106782349986,14.12703915172331,28.851145934073294,Urea,Saline Storage;Urea,1.2743945061866575e-14,0.2444571832174677,0.7555428167832654,,
PF0161,full_TotEmiss,6,2.0,7658646.88565336,7658647.1554200575,72.6652016477661,17.488474575819097,0.16666667545215388,0.4367599987545208,0.8228114614829822,14.53304032955322,13.990779660655278,28.523819990208498,Urea,Saline Storage;Urea,9.671986287210512e-16,0.2605971968072538,0.7394028031936695,,
PF0179,full_ISI,6,1.0,7658646.88565336,7658647.156985366,72.68287822711007,17.483653580396336,0.16666667550313125,0.43695221736969375,0.8225136418503959,14.536575645422014,13.98692286431707,28.523498509739085,Urea,Saline Storage;Urea,1.3166252733773543e-14,0.260833313914411,0.7391666860861666,,
PF0214,group_TotEmiss_ISI,51,,7658646.88565336,7658647.186085812,72.6696093434546,17.484273172023446,0.16666667645084493,0.43680792890802284,0.8225519174624963,14.53392186869092,13.987418537618758,28.521340406309676,Urea,Saline Storage;Urea,3.291707518762691e-15,0.2607015792302586,0.7392984207710603,,
PF0118,full_TAC,18,6.0,,7709409.516503682,72.35008316109842,17.430579354305582,0.16831985235584973,0.4333333380899218,0.8192349524661401,14.470016632219686,13.944463483444466,28.41448011566415,Urea,Saline Storage;Urea,5.053617064006587e-15,0.2659929639125032,0.7340070360876401,,
PF0039,full_TAC,3,7.0,,7970677.146646461,70.68058394453104,17.11921110742358,0.17682855058452063,0.41517887385811175,0.8000000084859732,14.136116788906207,13.695368885938866,27.831485674845073,Urea,Saline Storage;Urea,1.1879101137485687e-14,0.2948544397100197,0.7051455602906176,,
PF0213,group_TotEmiss_ISI,50,,8170412.655851539,8170412.946406323,69.35472357005588,16.872169559481623,0.1833333427958258,0.40076120626898054,0.7847388815630405,13.870944714011177,13.4977356475853,27.368680361596475,Urea,Saline Storage;Urea,3.975209834482819e-15,0.3181888926446042,0.6818111073564178,,
PF0122,full_TAC,19,7.0,,8178317.051146452,69.28472281690873,16.867276948036324,0.18359075563324773,0.4000000042530714,0.7844366378114395,13.856944563381745,13.49382155842906,27.350766121810807,Urea,Saline Storage;Urea,5.397795450713573e-15,0.318792448099567,0.6812075519004546,,
PF0040,full_TAC,3,8.0,,8400038.744846534,67.74063403591828,16.579623275399424,0.19081156205849384,0.38320927786814607,0.7666666746431756,13.548126807183657,13.26369862031954,26.811825427503194,Urea,Saline Storage;Urea,1.1215233494437e-14,0.3457703398059388,0.6542296601946224,,
PF0126,full_TAC,20,8.0,,8609176.827650338,66.21936284005207,16.30395688262221,0.19762255825319233,0.3666666744106732,0.7496372322533938,13.243872568010415,13.043165506097768,26.28703807410818,Urea,Saline Storage;Urea,5.585809880192977e-16,0.3721651069851228,0.6278348930157286,,
PF0059,full_TAC,6,9.0,,8798218.395243509,64.80068418114875,16.04003544500435,0.20377907159717665,0.35123968246368237,0.7333333409010155,12.96013683622975,12.83202835600348,25.79216519223323,Urea,Saline Storage;Urea,1.068669418802209e-14,0.3972129311197306,0.6027870688807677,,
PF0130,full_TAC,21,8.0,,9009424.081696168,63.15400252720555,15.74065459976855,0.21065740340285374,0.3333333409146547,0.7148389252227594,12.63080050544111,12.59252367981484,25.22332418525595,Urea,Saline Storage;Urea,7.092353440199136e-16,0.4261207094574954,0.5738792905432528,,
PF0092,full_TAC,13,10.0,,9170664.89751724,61.86073438431151,15.500447618641502,0.21590853016209466,0.3192700876891858,0.7000000074079484,12.372146876862303,12.400358094913202,24.772504971775504,Urea,Saline Storage;Urea,1.0254122940940966e-14,0.4491904284758279,0.5508095715246171,,
PF0212,group_TotEmiss_ISI,48,,9193944.1962479,9193944.489376398,61.74265278832817,15.474621709763412,0.21666667621297725,0.3179860450915964,0.6984045977427644,12.348530557665635,12.37969736781073,24.728227925476364,Urea,Saline Storage;Urea,3.3667576056234986e-15,0.4517868452221718,0.5482131547787064,,
PF0134,full_TAC,22,9.0,,9384212.160754208,60.08864221490571,15.17735231651012,0.22286312005694286,0.300000007424581,0.68004061816712,12.017728442981143,12.141881853208098,24.159610296189243,Urea,Saline Storage;Urea,8.444527300349919e-16,0.4806686723282034,0.5193313276724584,,
PF0041,full_TAC,3,11.0,,9521283.601368912,58.92078461695001,14.960859792355697,0.22732712320697845,0.28730049323521417,0.6666666739196407,11.784156923390002,11.968687833884559,23.75284475727456,Saline Storage,Saline Storage;Urea,9.892159652000848e-15,0.5017112190159532,0.4982887809844449,C,Sink-switch point
PF0137,full_TAC,23,10.0,,9737237.443647267,57.02328190293546,14.614050030136417,0.2343600881183391,0.2666666739380913,0.645242310919033,11.404656380587092,11.691240024109135,23.095896404696227,Saline Storage,Saline Storage;Urea,9.694209056386489e-16,0.5358188046462113,0.4641811953543764,,
PF0066,full_TAC,7,12.0,,9852934.35665482,55.98083487309545,14.42127196611033,0.23812798741084645,0.25533089903686174,0.6333333404338312,11.196166974619091,11.537017572888265,22.733184547507356,Saline Storage,Saline Storage;Urea,9.583295609750466e-15,0.5547838657431831,0.4452161342571727,,
PF0141,full_TAC,24,9.0,,10071167.580185082,53.95792112563195,14.0507650843582,0.2452351848905891,0.23333333539147583,0.6104450748957292,10.79158422512639,11.24061206748656,22.03219629261295,Saline Storage,Saline Storage;Urea,6.579680704611992e-15,0.5915813941645576,0.4084186058351091,,
PF0012,full_TAC,1,13.0,,10167682.034716465,53.04088514645041,13.881684139849444,0.24837836940167274,0.22336130502564894,0.6000000069470628,10.608177029290083,11.105347311879555,21.713524341169638,Saline Storage,Saline Storage;Urea,9.313601264019043e-15,0.6084171125823428,0.3915828874179736,,
PF0211,group_TotEmiss_ISI,46,,10217475.73664426,10217476.039428318,52.71016790304196,13.817014998434924,0.25000000986076304,0.21976502039926493,0.5960050353184202,10.542033580608393,11.05361199874794,21.595645579356333,Saline Storage,Saline Storage;Urea,2.3338405903928188e-15,0.6149690083304683,0.3850309916704105,,
PF0144,full_TAC,25,9.0,,10387617.74613308,50.89256127752431,13.487445370986183,0.2555410117738998,0.20000000694911976,0.5756456910852769,10.178512255504863,10.789956296788947,20.96846855229381,Saline Storage,Saline Storage;Urea,1.2171983960551658e-15,0.6479659103768247,0.3520340896236322,,
PF0054,full_TAC,5,14.0,,10469233.008042185,50.101632462609714,13.342096315058196,0.2581989745458629,0.19139929079556695,0.5666666735510821,10.020326492521944,10.673677052046557,20.694003544568503,Saline Storage,Saline Storage;Urea,9.233461628915042e-15,0.6626226075320014,0.3373773924683024,,
PF0147,full_TAC,26,14.0,,10696376.829490142,47.82720046704155,12.9242560718114,0.26559636330830383,0.1666666680417066,0.5408543636832834,9.565440093408311,10.33940485744912,19.90484495085743,Saline Storage,Saline Storage;Urea,6.9159640433447345e-15,0.7050061905131382,0.2949938094864474,,
PF0225,group_TotEmiss_ISI,45,,10729241.506842438,10729241.809969723,47.60112011140592,12.879422266312284,0.26666667653860754,0.1642082256003014,0.5380847307941597,9.520224022281184,10.303537813049829,19.823761835331013,Saline Storage,Saline Storage;Urea,2.241723284747749e-15,0.7096378121791598,0.2903621878216504,,
PF0093,full_TAC,13,15.0,,10760706.981551005,47.164805669811166,12.802508488214311,0.2676914022176064,0.1594636561838267,0.5333333400282987,9.432961133962234,10.24200679057145,19.674967924533682,Saline Storage,Saline Storage;Urea,8.970515853898717e-15,0.7174159292759748,0.2825840707242821,,
PF0149,full_TAC,27,15.0,,10987895.346130712,44.76184065855699,12.361034326188657,0.2750902416154208,0.13333334003021977,0.5060610318841973,8.952368131711399,9.888827460950926,18.841195592662324,Saline Storage,Saline Storage;Urea,1.4181779587816164e-15,0.7626848974564459,0.2373151025439266,,
PF0015,full_TAC,1,16.0,,11037092.409540784,44.22796959922309,12.262920562640693,0.2766924414978338,0.1275279206835706,0.5000000004064319,8.845593919844617,9.810336450112555,18.655930369957172,Saline Storage,Saline Storage;Urea,1.3980549561338247e-14,0.7727968831889832,0.2272031168104039,,
PF0210,group_TotEmiss_ISI,44,,11241007.277040618,11241007.574240264,42.022780779757376,11.855706847139215,0.2833333430122289,0.10354826190320258,0.47484415010999853,8.404556155951475,9.484565477711373,17.889121633662846,Saline Storage,Saline Storage;Urea,2.7541546439703704e-15,0.8150270708335217,0.1849729291671029,,
PF0152,full_TAC,28,8.0,,11264067.724608196,41.696479778928,11.7978490372571,0.28408434251599934,0.1000000003708968,0.47126995221717555,8.3392959557856,9.43827922980568,17.77757518559128,Saline Storage,Saline Storage;Urea,7.354423963376131e-15,0.8210125452069608,0.1789874547925215,,
PF0016,full_TAC,1,17.0,,11299428.1448268,41.29114262998163,11.723332730172784,0.2852359246875629,0.09559228415315531,0.4666666665362213,8.258228525996326,9.378666184138227,17.636894710134555,Saline Storage,Saline Storage;Urea,1.3859752551286855e-14,0.8287746312085849,0.1712253687907519,,
PF0154,full_TAC,29,5.0,,11524229.84656207,38.63112002315947,11.234627176178089,0.2925570376792941,0.06666667293265444,0.4364766132857151,7.726224004631894,8.987701740942471,16.713925745574365,Saline Storage,Saline Storage;Urea,1.7632414271843554e-15,0.8799991677381944,0.1200008322620562,,
PF0017,full_TAC,1,18.0,,11546842.426437745,38.35431555626994,11.183744895224445,0.2932934611628641,0.06365664648671007,0.4333333325127808,7.670863111253988,8.946995916179556,16.617859027433546,Saline Storage,Saline Storage;Urea,1.374589473856554e-14,0.8853590468025294,0.1146409531967456,D,90% saline allocation
PF0209,group_TotEmiss_ISI,43,,11752773.047238795,11752773.345979024,35.74056036724905,10.70281762522731,0.3000000097290676,0.03523415630588149,0.4036237870162062,7.148112073449811,8.562254100181848,15.710366173631659,Saline Storage,Saline Storage;Urea,2.7773113287857044e-15,0.9363244025166924,0.0636755974838095,,
PF0157,full_TAC,30,17.0,,11764064.869512113,35.565759013494244,10.671442494216436,0.3003677405736138,0.033333331859291784,0.4016855711145916,7.113151802698849,8.53715399537315,15.650305798071997,Saline Storage,Saline Storage;Urea,8.118816587269424e-15,0.9396570099394104,0.0603429900599089,,
PF0018,full_TAC,1,19.0,,11774934.278377729,35.41748806969993,10.644157051122129,0.3007217244173492,0.03172100433076193,0.3999999979238483,7.083497613939986,8.515325640897704,15.59882325483769,Saline Storage,Saline Storage;Urea,1.3613676884033266e-14,0.9425600549679212,0.0574399450312511,,
PF0206,group_TAC_ISI,13,,,11928345.416592244,32.50024598586382,10.108165052680418,0.3057178622062934,-1.662287450244293e-06,0.3668887986699595,6.500049197172764,8.086532042144334,14.586581239317098,Saline Storage,Saline Storage,1.3277284515667515e-14,1.000000000008153,-4.6791037318047196e-12,,
PF0208,group_TotEmiss_ISI,1,,33246935.395562347,11928820.90516743,32.50021056866753,10.108165266727688,0.3057333474342002,-2.0474210380891366e-06,0.36688881189284683,6.500042113733507,8.086532213382151,14.586574327115658,Saline Storage,Saline Storage,5.392394251898288e-13,1.0000000406817828,-1.3327405415371932e-08,E,Minimum raw emissions + ISI
