grouping,TotEmiss_normalized,ISI_normalized,TAC_normalized
TAC + total emissions,2.8930737845844403e-08,0.3668925090122027,0.2878845874671484
TAC + total emissions,2.8930737845844403e-08,0.3668925090122003,0.2878845874671484
TAC + total emissions,2.8930737922287343e-08,0.3668925090121962,0.2878845874671482
TAC + total emissions,2.8930737692958526e-08,0.36689250901219644,0.2878845874671484
TAC + total emissions,2.8930737845844403e-08,0.3668925090121943,0.2878845874671483
TAC + total emissions,2.8930737922287343e-08,0.36689250901219195,0.2878845874671483
TAC + total emissions,2.8930737845844403e-08,0.36689250901219184,0.2878845874671485
TAC + total emissions,2.8930737922287343e-08,0.366892509012189,0.2878845874671484
TAC + total emissions,2.893073799873028e-08,0.3668925090121826,0.28788458746714796
TAC + total emissions,2.8930737845844403e-08,0.3668925090121801,0.28788458746714807
TAC + total emissions,2.8930737845844403e-08,0.36689250901217735,0.28788458746714807
TAC + total emissions,2.8930737845844403e-08,0.36689250901217196,0.28788458746714785
TAC + total emissions,2.8930737922287343e-08,0.36689250901217024,0.28788458746714796
TAC + total emissions,2.8930737692958526e-08,0.36689250901216147,0.28788458746714735
TAC + total emissions,2.8930737922287343e-08,0.3668925090121616,0.28788458746714785
TAC + total emissions,2.8930737845844403e-08,0.36689250901215664,0.28788458746714785
TAC + total emissions,2.8930737922287343e-08,0.3668925090121517,0.28788458746714757
TAC + total emissions,2.8930737692958526e-08,0.3668925090121452,0.28788458746714746
TAC + total emissions,2.8930737769401466e-08,0.3668925090121414,0.28788458746714785
TAC + total emissions,2.8930737922287343e-08,0.3668925090121317,0.28788458746714723
TAC + total emissions,2.8930737922287343e-08,0.36689250901212406,0.2878845874671471
TAC + total emissions,2.893073761651559e-08,0.3668925090121122,0.2878845874671467
TAC + total emissions,2.8930737769401466e-08,0.3668925090121054,0.2878845874671469
TAC + total emissions,2.8930737769401466e-08,0.3668925090120942,0.2878845874671467
TAC + total emissions,2.8930737769401466e-08,0.3668925090120816,0.28788458746714646
TAC + total emissions,2.8930737769401466e-08,0.36689250901206444,0.28788458746714624
TAC + total emissions,2.893073761651559e-08,0.36689250901204895,0.2878845874671459
TAC + total emissions,2.8930737692958526e-08,0.36689250901202947,0.2878845874671456
TAC + total emissions,2.8930737845844403e-08,0.36689250901200693,0.2878845874671455
TAC + total emissions,2.8930737540072652e-08,0.3668925090119713,0.2878845874671444
TAC + total emissions,2.8930737387186776e-08,0.36689250901193277,0.2878845874671437
TAC + total emissions,2.8930737540072652e-08,0.3668925090118891,0.28788458746714335
TAC + total emissions,2.89307372343009e-08,0.3668925090118246,0.28788458746714235
TAC + total emissions,2.89307372343009e-08,0.36689250901173504,0.2878845874671411
TAC + total emissions,2.8930737004972085e-08,0.3668925090115997,0.2878845874671387
TAC + total emissions,2.8930736622757395e-08,0.3668925090113743,0.287884587467135
TAC + total emissions,2.893073593477095e-08,0.36689250901091947,0.2878845874671278
TAC + total emissions,2.8930733947254558e-08,0.3668925090095457,0.2878845874671049
TAC + total emissions,0.0008923423796854192,0.36666984290257043,0.3104365868939763
TAC + total emissions,0.03082458712847374,0.3500030430482118,0.49164417729549015
TAC + total emissions,0.061243330808027546,0.33333624539074447,0.5721953492427513
TAC + total emissions,0.09166225273844801,0.31666944675062353,0.6328920951134535
TAC + total emissions,0.12208112818624473,0.3000026484572552,0.6832173878994053
TAC + total emissions,0.1525001009134564,0.28333584950905044,0.7268615420506025
TAC + total emissions,0.18291897682873606,0.2666690512795281,0.765718442654398
TAC + total emissions,0.21333795201920347,0.2500022522927341,0.8009111179618474
TAC + total emissions,0.24375687797042242,0.23333545368990086,0.8331673261201331
TAC + total emissions,0.27417580404570896,0.21666865508941832,0.862985747547505
TAC + total emissions,0.304594730277766,0.20000185648983335,0.8907045171857245
TAC + total emissions,0.3587338522202641,0.18333505808183484,0.9107130951645973
TAC + total emissions,0.4160626872750118,0.16666825949394057,0.9281685897277165
TAC + total emissions,0.47339152244513355,0.15000146090586225,0.9439500966306303
TAC + total emissions,0.5307203577811536,0.13333466231714047,0.9580844212318373
TAC + total emissions,0.5880491933503014,0.11666786372721125,0.9705431504625731
TAC + total emissions,0.6453780292613736,0.10000106513523234,0.9812332687432348
TAC + total emissions,0.7027068136248995,0.08333426694257844,0.9899714365031409
TAC + total emissions,0.7600356490874342,0.06666746835795098,0.9964283598200222
TAC + total emissions,0.8173665100589433,0.05000065020371605,0.9999999903634835
TAC + total emissions,0.9999999870128878,0.033333867908498245,0.8903821918174429
TAC + total emissions,0.9946759238531144,0.016667070952416787,0.916311317261097
TAC + total emissions,0.9893518854446796,2.723577615657042e-07,0.9415420285223286
TAC + ISI,3.4630344188944226e-07,0.3668920005580027,0.28788454444194456
TAC + ISI,3.4630344181299933e-07,0.36689200055800236,0.28788454444194456
TAC + ISI,3.4630344173655636e-07,0.36689200055800536,0.28788454444194456
TAC + ISI,3.4630344181299933e-07,0.36689200055800425,0.2878845444419448
TAC + ISI,3.4630344188944226e-07,0.3668920005580117,0.28788454444194467
TAC + ISI,3.4630344188944226e-07,0.36689200055800614,0.28788454444194456
TAC + ISI,3.463034415836705e-07,0.3668920005580119,0.28788454444194467
TAC + ISI,3.4630344166011343e-07,0.36689200055801124,0.28788454444194467
TAC + ISI,3.4630344166011343e-07,0.36689200055800775,0.28788454444194456
TAC + ISI,3.4630344173655636e-07,0.3668920005580117,0.28788454444194467
TAC + ISI,3.4630344150722753e-07,0.36689200055801124,0.28788454444194467
TAC + ISI,3.463034414307846e-07,0.36689200055801124,0.28788454444194456
TAC + ISI,3.717599819726877e-07,0.36689196670727325,0.2878845381093609
TAC + ISI,3.717599787620843e-07,0.36689196670728114,0.2878845381093611
TAC + ISI,3.4630344150722753e-07,0.36689200055801086,0.28788454444194456
TAC + ISI,3.463034414307846e-07,0.36689200055801124,0.28788454444194467
TAC + ISI,3.4630344150722753e-07,0.3668920005580049,0.28788454444194456
TAC + ISI,3.463034415836705e-07,0.3668920005580119,0.2878845444419448
TAC + ISI,3.463034413543417e-07,0.3668920005580093,0.28788454444194456
TAC + ISI,3.7175997868564137e-07,0.36689196670728114,0.2878845381093611
TAC + ISI,3.463034414307846e-07,0.3668920005580117,0.2878845444419448
TAC + ISI,3.463011868227676e-07,0.3668920005538492,0.2878845444412209
TAC + ISI,3.4630344112501286e-07,0.36689200055801124,0.28788454444194467
TAC + ISI,3.463034414307846e-07,0.36689200055800614,0.28788454444194456
TAC + ISI,3.4630344127789876e-07,0.36689200055800403,0.2878845444419448
TAC + ISI,3.463034412014558e-07,0.3668920005580117,0.28788454444194467
TAC + ISI,3.7175997845631255e-07,0.36689196670728114,0.2878845381093611
TAC + ISI,3.4630344112501286e-07,0.36689200055800414,0.2878845444419448
TAC + ISI,3.4630344104856994e-07,0.3668920005580116,0.28788454444194467
TAC + ISI,3.46303440972127e-07,0.3668920005580118,0.2878845444419448
TAC + ISI,3.4630344104856994e-07,0.366892000558012,0.2878845444419449
TAC + ISI,3.463034407427982e-07,0.36689200055801124,0.28788454444194467
TAC + ISI,3.4630344104856994e-07,0.36689200055800414,0.2878845444419448
TAC + ISI,3.463034407427982e-07,0.36689200055801124,0.28788454444194467
TAC + ISI,3.463034408192411e-07,0.3668920005580071,0.2878845444419448
TAC + ISI,3.717599813611442e-07,0.36689196670727325,0.287884538109361
TAC + ISI,3.7175998128470125e-07,0.36689196670727314,0.2878845381093609
TAC + ISI,3.4630344028414055e-07,0.3668920005580059,0.28788454444194456
TAC + ISI,3.4630344028414055e-07,0.36689200055801124,0.2878845444419449
TAC + ISI,3.463034400548117e-07,0.36689200055801124,0.2878845444419449
TAC + ISI,3.4630344013125465e-07,0.36689200055800614,0.2878845444419448
TAC + ISI,3.463034399019259e-07,0.36689200055801124,0.2878845444419449
TAC + ISI,3.463034399019259e-07,0.3668920005580116,0.2878845444419449
TAC + ISI,3.587128932418827e-07,0.3668919786575394,0.28788454067065533
TAC + ISI,3.4630343944326823e-07,0.36689200055800636,0.2878845444419448
TAC + ISI,3.717599773096685e-07,0.366891966707281,0.2878845381093611
TAC + ISI,3.463034391374965e-07,0.36689200055800864,0.287884544441945
TAC + ISI,3.463034387552818e-07,0.3668920005580083,0.287884544441945
TAC + ISI,3.4630343890816766e-07,0.36689200055800175,0.28788454444194467
TAC + ISI,3.4630343806729534e-07,0.3668920005580083,0.287884544441945
TAC + ISI,3.4630118277129187e-07,0.366892000553843,0.28788454444122125
TAC + ISI,3.4630343669132245e-07,0.36689200055801074,0.2878845444419451
TAC + ISI,3.4630343592689306e-07,0.36689200055801086,0.2878845444419451
TAC + ISI,3.463034350095778e-07,0.36689200055801124,0.2878845444419451
TAC + ISI,3.4630343386293375e-07,0.36689200055801097,0.28788454444194533
TAC + ISI,3.4630343187541737e-07,0.36689200055801097,0.28788454444194533
TAC + ISI,3.463034291234716e-07,0.36689200055800336,0.28788454444194556
TAC + ISI,3.463034247662241e-07,0.3668920005580028,0.28788454444194594
TAC + ISI,3.463034155166286e-07,0.3668920005580012,0.2878845444419464
TAC + ISI,3.4630306112716745e-07,0.3668920005578957,0.28788454444194156
TAC + ISI,3.457697733281334e-07,0.3668920005414929,0.2878845444816301
Total emissions + ISI,-9.27192617698764e-09,0.36689197993026523,0.28789912004107654
Total emissions + ISI,-9.272308926778827e-09,0.3668919799301893,0.2878991200418284
Total emissions + ISI,-9.271926024101765e-09,0.36689197993026557,0.2878991200409029
Total emissions + ISI,-9.271925718330011e-09,0.3668919799302657,0.2878991200408093
Total emissions + ISI,-9.271925641887074e-09,0.36689197993026623,0.28789912004071094
Total emissions + ISI,-9.271925489001197e-09,0.36689197993026634,0.28789912004060697
Total emissions + ISI,-9.271925412558259e-09,0.36689197993026657,0.28789912004049717
Total emissions + ISI,-9.271925183229445e-09,0.366891979930267,0.2878991200403814
Total emissions + ISI,-9.271925106786507e-09,0.366891979930267,0.2878991200402583
Total emissions + ISI,-9.271924801014755e-09,0.3668919799302677,0.28789912004012796
Total emissions + ISI,-9.271807537547672e-09,0.3668919799298149,0.28789912003899953
Total emissions + ISI,-9.271924189471249e-09,0.36689197993026856,0.28789912003968354
Total emissions + ISI,-9.271924036585372e-09,0.366891979930269,0.2878991200395149
Total emissions + ISI,-9.27180684956123e-09,0.3668919799298162,0.2878991200384917
Total emissions + ISI,-9.274178185944777e-09,0.36689197992610756,0.2878991200384159
Total emissions + ISI,-9.271923195713054e-09,0.3668919799302703,0.28789912003892987
Total emissions + ISI,-9.271923042827177e-09,0.3668919799302706,0.28789912003870366
Total emissions + ISI,-9.271922278397796e-09,0.36689197993027195,0.2878991200381898
Total emissions + ISI,-9.271921972626044e-09,0.3668919799302726,0.2878991200378976
Total emissions + ISI,-9.271921513968415e-09,0.3668919799302734,0.2878991200375772
Total emissions + ISI,-9.271921055310786e-09,0.3668919799302744,0.28789912003722395
Total emissions + ISI,-9.27192044376728e-09,0.3668919799302751,0.2878991200368327
Total emissions + ISI,-9.274557113589059e-09,0.3668919799260382,0.28789912003650764
Total emissions + ISI,-9.27191845625089e-09,0.3668919799302789,0.28789912003535995
Total emissions + ISI,-9.271917844707385e-09,0.36689197993028005,0.28789912003473495
Total emissions + ISI,-9.271915704305118e-09,0.36689197993028383,0.2878991200331893
Total emissions + ISI,-9.271914404775169e-09,0.3668919799302861,0.28789912003221724
Total emissions + ISI,-9.27191272303053e-09,0.36689197993028894,0.287899120031063
Total emissions + ISI,-9.271911041285891e-09,0.36689197993029216,0.28789912002966944
Total emissions + ISI,-9.274163279571842e-09,0.3668919799261338,0.28789912002723
Total emissions + ISI,-9.274160374740194e-09,0.36689197992613876,0.2878991200250662
Total emissions + ISI,-9.27415647615035e-09,0.36689197992614564,0.2878991200222526
Total emissions + ISI,-9.274151736688186e-09,0.3668919799261544,0.2878991200184447
Total emissions + ISI,-9.274144321723188e-09,0.3668919799261674,0.287899120012999
Total emissions + ISI,-9.271878629480128e-09,0.36689197993034955,0.2878991200052987
Total emissions + ISI,-9.271858907202091e-09,0.3668919799303841,0.2878991199905319
Total emissions + ISI,-9.2718154111703e-09,0.3668919799304617,0.28789911995792966
Total emissions + ISI,0.03486092824627274,0.40362724579246895,0.28250022378833917
Total emissions + ISI,0.10244748738006647,0.4748481725595995,0.26680576985749704
Total emissions + ISI,0.2174265352904875,0.5960100166954635,0.2354168622615624
Total emissions + ISI,0.31460150428855044,0.6984103895608204,0.20402795419825942
Total emissions + ISI,0.39649510849821995,0.7847453566735124,0.17263904635213723
Total emissions + ISI,0.4321579328874282,0.8225586918441212,0.15694459277146156
Total emissions + ISI,0.46440292547082507,0.8565413580405149,0.14125013886437027
Total emissions + ISI,0.49314730583191846,0.8868347650001509,0.12555568495155522
Total emissions + ISI,0.5185221088467564,0.9134851109375894,0.10986123051492318
Total emissions + ISI,0.540283464346524,0.9365110779448595,0.09416677709716859
Total emissions + ISI,0.5587322392675691,0.9559540522682524,0.07847232314404276
Total emissions + ISI,0.5737976698730943,0.9718313548639472,0.06277786915631607
Total emissions + ISI,0.5854970529958349,0.9841612117486807,0.04708341388715359
Total emissions + ISI,0.5938443035412062,0.992958292977633,0.03138895904875397
Total emissions + ISI,0.5988501128524943,0.9982338635111887,0.015694502301313522
Total emissions + ISI,0.6005206005537858,0.9999943680892646,1.5604679268476742e-09
Total emissions + ISI,0.1624614213636876,0.5380892537611364,0.2511113161556849
