run_label,replicate,rng_seed,step_size,points_per_seed,selected_points,constraint_handling,objective_i,objective_j,pair,orca_adjacency_01,orca_signed_correlation,total_interaction_weight,active_inequality_interactions,equality_interactions,rank_descending
points_high,1,20251201,0.03,80,243,equality_tangent,TAC,TotEmiss,TAC__TotEmiss,0.7797519882804731,0.5595039765609462,9020.20000041883,7582,8262,2
points_high,1,20251201,0.03,80,243,equality_tangent,TAC,ISI,TAC__ISI,0.7582590275137853,0.5165180550275705,9041.35573523648,7582,8262,3
points_high,1,20251201,0.03,80,243,equality_tangent,TotEmiss,ISI,TotEmiss__ISI,0.8831541524768642,0.7663083049537285,9020.2,7582,8262,1
points_high,1,20251201,0.03,80,243,inequalities_only,TAC,TotEmiss,TAC__TotEmiss,0.7810792668750526,0.5621585337501052,758.2000004188292,7582,0,2
points_high,1,20251201,0.03,80,243,inequalities_only,TAC,ISI,TAC__ISI,0.7510213612053644,0.5020427224107289,779.3557352364801,7582,0,3
points_high,1,20251201,0.03,80,243,inequalities_only,TotEmiss,ISI,TotEmiss__ISI,0.8823926040785092,0.7647852081570183,758.2,7582,0,1
points_high,2,20251202,0.03,80,243,equality_tangent,TAC,TotEmiss,TAC__TotEmiss,0.7750730915630801,0.5501461831261603,9017.100000389577,7551,8262,2
points_high,2,20251202,0.03,80,243,equality_tangent,TAC,ISI,TAC__ISI,0.7503154257262112,0.5006308514524225,9038.808320799773,7551,8262,3
points_high,2,20251202,0.03,80,243,equality_tangent,TotEmiss,ISI,TotEmiss__ISI,0.8831496094536933,0.7662992189073865,9017.1,7551,8262,1
points_high,2,20251202,0.03,80,243,inequalities_only,TAC,TotEmiss,TAC__TotEmiss,0.7756589647352452,0.5513179294704904,755.1000003895763,7551,0,2
points_high,2,20251202,0.03,80,243,inequalities_only,TAC,ISI,TAC__ISI,0.7409785859142866,0.4819571718285731,776.8083207997724,7551,0,3
points_high,2,20251202,0.03,80,243,inequalities_only,TotEmiss,ISI,TotEmiss__ISI,0.8823352266526439,0.7646704533052877,755.1,7551,0,1
points_high,3,20251203,0.03,80,243,equality_tangent,TAC,TotEmiss,TAC__TotEmiss,0.7756267905366251,0.5512535810732502,9010.900000544236,7489,8262,2
points_high,3,20251203,0.03,80,243,equality_tangent,TAC,ISI,TAC__ISI,0.7507270254445598,0.5014540508891197,9030.42373926395,7489,8262,3
points_high,3,20251203,0.03,80,243,equality_tangent,TotEmiss,ISI,TotEmiss__ISI,0.8831445141547889,0.7662890283095778,9010.9,7489,8262,1
points_high,3,20251203,0.03,80,243,inequalities_only,TAC,TotEmiss,TAC__TotEmiss,0.7761776062515571,0.5523552125031141,748.9000005442366,7489,0,2
points_high,3,20251203,0.03,80,243,inequalities_only,TAC,ISI,TAC__ISI,0.7414770401246722,0.4829540802493444,768.4237392639506,7489,0,3
points_high,3,20251203,0.03,80,243,inequalities_only,TotEmiss,ISI,TotEmiss__ISI,0.8822671769767672,0.7645343539535343,748.9,7489,0,1
points_high,4,20251204,0.03,80,243,equality_tangent,TAC,TotEmiss,TAC__TotEmiss,0.7787248343264982,0.5574496686529964,9008.700001034926,7467,8262,2
points_high,4,20251204,0.03,80,243,equality_tangent,TAC,ISI,TAC__ISI,0.7570373416471292,0.5140746832942584,9032.889692964438,7467,8262,3
points_high,4,20251204,0.03,80,243,equality_tangent,TotEmiss,ISI,TotEmiss__ISI,0.8831440758997394,0.7662881517994788,9008.7,7467,8262,1
points_high,4,20251204,0.03,80,243,inequalities_only,TAC,TotEmiss,TAC__TotEmiss,0.7788375129359236,0.5576750258718473,746.7000010349261,7467,0,2
points_high,4,20251204,0.03,80,243,inequalities_only,TAC,ISI,TAC__ISI,0.7437055531162085,0.4874111062324169,770.8896929644376,7467,0,3
points_high,4,20251204,0.03,80,243,inequalities_only,TotEmiss,ISI,TotEmiss__ISI,0.8822593046718856,0.7645186093437712,746.6999999999999,7467,0,1
points_high,5,20251205,0.03,80,243,equality_tangent,TAC,TotEmiss,TAC__TotEmiss,0.7796283218662381,0.5592566437324762,8978.300002165532,7163,8262,2
points_high,5,20251205,0.03,80,243,equality_tangent,TAC,ISI,TAC__ISI,0.7579138581658518,0.5158277163317035,8998.395020052714,7163,8262,3
points_high,5,20251205,0.03,80,243,equality_tangent,TotEmiss,ISI,TotEmiss__ISI,0.8831255597378094,0.7662511194756187,8978.3,7163,8262,1
points_high,5,20251205,0.03,80,243,inequalities_only,TAC,TotEmiss,TAC__TotEmiss,0.77951650103064,0.5590330020612799,716.3000021655315,7163,0,2
points_high,5,20251205,0.03,80,243,inequalities_only,TAC,ISI,TAC__ISI,0.7458564797747098,0.4917129595494196,736.3950200527149,7163,0,3
points_high,5,20251205,0.03,80,243,inequalities_only,TotEmiss,ISI,TotEmiss__ISI,0.881989668064342,0.763979336128684,716.3,7163,0,1
