grouping,orientation,mode,primary,swept,retained,retained_index,retained_fraction,retained_target,epsilon_index,epsilon_fraction,swept_target,swept_min_bound,retained_active,retained_normalized_error,swept_normalized_slack,attempts,successful_starts,termination,raw_status,solve_time_s,scalarized_objective,TAC,TotEmiss,ISI,NetCapture,max_abs_equality,max_abs_source_carbon_diagnostic,max_inequality_violation,epsilon_violation,TAC_normalized,TotEmiss_normalized,ISI_normalized,z1,z2,z3,z4,z5,z6,z7,z8,z9,z10,z11,z12,z13,z14,z15,z16,z17,z18,z19,z20,z21,z22,z23,z24,z25,z26,z27,z28,z29,z30,z31,z32,z33,z34,z35,z36,z37,z38,z39,z40,z41,z42,z43,z44,z45,z46,z47,z48,z49,z50,z51,z52,z53,z54,z55,z56,z57,z58,z59,z60,z61,z62,z63,z64,z65,z66,z67,z68,z69,z70,z71,z72,z73,z74,z75,z76,z77,z78,z79,z80,z81,z82
TAC + total emissions,TAC_primary,full_TAC,TAC,TotEmiss,ISI,1,0.0,4.169098759633046,1,1.0,125.4509461836066,124.46116998169904,true,9.978048874028407e-9,0.010648132140197506,3,3,LOCALLY_SOLVED,Solve_Succeeded,0.015637708,0.9425324505642989,3.324288586411521e7,124.46119446825017,4.16909892115278,503.57998744093067,2.436146522606058e-16,1.5922526291542861e-16,9.975828567920832e-9,9.978048874028407e-9,0.941543098686461,0.9893518678598023,9.978048874028407e-9,1.0000000098050748,0.47767485976288815,-9.421443279092002e-9,-9.969354067315818e-9,-9.778148272601688e-9,-6.517311259522462e-9,-3.088056645338688e-9,-6.670569822740301e-10,-9.776686410508163e-9,-6.517008650427518e-9,-3.0873159667182644e-9,-6.670457161258858e-10,-9.777090586483251e-9,-6.516938655484848e-9,-3.0871532299076306e-9,-6.670382426792457e-10,-9.77853330990535e-9,-6.517304868261624e-9,-3.087880031606919e-9,-6.670542072781972e-10,-9.777115423279907e-9,-6.5170745417375984e-9,-3.0873546916945817e-9,-6.670445598465359e-10,-9.779122107168715e-9,-6.517412852260991e-9,-3.088105019592166e-9,-6.670590914118476e-10,2.7622958752934924e-8,3.4262619803487686e-9,1.1781801073068184e-8,-1.0682299665113573e-9,0.9999996684633883,0.4776749716514556,4.287632206333004e-8,7.268810592063735e-8,1.826196983050331e-7,-9.708420647256552e-9,-9.303923580821775e-9,-9.935191442765027e-9,1.905604585400656e-8,1.6370812426221853e-9,1.4613226884621959e-8,1.2257947081161997e-10,1.6570105352960424e-7,-8.891252704478799e-9,-7.388673982676192e-9,-9.746021324321226e-9,1.1527147707966082e-8,2.940954060039764e-10,1.4161696112247453e-8,1.4344270973110198e-9,-1.0864609191779648e-9,-9.924087599727384e-9,-9.607287341053695e-9,-9.910560879499873e-9,-1.0862984900564619e-9,-9.923626808605539e-9,-9.604983007567934e-9,-9.910393496727446e-9,-1.0863433984981387e-9,-9.923520225397379e-9,-9.604476715268183e-9,-9.910282462663077e-9,-1.0865037011005939e-9,-9.924077867580201e-9,-9.606737876110414e-9,-9.910519650990357e-9,-1.0863461581422114e-9,-9.923727143100434e-9,-9.605103485272032e-9,-9.91037631771996e-9,-1.0865691230187455e-9,-9.924242297761053e-9,-9.60743783873118e-9,-9.910592215261736e-9,-1.3793671818545277e-12,0.6849075691718008,-4.5859398178420225e-12,-1.3725772862837564e-10,-4.005272873897295e-9,-1.8616561732656867e-10
TAC + total emissions,TAC_primary,full_TAC,TAC,TotEmiss,ISI,1,0.0,4.169098759633046,2,0.5,124.95605808265282,124.46116998169904,true,9.776500850076878e-9,0.0053239044133448635,3,3,LOCALLY_SOLVED,Solve_Succeeded,0.012532208,0.9425330422467678,3.324290515676564e7,124.46119725108879,4.16909891789022,503.57998769377673,4.776757887462858e-16,4.776757887462858e-16,9.774989722783183e-9,9.776500850076878e-9,0.9415436903391926,0.9893518977986577,9.776500850076878e-9,1.0000000082905587,0.4776748670231874,-4.106557560327471e-9,-9.731799586341984e-9,-8.090542136200634e-9,-6.101463707226481e-9,-2.1456874193961205e-9,-6.211158901985952e-10,-7.995477349570456e-9,-6.081490882120009e-9,-2.1117428552979674e-9,-6.20456421325789e-10,-8.030946900018142e-9,-6.087349058827581e-9,-2.1212195998278068e-9,-6.206044127872672e-10,-8.072354682853165e-9,-6.096777140149624e-9,-2.136316582766408e-9,-6.20917168175068e-10,-8.04144180313718e-9,-6.090833547184252e-9,-2.1263115684932537e-9,-6.207301129867227e-10,-8.165937164512411e-9,-6.116512199096494e-9,-2.169547593517446e-9,-6.216242940130469e-10,3.6118947107352e-8,5.375017081191131e-9,1.013454842459043e-8,-2.9628676139243322e-9,0.9999996943497905,0.47767495846231467,2.2835787263270064e-8,7.373607529330839e-8,1.617137076704568e-7,-7.695774573408826e-9,-5.1726728388106106e-9,-9.476796172602669e-9,4.974027428129458e-8,5.038984540060674e-9,9.630325520252633e-9,-4.2334175582093355e-9,1.0700614199979396e-7,-3.6750998761754433e-9,9.652125702027433e-10,-8.438726286227483e-9,1.3135808727507107e-8,1.7850488724176633e-9,1.0166969046174278e-8,7.188986431706378e-10,-8.989491262445145e-10,-9.290865190549412e-9,-6.675471971454597e-9,-9.228007511521986e-9,-8.883863721744947e-10,-9.260452025046377e-9,-6.569866660927009e-9,-9.218209688268864e-9,-8.923274333353488e-10,-9.269372430487452e-9,-6.599349866130954e-9,-9.220408418553683e-9,-8.969282980947958e-10,-9.283728827046019e-9,-6.6463182574954915e-9,-9.225055070029581e-9,-8.934935336819086e-10,-9.274678355939654e-9,-6.615191546423455e-9,-9.222275964374165e-9,-9.073263516124897e-10,-9.313779939533297e-9,-6.749703624276498e-9,-9.235560939622413e-9,-1.1803938537496224e-12,0.6849075619938083,-4.248335809945474e-12,-1.299108280482228e-10,-9.41739363028059e-9,-1.7433358576367796e-10
TAC + total emissions,TAC_primary,full_TAC,TAC,TotEmiss,ISI,1,0.0,4.169098759633046,3,0.0,124.46116998169904,124.46116998169904,true,1.1026642385758231e-8,-1.3689374960867066e-8,3,3,LOCALLY_SOLVED,Solve_Succeeded,0.082004334,0.9426968212209836,3.324824568119921e7,124.46117125413652,4.169098938126894,503.57998477385524,1.9961195903307783e-9,7.215585063870258e-10,1.2094320502436902e-8,1.3689374960867066e-8,0.9417074695918436,0.9893516181133803,1.1026642385758231e-8,1.000000010001846,0.4776748108972403,-9.999999812501197e-9,-9.999999989924527e-9,-9.99999993705015e-9,-6.4995601625377816e-9,-3.2017773419998525e-9,-6.649679491633536e-10,-9.999999936991335e-9,-6.4976652440682784e-9,-3.2014589974446984e-9,-6.64880917773466e-10,-9.999999936991335e-9,-6.497901835970409e-9,-3.2013696843418953e-9,-6.648472903863052e-10,-9.999999936991335e-9,-6.497503244252534e-9,-3.201339132474087e-9,-6.648357555650627e-10,-9.999999936991335e-9,-6.497509350448068e-9,-3.201338164158407e-9,-6.648353044881233e-10,-9.99999993700027e-9,-6.4976450786305795e-9,-3.2013462655261734e-9,-6.648384798944097e-10,-9.999932561709416e-9,3.294148831125339e-8,-9.999991446051925e-9,-6.329646170858301e-9,0.9999994394603028,0.4776749171375871,-9.99995004307713e-9,8.085523593861814e-8,5.033613772831049e-7,-9.99999998023592e-9,-9.99999995200082e-9,-9.999999995612075e-9,-6.394146684988131e-10,-9.99999214721237e-9,5.724089458978748e-8,-1.099826774029841e-9,1.570072367463515e-7,-9.999999920710257e-9,-9.99999980591445e-9,-9.999999982257663e-9,-9.999555751444927e-9,-9.999992608339027e-9,5.1969049628107455e-8,-2.6694872165288027e-11,-1.49298241282332e-9,-9.999999972150298e-9,-9.999999813782283e-9,-9.999999848437647e-9,-1.4929824128167048e-9,-9.99999997199662e-9,-9.999999811288218e-9,-9.999999846311856e-9,-1.4929824128166986e-9,-9.999999972017608e-9,-9.999999810547685e-9,-9.999999845427118e-9,-1.492982412816749e-9,-9.999999971971189e-9,-9.999999810217861e-9,-9.999999845032027e-9,-1.4929824128167468e-9,-9.999999971982686e-9,-9.999999810285003e-9,-9.99999984510937e-9,-1.4929824128176583e-9,-9.999999971975286e-9,-9.999999810217861e-9,-9.999999845032027e-9,-9.99999997195402e-9,0.6849074665631597,8.1098245242216e-8,-9.999999994761626e-9,-9.999999991211837e-9,-9.999999995644853e-9
TAC + total emissions,TAC_primary,full_TAC,TAC,TotEmiss,ISI,2,0.26666905738540103,8.485805928423412,1,1.0,125.4509461836066,49.50266494783018,true,8.017305147854762e-9,0.04898977904075041,3,3,LOCALLY_SOLVED,Solve_Succeeded,0.6430825,0.6935708595181036,2.5117284931356955e7,120.89731018415553,8.485806058203593,503.5799880291594,3.1845052583085723e-16,3.1845052583085723e-16,9.681544430785537e-9,8.017305147854762e-9,0.6923531802317416,0.9510102209592496,0.2666690654027062,1.000000003546657,0.5231024460021907,2.750925912831131e-7,-7.780219927042243e-9,9.786643659548542e-10,1.9246688265618306e-8,1.0434693297409022e-8,2.5089830803079326e-10,4.13009661913834e-9,0.1262673964613028,1.4509834488621698e-8,5.680694201095391e-10,9.201449855646532e-10,1.9662487047607444e-8,1.2085826582316342e-8,6.284146489400503e-10,8.552260428403672e-10,1.882075151412719e-8,1.1884002518896087e-8,6.122684451740888e-10,3.5007294771479746e-9,0.08108847105869009,1.4454836006352656e-8,4.764051250384571e-10,7.709429627060582e-10,1.7721746720182894e-8,1.1627978047593538e-8,5.911818818155164e-10,4.199657199012619e-8,-7.659643126643361e-9,-5.442516659420801e-9,-9.571888510641952e-9,0.9999993207096912,-7.53546019123017e-9,-5.363170659846753e-9,-9.563053102153526e-9,4.069132208040485e-8,-8.517256211283165e-9,-6.77800999581285e-9,-9.681544430785537e-9,3.9302986296654165e-8,-7.883611250928923e-9,-5.6013412826885065e-9,-9.551035506085752e-9,5.108630139823323e-7,-7.856849751819436e-9,-5.851658379105311e-9,-9.619575475978152e-9,3.758773321937383e-8,-7.041692622984598e-9,-4.1924144982355636e-9,-9.382179905831222e-9,1.0874048510609488e-10,2.9307457131736965e-8,3.2463490258605844e-8,3.727632005028928e-9,4.5889962434870427e-10,0.19227080824789292,4.514170729793417e-8,8.439888527341721e-9,1.0223833172940586e-10,2.994060527703861e-8,3.7600349367206386e-8,9.336446212823602e-9,9.502511587115188e-11,2.8658871623784587e-8,3.697245228101004e-8,9.096559756872175e-9,3.889699419053304e-10,0.12347562638482353,4.4970600908652706e-8,7.078019000571363e-9,8.566032918956198e-11,2.6985387051187585e-8,3.617593170362434e-8,8.78327367268767e-9,7.662136113691072e-15,0.3686404584621934,5.770123711209549e-14,-2.057944539263859e-13,0.11352402152260169,-2.780006698790617e-13
TAC + total emissions,TAC_primary,full_TAC,TAC,TotEmiss,ISI,2,0.26666905738540103,8.485805928423412,2,0.5,87.4768055657184,49.50266494783018,true,9.450886245369801e-9,0.18883288542048365,3,3,LOCALLY_SOLVED,Solve_Succeeded,0.232394,0.7039435495832808,2.547340000617492e7,69.92464995759293,8.485806081409697,503.579987677048,4.776757887462858e-16,4.776757887462858e-16,9.791352398606266e-9,9.450886245369801e-9,0.7032742539084749,0.40262660796963645,0.26666906683628727,1.0000000081313944,0.42206729224871065,1.7616827990320117e-8,-9.439555137792232e-9,-6.382054059192122e-9,2.1569139433021666e-8,1.8820402359731976e-9,2.442814072819648e-10,-6.134516548234752e-9,0.16730586040226125,2.4856241071816536e-9,5.363504165660228e-10,-6.134516250525104e-9,2.8270638492944935e-8,2.5628882874970686e-9,8.061703969439005e-10,-6.374033179561858e-9,2.104934130488126e-8,2.3027491890209863e-9,6.507261438618757e-10,-6.3737861093544004e-9,2.3521263577838687e-8,1.9581230488544367e-9,2.686564852588433e-10,-6.425820074429621e-9,1.238115276395013e-8,2.0917309545127157e-9,5.414537423535291e-10,4.63844525071034e-8,-6.113146415777412e-9,-5.946683005909545e-9,-9.623620917577235e-9,0.0973912890951951,-6.982099699558889e-9,-6.4310841399664755e-9,-9.669904664599587e-9,0.9026085804771455,-8.76591415640583e-9,-7.790105496217585e-9,-9.791352398606266e-9,4.8401580487932996e-8,-7.240165912028106e-9,-6.320328985454892e-9,-9.64129689680259e-9,4.846586354833286e-8,-8.059008942862176e-9,-7.155191230052831e-9,-9.737718797822137e-9,3.7334631155894324e-8,3.0792402058155428e-9,-3.348308646798793e-9,-9.302501996890278e-9,-7.091171176880133e-10,3.2843916863919356e-8,5.855236289694393e-9,3.6293237653320474e-9,-6.816129498038609e-10,0.25476119652162504,7.733052777898478e-9,7.96863476040948e-9,-6.816129167250113e-10,4.304847225062069e-8,7.973430227768656e-9,1.197738875459509e-8,-7.082259088402062e-10,3.205240607788737e-8,7.1641085880652904e-9,9.667931280233582e-9,-7.081984565949331e-10,3.581646953898163e-8,6.091938374213803e-9,3.991467780988529e-9,-7.139800082699576e-10,1.8853118981469515e-8,6.5076074140395595e-9,8.044455600681002e-9,-7.266147020477276e-15,0.17541002175755027,0.23016518053384152,-1.738563847293046e-12,-5.916890393653954e-12,-2.3933420343878375e-12
TAC + total emissions,TAC_primary,full_TAC,TAC,TotEmiss,ISI,2,0.26666905738540103,8.485805928423412,3,0.0,49.50266494783018,49.50266494783018,true,9.479533450996905e-9,-8.241757858350708e-9,3,3,LOCALLY_SOLVED,Solve_Succeeded,0.014811041,0.7661680351179807,2.7509584283741627e7,49.50266571390764,8.485806081873424,503.5799876489446,4.776757887462858e-16,4.776757887462858e-16,9.8106004461943e-9,9.479533450996905e-9,0.7657184470560938,0.18291899502199813,0.26666906686493447,1.0000000082746583,0.357808306687916,9.115595302125403e-9,-9.479609516541585e-9,-8.137997022277316e-9,-5.085542787663126e-9,-6.462756810312328e-10,-3.072531379635886e-10,-7.707254610003599e-9,-3.780400577973732e-9,3.2850383780029917e-10,-9.159626129746346e-11,-6.5441320299311645e-9,0.0560558146286669,3.9480835869857625e-9,3.025254343201622e-9,-7.83387445847619e-9,-4.3925495623668195e-9,4.61519604161949e-11,-1.469321970527425e-10,-7.266983392401351e-9,-4.2171600791989597e-10,1.5189732847785789e-9,2.807477284077811e-10,-8.426623807458144e-9,-5.573716366258978e-9,-1.1674044635058031e-9,-3.9786849564727416e-10,-4.540142601104589e-9,3.2929782430884305e-8,4.545928915273001e-10,-8.5897629905742e-9,2.1664436889560483e-9,0.216394747511944,-1.4508774975104174e-9,-9.17294284667569e-9,0.9999999945611101,-8.444895714027908e-9,-7.670878678727002e-9,-9.79957596202273e-9,-7.155905697125018e-10,3.171606353668803e-8,-4.827220733751616e-10,-8.961685135296978e-9,7.427192867864061e-8,7.200768302587929e-9,-3.911886474685297e-9,-9.483949825101757e-9,-6.450351390554837e-9,1.1987973473250724e-8,5.617677863627027e-9,-9.318455770081055e-10,-9.042218913641458e-10,-7.743894699396124e-9,-2.0106354520971686e-9,-4.564903764030459e-9,-8.56361623333733e-10,-5.756519061914546e-9,1.022011939823153e-9,-1.3608587392766e-9,-7.271257811034623e-10,0.0853577177300155,1.2282926715066815e-8,4.4946635956138386e-8,-8.70430495386243e-10,-6.688655015422202e-9,1.435838768503841e-10,-2.1829926419264597e-9,-8.074425991557053e-10,-6.42158466605296e-10,4.725694663755579e-9,4.171109107772746e-9,-9.362915341620158e-10,-8.487249921348898e-9,-3.631924997573609e-9,-5.9111890781880735e-9,-4.194823728446565e-14,0.1947552449539551,0.30545020487099417,-6.409871851069102e-12,-2.5079319530227267e-11,-9.920610240962452e-12
TAC + total emissions,TAC_primary,full_TAC,TAC,TotEmiss,ISI,3,1.0,20.35660551843815,1,1.0,125.45094618360662,32.50021056866753,false,3.3306803314180227e-6,0.3994783862575105,3,3,LOCALLY_SOLVED,Solve_Succeeded,0.037298291,0.0016005209237972902,2.5409878623650083e6,88.31913631870225,20.356551603027775,503.5800243954284,1.2631870857957337e-16,2.260449863409024e-22,8.35267642516659e-9,0.0,2.6407351317749883e-9,0.6005216137424896,0.9999966693196686,0.9999990783806358,0.4585278712030875,2.9137162523597995e-6,9.616615129803e-7,1.5331501266066113e-8,3.6930390750662998e-9,3.1155857693388935e-8,1.932344037858375e-9,1.4189790324196187e-8,3.723778514455367e-9,2.8998123894834632e-8,2.209798663580216e-9,1.1931942006253913e-8,3.850845895310497e-9,2.5080352675457838e-8,3.018274917374712e-9,1.1877975073331776e-8,3.816181664148994e-9,2.4999898818905203e-8,2.9985693044649275e-9,3.7378517484852293e-6,0.1817587561451609,5.455536115654546e-7,4.998540643392248e-8,1.1755858170213918e-8,3.7383791100139934e-9,2.4820745530137523e-8,2.954740832740441e-9,1.0725346390980574e-8,-5.03505067038164e-9,4.896025254054831e-9,-8.35267642516659e-9,9.913437350497962e-9,-4.925906430386348e-9,4.529828953191357e-9,-8.184060837319077e-9,8.28628670182408e-9,-4.9919881818755295e-9,2.8492503634972375e-9,-7.958133359675257e-9,8.247024188842864e-9,-4.958800197168216e-9,2.9463510363610637e-9,-7.93008462468377e-9,0.9999948075628546,7.733301086737762e-8,9.727556482090989e-8,1.3811356993023242e-9,8.158114080834534e-9,-4.885899557325156e-9,3.1616945326060815e-9,-7.866652484081682e-9,1.703500140674012e-9,5.623491318850955e-9,9.692933504609891e-8,2.8709111419610138e-8,1.5766433693551314e-9,5.670299101557035e-9,9.021638545059663e-8,3.283129443033463e-8,1.325771334028212e-9,5.863788067859165e-9,7.802776387920215e-8,4.484294162956715e-8,1.3197750081479747e-9,5.811003897681421e-9,7.777746299214951e-8,4.4550172523478915e-8,4.153168609428031e-7,0.2767690150392223,1.6972779026480807e-6,7.42640324161134e-7,1.3062064633571017e-9,5.692531826612217e-9,7.722009720487228e-8,4.3899006657857975e-8,8.468601532996655e-15,1.4892327157465056e-15,1.7826380939419016e-14,1.423150444625626e-13,0.6511289370734716,2.1533138208066358e-13
TAC + total emissions,TAC_primary,full_TAC,TAC,TotEmiss,ISI,3,1.0,20.35660551843815,3,0.0,32.50021056866753,32.50021056866753,false,0.6331074739056403,-8.381298403422572e-9,3,3,LOCALLY_SOLVED,Solve_Succeeded,0.016451208,0.2882514865059177,1.1928347183920333e7,32.500211347715386,10.108174005540572,503.57998877021583,1.5922526291542861e-16,1.5922526291542861e-16,9.252680221392648e-9,8.381298403422572e-9,0.28788459397144206,8.381298403422572e-9,0.3668925260943597,0.9999999823356043,0.34788624612719293,1.1453783182786065e-6,4.179654235454356e-7,-4.457817395243674e-9,-3.914773523172606e-9,5.969407203961563e-9,6.107801108727232e-11,-5.77917363481457e-9,-4.732361210977627e-9,3.1761933648783176e-9,-1.4425257260869143e-10,2.2491549277544032e-8,0.13790088166667933,2.2692679576129905e-7,2.709887400214888e-8,-5.128267495512179e-9,-4.306502041113559e-9,4.501070756161589e-9,-3.877055657625652e-11,-4.157128813086819e-9,-3.6725497381403902e-9,7.03547864305992e-9,1.33652579854263e-10,-5.760513785857922e-9,-4.701122928515638e-9,3.173904538625174e-9,-1.4310154782945417e-10,3.8322197054378423e-10,-8.541754378148734e-10,2.7210775696354712e-8,-1.746828652227055e-9,-3.463143511338552e-9,-4.350125959798611e-9,1.795583228660182e-8,1.9865643522488133e-9,0.9999999921900727,-3.1877286463620114e-9,-2.8752341808872314e-10,-9.252680221392648e-9,-1.7514223647658978e-9,-2.4842583135780107e-9,2.116965780483124e-8,2.632838876575138e-10,1.4965422795849184e-9,-2.6663651277944513e-10,3.076482746152048e-8,-2.810036475949195e-9,-3.4181647654244195e-9,-4.040565338838116e-9,1.756858623455741e-8,1.8979391287499016e-9,-4.953130439159636e-10,-5.961132410285559e-9,1.8571489078991528e-8,9.0744473615376e-10,-6.421304038682853e-10,-7.206095480352296e-9,9.88149046851032e-9,-2.143181078757701e-9,2.4990610308382252e-9,0.20998543344698897,7.059944757018192e-7,4.026118423176404e-7,-5.698074995013529e-10,-6.557628108059283e-9,1.400333124139161e-8,-5.760196977043825e-10,-4.619032014540908e-10,-5.592291646713775e-9,2.1888155778408634e-8,1.9856954721204785e-9,-6.400570873175466e-10,-7.158528095694266e-9,9.874369675722764e-9,-2.1260801391804613e-9,1.6744064050927718e-14,-1.903119350260187e-15,0.3791109026392475,-7.988874472569884e-13,-1.9240101425776352e-13,-3.2728246880870475e-12
TAC + ISI,TAC_primary,full_TAC,TAC,ISI,TotEmiss,1,0.0,32.50021056866753,1,1.0,20.35660551843815,10.108165052680418,true,8.622399278275864e-9,0.6331076813785336,3,3,LOCALLY_SOLVED,Solve_Succeeded,0.016005375,0.2882514777877985,1.1928346906396767e7,32.50021137012589,10.10817064707171,503.57998834912956,4.776757887462858e-16,4.776757887462858e-16,9.547922975941704e-9,8.622399278275864e-9,0.2878845854605547,8.622399278275864e-9,0.3668923186214664,0.9999999857130624,0.34788641430247536,6.370269127553337e-7,2.485384239289628e-7,-4.906368269695641e-9,-4.126812314818981e-9,5.337819868069616e-9,1.2843572993136007e-11,-5.885343847317891e-9,-4.733120955753052e-9,3.147802315532228e-9,-1.4589199647040954e-10,1.832033699858384e-8,0.13790094678036488,1.0417891820032394e-7,1.6708671353406106e-8,-5.437294974885036e-9,-4.410007690504979e-9,3.912988014516735e-9,-6.998758475148049e-11,-4.019367519011286e-9,-3.4312907530163586e-9,8.085935848334906e-9,2.0721333334651716e-10,-6.0694914508350975e-9,-4.80917807205834e-9,2.6015456903783305e-9,-1.838779216381365e-10,7.451436352241481e-10,1.0926240302981945e-10,2.9219390469987997e-8,-2.1262863749117086e-9,-2.852658876214981e-9,-3.245950293572553e-9,2.042851810737557e-8,1.2451750542173377e-9,0.9999999958091313,-6.710543269047529e-9,-4.614139872783369e-9,-9.547922975941704e-9,-1.3781016861858397e-9,-9.624167633465963e-10,1.8888332789630295e-8,1.0045791671359559e-10,5.667379545996955e-9,2.903957959221607e-9,3.294481762087599e-8,-4.963506302021078e-9,-3.391688400672676e-9,-2.9046758791681195e-9,1.695939723194016e-8,1.7282560374326524e-9,-5.451520299661821e-10,-6.28400966120163e-9,1.6606550700661025e-8,1.9081879875516351e-10,-6.53927094146432e-10,-7.2072523644421465e-9,9.793162759433598e-9,-2.1675382332746558e-9,2.035592999842648e-9,0.20998553259737376,3.2411218995656337e-7,2.48243117250605e-7,-6.041438860983371e-10,-6.7152389832689455e-9,1.2173740489607619e-8,-1.0398155448791385e-9,-4.4659639100125393e-10,-5.224920010274909e-9,2.515624486148637e-8,3.0785980954339683e-9,-6.743879389816771e-10,-7.323066609725198e-9,8.09369770339925e-9,-2.7319005500523136e-9,6.00717097792864e-15,-8.156216495317103e-16,0.37911089556518995,-3.08282669863805e-13,1.2432998733392413e-13,-1.3598409819549903e-12
TAC + ISI,TAC_primary,full_TAC,TAC,ISI,TotEmiss,1,0.0,32.50021056866753,2,0.5,15.232385285559285,10.108165052680418,true,8.622399278275864e-9,0.31655366788962364,3,3,LOCALLY_SOLVED,Solve_Succeeded,0.016371583,0.28825147778779836,1.1928346906396762e7,32.50021137012589,10.108170647071455,503.57998834912956,3.1845052583085723e-16,3.1845052583085723e-16,9.547922973399168e-9,8.622399278275864e-9,0.2878845854605545,8.622399278275864e-9,0.36689231862145066,0.9999999857130625,0.34788641430248285,6.370269088244728e-7,2.4853840862949844e-7,-4.9063682711729676e-9,-4.1268123154915444e-9,5.337819848058498e-9,1.2843562634536228e-11,-5.885343846556522e-9,-4.733120955126101e-9,3.1478023074281995e-9,-1.4589200227870497e-10,1.832033698277813e-8,0.13790094678036774,1.0417891723445082e-7,1.670867043879694e-8,-5.437294974520543e-9,-4.4100076903993905e-9,3.9129880034814844e-9,-6.998759228560997e-11,-4.019367516698563e-9,-3.431290750639102e-9,8.08593582844313e-9,2.072133172803536e-10,-6.069491450947357e-9,-4.80917807213141e-9,2.601545681822875e-9,-1.83877926699444e-10,7.451436588015113e-10,1.0926245794107173e-10,2.9219390573405356e-8,-2.12628639651737e-9,-2.8526588605612224e-9,-3.245950263004423e-9,2.0428518193157475e-8,1.2451750377957794e-9,0.9999999958091313,-6.710543273825049e-9,-4.614139878319433e-9,-9.547922973399168e-9,-1.3781016654525024e-9,-9.624167263697047e-10,1.888833283241247e-8,1.0045790471342582e-10,5.667379626099378e-9,2.903958046113817e-9,3.2944817668171187e-8,-4.963506330567951e-9,-3.391688389577542e-9,-2.904675853896099e-9,1.6959397276051767e-8,1.7282560279400602e-9,-5.451520301303294e-10,-6.28400966222576e-9,1.6606550638404213e-8,1.908186448559668e-10,-6.539270940618356e-10,-7.207252363487471e-9,9.793162734221063e-9,-2.167538319569331e-9,2.035592998086458e-9,0.20998553259737818,3.241121869516248e-7,2.482431036621259e-7,-6.041438860578379e-10,-6.7152389831081614e-9,1.2173740455275731e-8,-1.0398156568147768e-9,-4.465963907442846e-10,-5.224920006654995e-9,2.5156244799600845e-8,3.078597856736682e-9,-6.743879389941506e-10,-7.3230666098364656e-9,8.093697676782277e-9,-2.7319006252488815e-9,6.007170952051176e-15,-8.15621652892421e-16,0.37911089556519,-3.082826720264359e-13,1.243299778175871e-13,-1.3598409854506121e-12
TAC + ISI,TAC_primary,full_TAC,TAC,ISI,TotEmiss,1,0.0,32.50021056866753,3,0.0,10.108165052680418,10.108165052680418,true,9.271926211434569e-9,-9.502031803421032e-9,3,3,LOCALLY_SOLVED,Solve_Succeeded,0.016669125,0.28825146877645574,1.1928346623492623e7,32.500211430499895,10.108165206494622,503.57998760379746,4.5113824492704774e-17,5.126570965080088e-17,9.846461398945203e-9,9.502031803421032e-9,0.2878845767846596,9.271926211434569e-9,0.3668919825241804,1.0000000080898939,0.3478866206470473,6.005005604293692e-9,-9.501436072950503e-9,-8.516323291063446e-9,-5.851725446020708e-9,-1.5453138719715296e-9,-4.6344835661412954e-10,-8.412459915133716e-9,-5.764104636772542e-9,-1.3749923166594483e-9,-4.393042597584574e-10,-5.297051636127301e-9,0.13790099724914084,5.041226261082652e-9,3.75342382212075e-9,-8.492181609472238e-9,-5.836138713395072e-9,-1.4816444674372974e-9,-4.5357750392879883e-10,-7.939933898136867e-9,-5.234459145198785e-9,-6.286590483871871e-10,-3.247012924591966e-10,-8.562630954833111e-9,-5.886288461148397e-9,-1.5803944857646745e-9,-4.689789517072473e-10,-5.0168917165149915e-9,2.350519797694587e-8,4.9541031469606785e-9,-5.015868709577724e-9,-3.612934005891917e-9,2.9929248238371465e-8,3.8680885559989905e-9,-7.485319686449595e-9,1.0000000061727072,-8.641981889449584e-9,-8.022101160354346e-9,-9.839281774139363e-9,-4.733596032790512e-9,1.8174922201695787e-8,6.954501453393867e-9,-3.345289845068204e-9,7.325150198844284e-8,1.3763896379390678e-8,-2.1986999843833696e-9,-9.296293399890261e-9,-5.503581170979269e-9,9.3002391127617e-9,6.902645079131978e-9,5.5061085106904526e-11,-9.462581434514936e-10,-8.910581929167896e-9,-4.8076431572447575e-9,-6.88551844112421e-9,-9.347177683481905e-10,-8.777159333267281e-9,-4.277753874051617e-9,-6.5268061449827945e-9,-5.885612929030332e-10,0.20998560944755537,1.568381503447936e-8,5.576515392865114e-8,-9.435757343858038e-10,-8.88684758630613e-9,-4.60956056536048e-9,-6.738865772656438e-9,-8.822148775707627e-10,-7.970653698370877e-9,-1.9558281505379156e-9,-4.8241334879652064e-9,-9.51403439425901e-10,-8.963211974930512e-9,-4.916782844601209e-9,-6.967687282507672e-9,-5.2389308070617847e-14,-6.657170140931292e-16,0.37911087422722206,-7.916697481426858e-12,-2.924816304853446e-11,-1.5952390034478145e-11
TAC + ISI,TAC_primary,full_TAC,TAC,ISI,TotEmiss,2,0.4616986907820919,75.41544350931727,2,0.5,13.611823989288201,6.867042460138251,false,0.2565327030007292,-8.227645791564087e-10,3,3,LOCALLY_SOLVED,Solve_Succeeded,0.24281075,0.2393237097558122,1.0319159276588941e7,51.5705400561108,13.611824002606708,503.5799902492995,1.5922526291542861e-16,1.5922526291542861e-16,8.897184402024486e-9,8.227645791564087e-10,0.23853520963364738,0.20516598778136272,0.5833341343834401,0.999999980290432,0.3856866100121526,1.1133951935618006e-6,5.616276020297195e-9,1.4316241112003944e-8,9.065254462174351e-9,2.8271307625879524e-8,3.660244246507522e-10,1.4288663808067342e-8,9.357682512453917e-9,2.8357950430835277e-8,3.989454721347547e-10,7.406063674393363e-8,4.9316172629411494e-8,6.553731165043373e-8,1.0583276042402331e-9,1.3672607155279795e-8,9.481592355652178e-9,2.7729976267189353e-8,4.757949807700021e-10,7.406013330821077e-8,0.15288470613026375,8.937686934315218e-8,8.761050621576468e-10,1.2976956265874509e-8,8.72755947007763e-9,2.6758991419740565e-8,4.55793754077699e-10,2.0562826725233286e-8,-5.2488972140039e-9,1.5580027076861193e-9,-8.878086775191657e-9,2.051691270052858e-8,-5.42405249374248e-9,1.0480898035183559e-9,-8.897184402024486e-9,0.9783396903218052,-3.8894583010824665e-9,4.123767478303605e-9,-8.480090742725146e-9,1.9501012403649628e-8,-5.3568505087717656e-9,1.0351178055866575e-9,-8.79959163847146e-9,0.02165998503955006,1.1605579003870433e-10,9.427295822644017e-9,-8.309726457708224e-9,1.837583779419743e-8,-4.746378614200282e-9,2.5141366910026584e-9,-8.596191689503357e-9,1.5906934568893262e-9,1.380391020376549e-8,8.795517928051407e-8,5.438077166239746e-9,1.5876293120074818e-9,1.4249198371236645e-8,8.822473467370974e-8,5.927189871716355e-9,8.228959638214843e-9,7.509508104933112e-8,2.0389385846801606e-7,1.572372440585489e-8,1.5191785728088656e-9,1.4437879268833996e-8,8.62710372757002e-8,7.0689540000114595e-9,8.228903700912305e-9,0.23280171160744703,2.7806137128980675e-7,1.3016418066342178e-8,1.4418840295416116e-9,1.328969282943639e-8,8.325019552808175e-8,6.7717929177258125e-9,2.1869093377881566e-14,5.7977500213656515e-15,0.2494766824928585,1.3504677189432143e-13,0.22263042769358288,2.301722556231797e-13
TAC + ISI,TAC_primary,full_TAC,TAC,ISI,TotEmiss,2,0.4616986907820919,75.41544350931727,3,0.0,6.867042460138251,6.867042460138251,true,7.504880267459505e-10,-8.690077016395435e-9,3,3,LOCALLY_SOLVED,Solve_Succeeded,0.037750583,0.9165627752707352,3.24078360364425e7,75.41544357907568,6.867042600808931,503.57998801073853,6.369010516617145e-16,6.369010516617145e-16,9.537063724285082e-9,8.690077016395435e-9,0.9159344083033911,0.46169869153258,0.16666827581142804,1.0000000058328224,0.3958540071496286,1.5358937233766925e-7,-8.615656992056685e-9,-3.641538247236767e-9,6.5394360494461404e-9,4.9277716647438115e-9,2.3254602856201008e-10,-1.629968073389817e-9,0.02309915184640823,7.936875344343154e-9,7.383260758518033e-10,-1.6299676191681492e-9,5.04206871239289e-8,8.016024672414989e-9,8.657082938937456e-10,-3.1321171212529165e-9,1.1582454811499602e-8,5.890629248405341e-9,4.5557603545616934e-10,-2.8990653102829934e-9,1.7885783020651298e-8,6.103797354969917e-9,3.990390657956587e-10,-4.78429587067209e-9,-6.787895158512728e-10,3.323257220615756e-9,6.174290631879498e-11,1.6273974378422824e-8,1.0745454850072726e-8,2.0043185577884914e-9,-8.713178421796589e-9,0.2196580422587491,0.33758091198948464,3.2461507162638037e-9,-8.712950340487198e-9,0.7803418987681219,-7.170422753133087e-9,-5.1569776365377106e-9,-9.537063724285082e-9,2.7983665049890396e-8,2.165579273871968e-9,5.391396863947854e-10,-8.850680159588458e-9,3.647367569408763e-8,-4.225818078027561e-9,-2.821432368670542e-9,-9.305541933204711e-9,3.760138569102864e-9,1.6982765498179627e-8,6.962711859848236e-9,-7.149979991620096e-9,-4.0461536080408506e-10,9.95777762074753e-9,1.5330845179202966e-8,3.454969567207006e-9,-1.811075637099796e-10,0.03517370849339435,2.469250107128981e-8,1.0969415984083932e-8,-1.811075132409054e-10,7.677695539325536e-8,2.4938743425291074e-8,1.2861951794992789e-8,-3.4801301347254613e-10,1.7636919826601664e-8,1.8326402106149948e-8,6.768558241063087e-9,-3.2211836780922135e-10,2.723516959962811e-8,1.898959177101752e-8,5.928580406106929e-9,-5.315884300746765e-10,-1.0336113082280744e-9,1.0339022464137907e-8,9.173231795935253e-10,-1.1606802878258385e-15,0.3806248414847604,0.1989872022902502,-2.147309788650663e-12,-7.0260660953376526e-12,-3.081062501219428e-12
TAC + ISI,TAC_primary,full_TAC,TAC,ISI,TotEmiss,3,1.0,125.4509461836066,1,1.0,20.35660551843815,4.169098759633046,false,0.3994783862575103,3.3306803314180227e-6,3,3,LOCALLY_SOLVED,Solve_Succeeded,0.041843416,0.0016005209237972902,2.5409878623650083e6,88.31913631870225,20.356551603027775,503.5800243954284,1.2631870857957337e-16,5.032034588719504e-22,8.352676425166594e-9,0.0,2.6407351317749883e-9,0.6005216137424896,0.9999966693196686,0.9999990783806358,0.4585278712030875,2.913716252359717e-6,9.616615129799402e-7,1.5331501266066e-8,3.693039075066462e-9,3.1155857693389365e-8,1.9323440378582604e-9,1.4189790324196137e-8,3.7237785144555715e-9,2.8998123894835052e-8,2.209798663580083e-9,1.1931942006253944e-8,3.850845895310718e-9,2.508035267545825e-8,3.0182749173745636e-9,1.1877975073331776e-8,3.8161816641491966e-9,2.499989881890557e-8,2.998569304464771e-9,3.737851748478036e-6,0.1817587561451609,5.455536115654347e-7,4.998540643390054e-8,1.1755858170213907e-8,3.738379110014183e-9,2.4820745530137853e-8,2.9547408327402792e-9,1.0725346390980674e-8,-5.035050670381613e-9,4.896025254054845e-9,-8.352676425166594e-9,9.91343735049808e-9,-4.925906430386321e-9,4.529828953191366e-9,-8.184060837319086e-9,8.286286701824244e-9,-4.9919881818755146e-9,2.849250363497217e-9,-7.958133359675261e-9,8.247024188843007e-9,-4.958800197168187e-9,2.9463510363610935e-9,-7.930084624683762e-9,0.9999948075628546,7.733301086736371e-8,9.727556482090022e-8,1.381135699302166e-9,8.158114080834663e-9,-4.885899557325114e-9,3.16169453260614e-9,-7.866652484081664e-9,1.7035001406739993e-9,5.623491318851203e-9,9.692933504610025e-8,2.8709111419608437e-8,1.5766433693551258e-9,5.670299101557347e-9,9.021638545059794e-8,3.283129443033266e-8,1.3257713340282155e-9,5.863788067859501e-9,7.802776387920343e-8,4.484294162956494e-8,1.3197750081479745e-9,5.8110038976817315e-9,7.777746299215066e-8,4.455017252347659e-8,4.1531686094200385e-7,0.2767690150392223,1.6972779026480189e-6,7.42640324160808e-7,1.3062064633571002e-9,5.692531826612507e-9,7.722009720487332e-8,4.3899006657855573e-8,8.468601534937749e-15,1.4892327208324897e-15,1.7826380934578812e-14,1.4231504446021418e-13,0.6511289370734716,2.1533138208025741e-13
TAC + ISI,TAC_primary,full_TAC,TAC,ISI,TotEmiss,3,1.0,125.4509461836066,2,0.5,12.2628521390356,4.169098759633046,false,0.873832138833583,-6.302437252961601e-9,3,3,LOCALLY_SOLVED,Solve_Succeeded,0.416722083,0.26117943194627075,1.1037125416015964e7,44.22760607504949,12.262852241056345,503.5799885390003,1.5922526291542861e-16,1.5922526291542861e-16,9.357712273262812e-9,6.302437252961601e-9,0.2605532640788019,0.12616786116641693,0.5000000063024372,0.9999999980779678,0.37113194202545896,5.447357531415882e-7,-5.360777427378223e-9,7.1517812168905e-9,1.514551162904812e-8,1.8566475371557254e-8,2.5208114290135237e-10,7.062890949730058e-9,1.5540758190569528e-8,1.9099272119523564e-8,3.3137100011966447e-10,1.9303688537671172e-8,0.049319137792497435,2.8645781177096292e-8,9.509243257217544e-10,6.606771010650808e-9,1.5085975450888438e-8,1.9727533341480214e-8,5.701973621412485e-10,1.649330498129828e-8,0.09779618264644716,3.171042167036587e-8,5.231310789006442e-10,6.292213596557937e-9,1.3842242803069433e-8,1.9003595589899284e-8,5.4040905015351e-10,3.212855330695272e-8,-6.5823955790184035e-9,-2.8434406666335657e-9,-9.325663790454348e-9,3.157998880755097e-8,-6.921547203132517e-9,-3.4167801697362187e-9,-9.354436779433998e-9,0.9999993791075628,-6.9462296536927735e-9,-3.972881008712965e-9,-9.357712273262812e-9,2.8897841973158976e-8,-6.837053501998583e-9,-3.1355814146890064e-9,-9.23599471262135e-9,4.292952021165437e-7,-6.262383743770782e-9,-2.6749968763117656e-9,-9.337801746779476e-9,2.7168096347183694e-8,-5.923363767405555e-9,-1.4276703875652821e-9,-8.986403775274425e-9,7.946423574322775e-10,2.3062483616959635e-8,5.776236782262257e-8,3.745205551677235e-9,7.847656610811172e-10,2.3664336335639962e-8,5.941995770518441e-8,4.923226287492157e-9,2.144854281963463e-9,0.07509959618403017,8.912020810652178e-8,1.412801855358035e-8,7.340856678500895e-10,2.2971826254761944e-8,6.1374548173494e-8,8.471503666098549e-9,1.8325894423664748e-9,0.1489169144843627,9.865464519669382e-8,7.772233172238141e-9,6.991348440619927e-10,2.1077960631946634e-8,5.9122297390797765e-8,8.028934459423577e-9,7.815991545736531e-15,3.461110147450267e-15,0.29938705081567557,-5.874753150771888e-14,0.13691480308498857,-7.178278284979031e-14
TAC + ISI,TAC_primary,full_TAC,TAC,ISI,TotEmiss,3,1.0,125.4509461836066,3,0.0,4.169098759633046,4.169098759633046,false,0.010648132137209504,-9.974404257695105e-9,3,3,LOCALLY_SOLVED,Solve_Succeeded,0.015467625,0.9425324509442173,3.3242885876503635e7,124.4611944685279,4.1690989210937826,503.5799874409391,3.1845052583085723e-16,3.1845052583085723e-16,9.975821885506127e-9,9.974404257695105e-9,0.9415430990663801,0.9893518678627904,9.974404257695105e-9,1.000000009805025,0.47767485976346574,-9.421294489140424e-9,-9.969346285936031e-9,-9.778091182572669e-9,-6.5172980249867486e-9,-3.088022861961663e-9,-6.670553188890574e-10,-9.776628571072962e-9,-6.516995266533575e-9,-3.0872818442050753e-9,-6.670440473125005e-10,-9.777032961045029e-9,-6.516925233647779e-9,-3.0871190409728796e-9,-6.670365701185926e-10,-9.778476369214241e-9,-6.517291634645629e-9,-3.0878462152536037e-9,-6.6705254317236e-10,-9.777057825328433e-9,-6.51706119793657e-9,-3.0873206225713645e-9,-6.670428910148264e-10,-9.779065526837033e-9,-6.517399686670105e-9,-3.0880713472101457e-9,-6.670574305279067e-10,2.762322291655269e-8,3.4261855411454104e-9,1.178233389819959e-8,-1.0683078170813627e-9,0.9999996684722103,0.4776749716510203,4.287524270940217e-8,7.268816304318624e-8,1.8261892701877901e-7,-9.708346184492616e-9,-9.303749197032044e-9,-9.93517486899588e-9,1.9057040939871457e-8,1.6374346310806699e-9,1.4612765164573123e-8,1.223911620278653e-10,1.656913164772856e-7,-8.890986228108501e-9,-7.388074445125838e-9,-9.745958665520344e-9,1.152714364408123e-8,2.9428923526472564e-10,1.4161241990894232e-8,1.4344061340063117e-9,-1.0864545758414072e-9,-9.92406744713891e-9,-9.607182237214061e-9,-9.910536166351708e-9,-1.0862920634525508e-9,-9.923606428585215e-9,-9.604876848638011e-9,-9.910368702928576e-9,-1.0863369956716696e-9,-9.923499787600028e-9,-9.604370349693401e-9,-9.910257613190517e-9,-1.0864973743571375e-9,-9.924057716392205e-9,-9.606632669677878e-9,-9.910494927132204e-9,-1.0863397583698253e-9,-9.923706824130684e-9,-9.604997492444243e-9,-9.910351523648849e-9,-1.0865628363152254e-9,-9.92422225015675e-9,-9.607333080209343e-9,-9.910567539271756e-9,-1.379003283153895e-12,0.6849075691735315,-4.584732582860208e-12,-1.3722156585948916e-10,-4.00819486974306e-9,-1.8611559251657728e-10
Total emissions + ISI,TotEmiss_primary,full_TotEmiss,TotEmiss,ISI,TAC,1,0.0,2.540987776255747e6,3,0.0,20.356514351845963,20.356514351845963,true,1.5604679443202093e-9,-9.791373792728278e-9,3,1,LOCALLY_SOLVED,Solve_Succeeded,0.0755385,0.6015206014229122,2.5409877253719075e6,88.31904274557802,20.356514510343892,503.5799879107742,9.022764898540955e-17,6.29004323589938e-23,9.777429874070791e-9,9.791373792728278e-9,-1.5604679443202093e-9,0.6005206070465919,0.9999943778806943,1.000000003986456,0.458527579508964,3.354634637325405e-7,-6.889708927893702e-9,-4.05742749694618e-9,1.419492495218864e-9,8.585853215748726e-9,1.7481620851333064e-10,-2.671531461273817e-9,1.2579576920084648e-8,1.3978083973903514e-8,4.999418452298767e-10,-2.460597759498477e-9,1.6301644224658987e-8,1.5250354800675133e-8,5.957019159145073e-10,-2.9006644638141126e-9,9.745488985428495e-9,1.3328058785087379e-8,4.787550128470195e-10,-8.590254903507081e-10,0.18175864340439546,2.308372691064637e-8,1.0203398900038106e-9,-6.104562295091882e-9,-3.7982467350789526e-9,3.1152891640663317e-9,-1.7171055735309148e-10,9.568804436134277e-9,1.4021134925634504e-8,7.913364669898302e-9,-8.349342079287539e-9,4.237263307596112e-8,-3.9711811090483545e-9,-1.4137515386569615e-9,-9.266140478231584e-9,5.5579352793182607e-8,-8.834858620620654e-9,-7.514866953647792e-9,-9.777429874070791e-9,3.250225872417893e-8,2.6545254257121715e-10,1.7273950819151198e-9,-8.999467979992164e-9,0.9999998879821982,-5.681278709478583e-9,-3.4136550819671653e-9,-9.453285901242712e-9,-2.847892382144158e-9,5.495808569971367e-9,2.020602494891956e-8,-2.2384310411053807e-9,-4.5082527743846426e-10,2.161499935901452e-9,2.671154333788492e-8,2.5972693836266268e-9,-2.96836829030424e-10,1.9155264855583437e-8,4.348737236325537e-8,7.427707414843882e-9,-2.733997510553863e-10,2.4822958251185274e-8,4.7445548268767076e-8,8.850428465015537e-9,-3.2229605153490135e-10,1.4839721864175206e-8,4.1465071775827394e-8,7.112931619441432e-9,-9.54472767056342e-11,0.27676884336578395,7.181603927756648e-8,1.515933550862804e-8,-6.782846994546533e-10,-5.78369389205204e-9,9.692010732650809e-9,-2.551128280674502e-9,4.806888708447848e-14,3.151667758958448e-14,1.0036245957221805e-12,-4.340021528291038e-12,0.6511286913235393,-9.900540028674962e-12
Total emissions + ISI,TotEmiss_primary,full_TotEmiss,TotEmiss,ISI,TAC,2,0.7432093444048824,2.6775606012740787e7,3,0.0,7.406630271823749,7.406630271823749,true,5.3609179370052774e-9,-6.446759725177149e-9,5,1,LOCALLY_SOLVED,Solve_Succeeded,0.637018834,0.9725592935013551,2.6775606187549945e7,122.81264015208004,7.406630376180716,503.57998797438614,3.1845052583085723e-16,3.1845052583085723e-16,9.75014283117762e-9,6.446759725177149e-9,0.7432093497658003,0.9716160822819507,0.200001869638549,1.000000003349505,0.5202611268991632,4.799895750880261e-7,-5.797249178672844e-9,-4.266730746749693e-9,1.2424578029203746e-10,8.858788246718318e-9,6.831888299211986e-11,-5.156220365597062e-10,0.12870437437285856,2.9503741660744856e-8,8.422917714701724e-10,-2.0636882064093877e-9,1.9009057432697537e-8,1.9987570578328396e-8,5.729336382094631e-10,-2.915173188528131e-9,7.149672873001329e-9,1.49807566624391e-8,3.7067470203560636e-10,-6.135252987121272e-10,0.053581569888382995,3.051120569086857e-8,8.372472230620601e-10,-6.096431542549692e-9,-3.870898885426505e-9,3.4063426984536256e-9,-1.9765419143299028e-10,4.5090036990287415e-9,1.435480788431369e-8,1.2276130910469877e-8,-7.880030870309776e-9,0.9999981926250455,0.060403339342053455,9.815763970252341e-9,-8.59514196431795e-9,3.947295685622174e-8,-8.700723035646813e-9,-7.210576073646842e-9,-9.75014283117762e-9,1.819454812087118e-8,4.466529034949058e-9,5.640411688577154e-9,-8.63690476132278e-9,1.770223768695831e-6,-4.651954710601789e-9,-2.072369069070487e-9,-9.358564055317195e-9,-3.374516678293803e-9,2.5262147937732408e-9,2.0630102007060188e-8,-1.1211982567052117e-9,-4.74081194083299e-10,1.8919243817196616e-10,2.7560674545345874e-8,1.0150234044543522e-9,-5.729133739552289e-11,0.19598166097685277,9.178941850009509e-8,1.2514049176128275e-8,-2.29298689601043e-10,2.8945610181607614e-8,6.2183552910355e-8,8.512156910540593e-9,-3.239081320586811e-10,1.0887001874797475e-8,4.660679850536608e-8,5.507167001671865e-9,-6.816947763468078e-11,0.0815901177845832,9.492375103825777e-8,1.2439101599779178e-8,-6.773812825055211e-10,-5.894323302808541e-9,1.059751061741128e-8,-2.936576558432998e-9,2.178844878288902e-14,0.42519647356505097,3.65971804258563e-13,-1.4639632254105053e-12,0.07501487344646764,-3.5898358660552094e-12
Total emissions + ISI,TotEmiss_primary,full_TotEmiss,TotEmiss,ISI,TAC,3,1.0,3.514905227239132e7,3,0.0,4.169098759633046,4.169098759633046,false,0.05844183495660734,-8.978035121424796e-9,3,3,LOCALLY_SOLVED,Solve_Succeeded,0.04622325,0.9902933784986121,3.3243377148853756e7,124.46119004981728,4.16909890496505,503.579987934186,1.5922526291542861e-16,1.5922526291542861e-16,9.705885027304338e-9,8.978035121424796e-9,0.9415581650433926,0.9893518203245907,8.978035121424796e-9,1.0000000041545427,0.47767485658524056,3.8123217073298145e-8,-9.025728665624128e-9,-5.2826446430217126e-9,-4.737171786118895e-9,4.4603744067930694e-10,5.102684940989e-11,-4.085349577800077e-9,-4.13243940268299e-9,1.1634056898259393e-9,3.7474703432921106e-10,-4.421268212063509e-9,-4.30558549709274e-9,9.946538087801759e-10,2.8487526047672717e-10,-5.074631008184194e-9,-4.624232789122795e-9,6.221711249393336e-10,1.1572853527895765e-10,-4.496990739287786e-9,-4.339833942884244e-9,9.568395089751324e-10,2.659389641206005e-10,-7.124565029600529e-9,-5.554063677376956e-9,-7.656177380743078e-10,-2.9622574097168846e-10,1.551607813676165e-8,4.675830325956313e-9,8.34067568208665e-9,-2.119439887365587e-9,0.9999997526002106,0.4776749382757849,1.5251478597049694e-8,9.848116958413041e-10,1.4769903820077572e-7,-8.664715375044276e-9,-7.095420266412911e-9,-9.705885027304338e-9,2.3102328584856883e-8,3.922360186855591e-9,7.642107520284994e-9,-4.770360134181941e-9,1.0340326637227485e-7,-5.758456475800315e-9,-2.4008452595819057e-9,-9.062765768205907e-9,-4.293657820851908e-9,-6.002851504129441e-9,2.335540366577574e-9,3.0241832850994187e-9,-5.869605158913012e-10,-7.2134206743174076e-9,1.3876720376689548e-9,7.581131912326512e-10,-4.5392773086667505e-10,-6.292578181358189e-9,3.6194843683473666e-9,5.567670224319706e-9,-4.912520235626119e-10,-6.556232461482127e-9,3.094478516204991e-9,4.232432441368517e-9,-5.638478897982436e-10,-7.041445383436984e-9,1.93564349981126e-9,1.7193953812873705e-9,-4.996656376986427e-10,-6.60838350393737e-9,2.976834027922634e-9,3.95109318122035e-9,-7.916183366222808e-10,-8.457324236005819e-9,-2.381921851786735e-9,-4.401068151579371e-9,-1.4796715307657247e-11,0.6849073846055769,6.928536380769432e-11,-9.388613918494231e-9,-9.031547168727251e-9,-9.491387745186387e-9
