scenario,objective_i,objective_j,pair,orca_adjacency_01,orca_signed_correlation,raw_gradient_cosine,total_interaction_weight,group_i_k2,group_j_k2,same_group_k2,delta_orca_signed_vs_baseline,delta_raw_cosine_vs_baseline
baseline,TAC,TotEmiss,TAC__TotEmiss,0.7794489059216849,0.5588978118433698,0.5781260266097232,166.59601941374763,1,2,False,0.0,0.0
baseline,TAC,ISI,TAC__ISI,0.6252010827198962,0.2504021654397923,0.2642657136852472,167.69364391602699,1,2,False,0.0,0.0
baseline,TotEmiss,ISI,TotEmiss__ISI,0.8296077258088072,0.6592154516176143,0.6675846299588086,165.70000000000005,2,2,True,0.0,0.0
capture_low,TAC,TotEmiss,TAC__TotEmiss,0.7790065439918155,0.5580130879836309,0.5771254591017925,167.49675488574889,1,2,False,-0.0008847238597389229,-0.0010005675079307608
capture_low,TAC,ISI,TAC__ISI,0.623962519700478,0.247925039400956,0.26204597785559564,168.7634123819778,1,2,False,-0.002477126038836319,-0.00221973582965157
capture_low,TotEmiss,ISI,TotEmiss__ISI,0.8296297697078159,0.6592595394156318,0.6675846299588086,166.60000000000002,2,2,True,4.408779801745588e-05,0.0
capture_high,TAC,TotEmiss,TAC__TotEmiss,0.7602122698434328,0.5204245396868656,0.5394601015108134,164.69617317024017,1,2,False,-0.0384732721565042,-0.03866592509890987
capture_high,TAC,ISI,TAC__ISI,0.6007427329837544,0.20148546596750871,0.21639066580776814,165.80849402994707,1,2,False,-0.04891669947228361,-0.047875047877479066
capture_high,TotEmiss,ISI,TotEmiss__ISI,0.8296760477151907,0.6593520954303813,0.6675846299588086,163.8,2,2,True,0.0001366438127670122,0.0
capture_near_limit,TAC,TotEmiss,TAC__TotEmiss,0.7743377227203214,0.5486754454406428,0.5634427207309171,164.59451729518696,1,2,False,-0.010222366402727001,-0.014683305878806174
capture_near_limit,TAC,ISI,TAC__ISI,0.623069273941191,0.2461385478823821,0.2547860643869249,164.57286484242576,1,2,False,-0.004263617557410226,-0.00947964929832229
capture_near_limit,TotEmiss,ISI,TotEmiss__ISI,0.8296515996435375,0.659303199287075,0.6675846299588086,164.5,2,2,True,8.774766946073598e-05,0.0
efficiency_low,TAC,TotEmiss,TAC__TotEmiss,0.7778692989596271,0.5557385979192542,0.5754159345396002,166.49912305395992,1,2,False,-0.003159213924115667,-0.0027100920701230713
efficiency_low,TAC,ISI,TAC__ISI,0.6227993995221595,0.24559879904431892,0.26025404130597674,167.78108392554105,1,2,False,-0.004803366395473407,-0.00401167237927047
efficiency_low,TotEmiss,ISI,TotEmiss__ISI,0.8295933654415053,0.6591867308830106,0.6675846299588086,165.60000000000002,2,2,True,-2.8720734603693288e-05,0.0
efficiency_high,TAC,TotEmiss,TAC__TotEmiss,0.7844228985602619,0.5688457971205239,0.5845661574297377,166.0626678108221,1,2,False,0.009947985277154014,0.006440130820014489
efficiency_high,TAC,ISI,TAC__ISI,0.6346870746904942,0.26937414938098847,0.2778310737357484,165.87784153801778,1,2,False,0.018971983941196147,0.013565360050501185
efficiency_high,TotEmiss,ISI,TotEmiss__ISI,0.8296162326508664,0.6592324653017327,0.6675846299588086,165.80000000000004,2,2,True,1.7013684118438732e-05,0.0
grid_low,TAC,TotEmiss,TAC__TotEmiss,0.7779744881737033,0.5559489763474066,0.5755969577859794,166.70123739175517,1,2,False,-0.0029488354959632535,-0.0025290688237438186
grid_low,TAC,ISI,TAC__ISI,0.6252471385849169,0.25049427716983375,0.26423476301936216,167.82731466876604,1,2,False,9.211173004142204e-05,-3.095066588504336e-05
grid_low,TotEmiss,ISI,TotEmiss__ISI,0.8165904096942833,0.6331808193885666,0.6418766391325001,165.80000000000402,2,2,True,-0.02603463222904767,-0.02570799082630848
grid_high,TAC,TotEmiss,TAC__TotEmiss,0.7659335293561109,0.5318670587122218,0.5496781278709145,166.48493857756083,1,2,False,-0.027030753131148,-0.028447898738808708
grid_high,TAC,ISI,TAC__ISI,0.6124750547189398,0.22495010943787963,0.23825522031101629,167.482228165815,1,2,False,-0.025452056001912693,-0.02601049337423092
grid_high,TotEmiss,ISI,TotEmiss__ISI,0.8499671304132271,0.6999342608264543,0.7077115594940692,165.60000000000002,2,2,True,0.04071880920883997,0.040126929535260536
power_price_high,TAC,TotEmiss,TAC__TotEmiss,0.7794489918429889,0.5588979836859778,0.5781261982518695,166.5960194066189,1,2,False,1.7184260792113548e-07,1.7164214627385377e-07
power_price_high,TAC,ISI,TAC__ISI,0.6252016008006963,0.2504032016013926,0.26426678278175214,167.69364356798653,1,2,False,1.036161600298513e-06,1.069096504935363e-06
power_price_high,TotEmiss,ISI,TotEmiss__ISI,0.8296077258088072,0.6592154516176143,0.6675846299588086,165.70000000000005,2,2,True,0.0,0.0
capacity_low,TAC,TotEmiss,TAC__TotEmiss,0.7661827438538371,0.5323654877076742,0.5511755001195909,165.88890855453892,1,2,False,-0.026532324135695617,-0.0269505264901323
capacity_low,TAC,ISI,TAC__ISI,0.6106480524491408,0.22129610489828155,0.2338157111351343,166.4428844791427,1,2,False,-0.02910606054151077,-0.030450002550112903
capacity_low,TotEmiss,ISI,TotEmiss__ISI,0.8271101731807959,0.6542203463615919,0.662745759562737,165.00000000000003,2,2,True,-0.004995105256022425,-0.004838870396071671
sink_loss_high,TAC,TotEmiss,TAC__TotEmiss,0.7678557804622719,0.5357115609245438,0.5545103441255756,166.2811623802983,1,2,False,-0.02318625091882609,-0.023615682484147582
sink_loss_high,TAC,ISI,TAC__ISI,0.613312017022957,0.22662403404591402,0.2382286229731147,166.15030395187569,1,2,False,-0.0237781313938783,-0.026037090712132505
sink_loss_high,TotEmiss,ISI,TotEmiss__ISI,0.8197258909337426,0.6394517818674852,0.6476162742419391,165.4,2,2,True,-0.01976366975012911,-0.0199683557168695
