scenario,varied_parameter,parameter_value,solve_type,termination,primal_status,solve_time_s,solver_converged,residuals_feasible,accepted,TAC,TotEmiss,ISI,NetCapture,capture_fraction_achieved,max_abs_equality,max_abs_source_carbon_diagnostic,max_inequality_violation
baseline,baseline,1.0,feasibility,LOCALLY_SOLVED,FEASIBLE_POINT,2.311976042,true,true,true,1.1951963421349032e7,82.89142182906986,14.589537343328354,655.6963010636423,0.5208279129938777,2.2556912246352386e-16,2.0506283860320352e-16,3.634704656542428e-9
baseline,baseline,1.0,TAC,LOCALLY_SOLVED,FEASIBLE_POINT,0.068260167,true,true,true,9.077184685277019e6,121.29979212609419,33.98343805078173,503.5801976461368,0.4000001569928407,2.093680252700111e-16,3.616719781454438e-21,8.24663787760416e-9
baseline,baseline,1.0,TotEmiss,LOCALLY_SOLVED,FEASIBLE_POINT,0.010208042,true,true,true,1.0815980166267505e7,34.62525343204514,10.39533581816444,503.5800218850421,0.4000000173835673,5.126570965080088e-17,1.0253141930160176e-16,6.218973159097008e-9
baseline,baseline,1.0,ISI,LOCALLY_SOLVED,FEASIBLE_POINT,0.003939125,true,true,true,1.0812714107767869e7,43.26012558432838,9.684501632058875,503.57999439266297,0.39999999554602084,3.14502161794969e-23,2.516017294359752e-22,7.952760890195786e-9
baseline,baseline,1.0,MaxCapture,LOCALLY_SOLVED,FEASIBLE_POINT,0.003772166,true,true,true,1.2834188098678889e7,90.01013541109799,37.638269578755924,1097.8341388781253,0.8720236219692007,1.3191176752252857e-16,1.3191176752252857e-16,6.461442682720925e-9
capture_low,capture_fraction,0.2,feasibility,LOCALLY_SOLVED,FEASIBLE_POINT,0.004512625,true,true,true,1.1845836135767449e7,82.87169531135731,14.585868360921266,655.6867514258473,0.5208203275950969,1.5922526291542861e-16,3.075942579048053e-16,3.783272911589789e-9
capture_low,capture_fraction,0.2,TAC,LOCALLY_SOLVED,FEASIBLE_POINT,0.054217875,true,true,true,8.410768912756132e6,63.19807207417765,15.99846964044966,251.79016391454604,0.20000013019940907,1.5922526291542861e-16,1.5922526291542861e-16,8.252499153394666e-9
capture_low,capture_fraction,0.2,TotEmiss,LOCALLY_SOLVED,FEASIBLE_POINT,0.003995791,true,true,true,9.736438570695052e6,15.368861499639848,6.994242555275109,251.79004821350404,0.20000003829659957,3.1845052583085723e-16,3.1845052583085723e-16,6.144860845472667e-9
capture_low,capture_fraction,0.2,ISI,LOCALLY_SOLVED,FEASIBLE_POINT,0.004032959,true,true,true,9.371516609838495e6,38.725841575051966,6.66366095726765,251.7900128434223,0.2000000102016937,2.2556912246352386e-16,1.5922526291542861e-16,7.646172555055535e-9
capture_low,capture_fraction,0.2,MaxCapture,LOCALLY_SOLVED,FEASIBLE_POINT,0.003758,true,true,true,1.2834188174687175e7,90.01013541000192,37.638269578571524,1097.8341388794759,0.8720236219702735,3.1845052583085723e-16,3.957353025675857e-16,6.461442928891798e-9
capture_high,capture_fraction,0.6,feasibility,LOCALLY_SOLVED,FEASIBLE_POINT,0.003856709,true,true,true,1.2164696313837182e7,94.28806242608145,18.1944693256671,755.3699899089287,0.5999999919845337,2.0506283860320352e-16,1.5922526291542861e-16,8.015466314960687e-9
capture_high,capture_fraction,0.6,TAC,LOCALLY_SOLVED,FEASIBLE_POINT,0.048741584,true,true,true,1.0539286180084722e7,294.3815047382984,69.68031741260481,755.3747570812156,0.600003778610124,1.5922526291542861e-16,2.0506283860320352e-16,8.239441826105506e-9
capture_high,capture_fraction,0.6,TotEmiss,LOCALLY_SOLVED,FEASIBLE_POINT,0.003672458,true,true,true,1.166362764435951e7,57.666878422857074,15.00669579279679,755.3700218851081,0.6000000173836197,1.804552979708191e-16,1.481408422483738e-17,6.219542800680125e-9
capture_high,capture_fraction,0.6,ISI,LOCALLY_SOLVED,FEASIBLE_POINT,0.005307292,true,true,true,1.1705839676652344e7,66.53386471956526,14.202883486494338,755.3699943926612,0.5999999955460195,3.588599675556062e-17,1.0253141930160176e-16,7.94251373600369e-9
capture_high,capture_fraction,0.6,MaxCapture,LOCALLY_SOLVED,FEASIBLE_POINT,0.0035625,true,true,true,1.2834194818946796e7,90.01013533919523,37.638269566070925,1097.8341389672676,0.8720236220400076,1.4246470892433086e-16,1.1851267379869903e-16,6.461462845307871e-9
capture_near_limit,capture_fraction,0.85,feasibility,LOCALLY_SOLVED,FEASIBLE_POINT,0.004281375,true,true,true,1.345028693520388e7,103.44002573200622,41.1332133097305,1070.1074874746755,0.8499999900509754,4.776757887462858e-16,4.776757887462858e-16,9.949024634969067e-9
capture_near_limit,capture_fraction,0.85,TAC,LOCALLY_SOLVED,FEASIBLE_POINT,0.0417555,true,true,true,1.239171198737552e7,111.101641805808,38.008267593581365,1070.1175934079251,0.8500080173223123,1.804552979708191e-16,2.0506283860320352e-16,8.238879645243843e-9
capture_near_limit,capture_fraction,0.85,TotEmiss,LOCALLY_SOLVED,FEASIBLE_POINT,0.003634792,true,true,true,1.258596884657548e7,86.4710541094035,36.3078244461223,1070.1075218817912,0.8500000173809851,2.0506283860320352e-16,4.1012567720640703e-16,6.2164353561640075e-9
capture_near_limit,capture_fraction,0.85,ISI,LOCALLY_SOLVED,FEASIBLE_POINT,0.003614541,true,true,true,1.2738485081636852e7,87.44692245772893,34.874034769254365,1070.1074886672927,0.8499999909982864,2.849294178486617e-16,2.6382353504505714e-16,9.001713606569698e-9
capture_near_limit,capture_fraction,0.85,MaxCapture,LOCALLY_SOLVED,FEASIBLE_POINT,0.003681666,true,true,true,1.2834190578998817e7,90.0101357390003,37.63826962721173,1097.8341384827754,0.8720236216551693,1.804552979708191e-16,2.0506283860320352e-16,6.461359376188276e-9
capture_infeasible,capture_fraction,0.9,feasibility,LOCALLY_INFEASIBLE,INFEASIBLE_POINT,0.0080225,false,false,false,1.2819402697252125e7,90.00999559077667,37.638238385611935,1097.834309829752,0.8720237577582526,2.4665983541386337e-12,1.2295157676970877e-11,0.027976242241747457
efficiency_low,capture_efficiency,0.8,feasibility,LOCALLY_SOLVED,FEASIBLE_POINT,0.003933208,true,true,true,1.1715425052400311e7,77.72921904350531,14.412388574993184,590.8000571545673,0.4692800009170875,3.1845052583085723e-16,3.1845052583085723e-16,3.4921111500391192e-9
efficiency_low,capture_efficiency,0.8,TAC,LOCALLY_SOLVED,FEASIBLE_POINT,0.04581475,true,true,true,9.077184837251553e6,121.66285029057599,34.45357693319727,503.580200106603,0.4000001589472203,2.093680252700111e-16,2.0506283860320352e-16,8.30586081780971e-9
efficiency_low,capture_efficiency,0.8,TotEmiss,LOCALLY_SOLVED,FEASIBLE_POINT,0.004031458,true,true,true,1.0815391350217031e7,34.859549747896786,10.70808892287511,503.58002132931114,0.40000001694214316,1.1278456123176193e-16,5.126570965080088e-17,6.221651538774722e-9
efficiency_low,capture_efficiency,0.8,ISI,LOCALLY_SOLVED,FEASIBLE_POINT,0.004226583,true,true,true,1.0813227740799394e7,43.420470929020155,9.892092662866727,503.5799937411306,0.39999999502850037,1.1278456123176193e-16,1.258008647179876e-22,7.975284801351838e-9
efficiency_low,capture_efficiency,0.8,MaxCapture,LOCALLY_SOLVED,FEASIBLE_POINT,0.004105667,true,true,true,1.261171440293677e7,83.71312362234332,37.44433019997673,1019.60074655777,0.8098818432485563,1.5922526291542861e-16,2.0506283860320352e-16,6.465948395908472e-9
efficiency_high,capture_efficiency,0.95,feasibility,LOCALLY_SOLVED,FEASIBLE_POINT,0.003724292,true,true,true,1.2035546520363105e7,85.46651250257905,14.677018176500745,688.142033944345,0.5465999713605346,1.0253141930160176e-16,1.0253141930160176e-16,3.855663301578511e-9
efficiency_high,capture_efficiency,0.95,TAC,LOCALLY_SOLVED,FEASIBLE_POINT,0.046522709,true,true,true,9.077185109598055e6,121.14696464724092,33.785515681251255,503.58020444738327,0.4000001623951573,2.093680252700111e-16,1.5922526291542861e-16,8.215751180795547e-9
efficiency_high,capture_efficiency,0.95,TotEmiss,LOCALLY_SOLVED,FEASIBLE_POINT,0.004067917,true,true,true,1.081254088996006e7,34.5265917297651,10.26212417215349,503.58002212451953,0.4000000175737873,9.022764898540955e-17,1.0253141930160176e-16,6.218049702052488e-9
efficiency_high,capture_efficiency,0.95,ISI,LOCALLY_SOLVED,FEASIBLE_POINT,0.004400583,true,true,true,1.0812646057493286e7,43.192610832252825,9.597095053832525,503.57999470893066,0.3999999957972363,3.1845052583085723e-16,3.1845052583085723e-16,8.79828993488383e-9
efficiency_high,capture_efficiency,0.95,MaxCapture,LOCALLY_SOLVED,FEASIBLE_POINT,0.00383075,true,true,true,1.2936632349017318e7,93.13525703491194,37.73452160752971,1136.6602510564355,0.9028636967762306,1.5922526291542861e-16,1.5922526291542861e-16,6.334640742905486e-9
grid_low,power_carbon_intensity,0.183,feasibility,LOCALLY_SOLVED,FEASIBLE_POINT,0.003534959,true,true,true,1.1951132276195187e7,70.13841926855933,14.58950779676072,668.4490744444938,0.5309576031172754,1.1278456123176193e-16,4.1012567720640703e-16,3.644168873795336e-9
grid_low,power_carbon_intensity,0.183,TAC,LOCALLY_SOLVED,FEASIBLE_POINT,0.054082541,true,true,true,9.054039389765855e6,108.61718182533997,33.22493184500521,503.58020038437814,0.40000015916786064,1.5922526291542861e-16,1.5922526291542861e-16,8.246398427277703e-9
grid_low,power_carbon_intensity,0.183,TotEmiss,LOCALLY_SOLVED,FEASIBLE_POINT,0.003823,true,true,true,1.0887885133858925e7,22.904643565246488,10.12557838388359,503.58003381044017,0.40000002685606273,3.1845052583085723e-16,3.1845052583085723e-16,6.115348949589181e-9
grid_low,power_carbon_intensity,0.183,ISI,LOCALLY_SOLVED,FEASIBLE_POINT,0.003853417,true,true,true,1.0770853276453858e7,31.78100693743444,9.495937924325611,503.57999455245266,0.3999999956729438,2.563285482540044e-17,1.258008647179876e-22,7.929240160788644e-9
grid_low,power_carbon_intensity,0.183,MaxCapture,LOCALLY_SOLVED,FEASIBLE_POINT,0.003677375,true,true,true,1.2833869966760837e7,65.00992119491423,37.63827063180216,1122.8343544872241,0.8918816112532063,1.804552979708191e-16,3.5553802139609715e-16,6.397901729152987e-9
grid_high,power_carbon_intensity,0.732,feasibility,LOCALLY_SOLVED,FEASIBLE_POINT,0.003450583,true,true,true,1.195375474416676e7,108.39749875408751,14.589600951425986,630.1907198030943,0.5005685053442109,1.5922526291542861e-16,1.5922526291542861e-16,3.615144954339265e-9
grid_high,power_carbon_intensity,0.732,TAC,LOCALLY_SOLVED,FEASIBLE_POINT,0.050459416,true,true,true,9.246783823857445e6,149.59297439476833,35.92196516938757,503.5800023155323,0.4000000018392567,1.1278456123176193e-16,1.0253141930160176e-16,8.55838048159032e-9
grid_high,power_carbon_intensity,0.732,TotEmiss,LOCALLY_SOLVED,FEASIBLE_POINT,0.003814875,true,true,true,1.0897968854811948e7,59.08976486191019,10.7635525604335,503.5800098503278,0.40000000782424067,1.1278456123176193e-16,5.126570965080088e-17,6.468926198366264e-9
grid_high,power_carbon_intensity,0.732,ISI,LOCALLY_SOLVED,FEASIBLE_POINT,0.004211625,true,true,true,1.0900903125698803e7,67.8701937148455,10.08876316167833,503.5799940730829,0.39999999529217434,9.022764898540955e-17,1.5379712895240266e-16,8.003515469529164e-9
grid_high,power_carbon_intensity,0.732,MaxCapture,LOCALLY_SOLVED,FEASIBLE_POINT,0.004274167,true,true,true,1.2834873815778555e7,140.01055609461204,37.63826840454424,1047.8337078382606,0.8323076435428417,1.804552979708191e-16,1.1851267379869903e-16,6.606587759279204e-9
power_price_high,power_price,0.04,feasibility,LOCALLY_SOLVED,FEASIBLE_POINT,0.003493083,true,true,true,1.1953307749436041e7,82.89142182906986,14.589537343328354,655.6963010636423,0.5208279129938777,2.2556912246352386e-16,2.0506283860320352e-16,3.634704656542428e-9
power_price_high,power_price,0.04,TAC,LOCALLY_SOLVED,FEASIBLE_POINT,0.049324958,true,true,true,9.078296158623414e6,121.29979138039418,33.98343771971278,503.5801974057857,0.40000015680192674,2.2556912246352386e-16,2.0506283860320352e-16,8.246657751670669e-9
power_price_high,power_price,0.04,TotEmiss,LOCALLY_SOLVED,FEASIBLE_POINT,0.003867541,true,true,true,1.0817111050282495e7,34.62525343204514,10.39533581816444,503.5800218850421,0.4000000173835673,5.126570965080088e-17,1.0253141930160176e-16,6.218973159097008e-9
power_price_high,power_price,0.04,ISI,LOCALLY_SOLVED,FEASIBLE_POINT,0.003970416,true,true,true,1.0813847344633315e7,43.26012558432838,9.684501632058875,503.57999439266297,0.39999999554602084,3.14502161794969e-23,2.516017294359752e-22,7.952760890195786e-9
power_price_high,power_price,0.04,MaxCapture,LOCALLY_SOLVED,FEASIBLE_POINT,0.003904958,true,true,true,1.283682288634995e7,90.01013541109799,37.638269578755924,1097.8341388781253,0.8720236219692007,1.3191176752252857e-16,1.3191176752252857e-16,6.461442682720925e-9
capacity_low,sink_capacity_scale,0.8,feasibility,LOCALLY_SOLVED,FEASIBLE_POINT,0.004121041,true,true,true,1.1936019508320697e7,82.89120876461399,16.379186391604346,655.6979359589811,0.5208292116120427,2.819614030794048e-16,6.441004273560965e-20,4.726186654900583e-9
capacity_low,sink_capacity_scale,0.8,TAC,LOCALLY_SOLVED,FEASIBLE_POINT,0.043366042,true,true,true,9.661455053940095e6,154.70213708261122,42.42967431402287,503.5800734746154,0.4000000583618217,3.1845052583085723e-16,3.1845052583085723e-16,8.27842222873546e-9
capacity_low,sink_capacity_scale,0.8,TotEmiss,LOCALLY_SOLVED,FEASIBLE_POINT,0.003677208,true,true,true,1.0816000548158165e7,34.625254085106214,12.115825005827883,503.58002188504156,0.4000000173835669,3.1845052583085723e-16,3.1845052583085723e-16,6.305614220064039e-9
capacity_low,sink_capacity_scale,0.8,ISI,LOCALLY_SOLVED,FEASIBLE_POINT,0.00407375,true,true,true,1.0810577040600203e7,43.260125881333686,11.407381154132352,503.5799941212905,0.39999999533046626,4.5113824492704774e-17,1.258008647179876e-22,8.014643062194059e-9
capacity_low,sink_capacity_scale,0.8,MaxCapture,LOCALLY_SOLVED,FEASIBLE_POINT,0.003878459,true,true,true,1.2834317468293922e7,90.01013583744846,39.81177715923341,1097.8341377768566,0.872023621094449,1.804552979708191e-16,2.0506283860320352e-16,6.538903854375504e-9
sink_loss_high,sink_loss_scale,1.5,feasibility,LOCALLY_SOLVED,FEASIBLE_POINT,0.003564209,true,true,true,1.195665922634767e7,96.9256125311485,14.589690252720317,641.663325917179,0.5096813423227126,1.0253141930160176e-16,6.441004273560965e-20,3.586361095474624e-9
sink_loss_high,sink_loss_scale,1.5,TAC,LOCALLY_SOLVED,FEASIBLE_POINT,0.0419695,true,true,true,9.633491592501333e6,204.12574038426877,38.42933765216086,503.5800298905323,0.40000002374243,4.187360505400222e-16,1.5922526291542861e-16,8.317779491216046e-9
sink_loss_high,sink_loss_scale,1.5,TotEmiss,LOCALLY_SOLVED,FEASIBLE_POINT,0.003667083,true,true,true,1.081240515591782e7,35.69490732634003,10.409923068000818,503.58002188505657,0.4000000173835788,5.126570965080088e-17,6.183364102618527e-18,6.054310228149759e-9
sink_loss_high,sink_loss_scale,1.5,ISI,LOCALLY_SOLVED,FEASIBLE_POINT,0.003692958,true,true,true,1.0835290915600944e7,49.989503365030174,9.795042967869858,503.579994392663,0.3999999955460209,1.5922526291542861e-16,1.5922526291542861e-16,7.928962788487461e-9
sink_loss_high,sink_loss_scale,1.5,MaxCapture,LOCALLY_SOLVED,FEASIBLE_POINT,0.0036565,true,true,true,1.2826889602130873e7,90.990107619551,37.63825643515635,1096.8541672529016,0.8712452180411466,1.804552979708191e-16,2.0506283860320352e-16,6.292885329201528e-9
