method,index_a,index_b,epsilon_TAC,epsilon_TotEmiss,epsilon_ISI,attempts,successful_starts,accepted
full_TAC,1,1,,501.5917758178728,39.94256490926082,3,2,true
full_TAC,1,2,,501.5917758178728,38.68620831539928,3,3,true
full_TAC,1,3,,501.5917758178728,37.42985172153773,3,3,true
full_TAC,1,4,,501.5917758178728,36.17349512767619,3,3,true
full_TAC,1,5,,501.5917758178728,34.91713853381465,3,3,true
full_TAC,1,6,,501.5917758178728,33.660781939953104,3,2,true
full_TAC,1,7,,501.5917758178728,32.404425346091564,3,2,true
full_TAC,1,8,,501.5917758178728,31.14806875223002,10,0,false
full_TAC,1,9,,501.5917758178728,29.891712158368478,10,0,false
full_TAC,1,10,,501.5917758178728,28.635355564506938,10,0,false
full_TAC,1,11,,501.5917758178728,27.378998970645394,10,0,false
full_TAC,1,12,,501.5917758178728,26.12264237678385,10,0,false
full_TAC,1,13,,501.5917758178728,24.86628578292231,10,0,false
full_TAC,1,14,,501.5917758178728,23.609929189060768,3,1,true
full_TAC,1,15,,501.5917758178728,22.353572595199225,10,0,false
full_TAC,1,16,,501.5917758178728,21.09721600133768,10,0,false
full_TAC,1,17,,501.5917758178728,19.84085940747614,10,0,false
full_TAC,1,18,,501.5917758178728,18.5845028136146,3,3,true
full_TAC,1,19,,501.5917758178728,17.328146219753055,3,3,true
full_TAC,1,20,,501.5917758178728,16.071789625891515,3,3,true
full_TAC,1,21,,501.5917758178728,14.815433032029972,3,3,true
full_TAC,1,22,,501.5917758178728,13.559076438168429,3,3,true
full_TAC,1,23,,501.5917758178728,12.302719844306887,3,3,true
full_TAC,1,24,,501.5917758178728,11.046363250445346,3,3,true
full_TAC,1,25,,501.5917758178728,9.790006656583802,3,3,true
full_TAC,1,26,,501.5917758178728,8.533650062722261,3,3,true
full_TAC,1,27,,501.5917758178728,7.2772934688607185,3,3,true
full_TAC,1,28,,501.5917758178728,6.020936874999176,3,3,true
full_TAC,1,29,,501.5917758178728,4.764580281137634,3,3,true
full_TAC,1,30,,501.5917758178728,3.5082236872760917,3,1,true
full_TAC,1,31,,501.5917758178728,2.2518670934145493,3,3,true
full_TAC,2,1,,485.30706858884867,39.94256490926082,3,1,true
full_TAC,2,2,,485.30706858884867,38.68620831539928,3,3,true
full_TAC,2,3,,485.30706858884867,37.42985172153773,3,3,true
full_TAC,2,4,,485.30706858884867,36.17349512767619,3,3,true
full_TAC,2,5,,485.30706858884867,34.91713853381465,3,3,true
full_TAC,2,6,,485.30706858884867,33.660781939953104,3,1,true
full_TAC,2,7,,485.30706858884867,32.404425346091564,3,1,true
full_TAC,2,8,,485.30706858884867,31.14806875223002,10,0,false
full_TAC,2,9,,485.30706858884867,29.891712158368478,10,0,false
full_TAC,2,10,,485.30706858884867,28.635355564506938,10,0,false
full_TAC,2,11,,485.30706858884867,27.378998970645394,10,0,false
full_TAC,2,12,,485.30706858884867,26.12264237678385,10,0,false
full_TAC,2,13,,485.30706858884867,24.86628578292231,10,0,false
full_TAC,2,14,,485.30706858884867,23.609929189060768,3,1,true
full_TAC,2,15,,485.30706858884867,22.353572595199225,10,0,false
full_TAC,2,16,,485.30706858884867,21.09721600133768,10,0,false
full_TAC,2,17,,485.30706858884867,19.84085940747614,10,0,false
full_TAC,2,18,,485.30706858884867,18.5845028136146,3,3,true
full_TAC,2,19,,485.30706858884867,17.328146219753055,3,3,true
full_TAC,2,20,,485.30706858884867,16.071789625891515,3,3,true
full_TAC,2,21,,485.30706858884867,14.815433032029972,3,3,true
full_TAC,2,22,,485.30706858884867,13.559076438168429,3,3,true
full_TAC,2,23,,485.30706858884867,12.302719844306887,3,3,true
full_TAC,2,24,,485.30706858884867,11.046363250445346,3,3,true
full_TAC,2,25,,485.30706858884867,9.790006656583802,3,3,true
full_TAC,2,26,,485.30706858884867,8.533650062722261,3,3,true
full_TAC,2,27,,485.30706858884867,7.2772934688607185,3,3,true
full_TAC,2,28,,485.30706858884867,6.020936874999176,3,3,true
full_TAC,2,29,,485.30706858884867,4.764580281137634,3,3,true
full_TAC,2,30,,485.30706858884867,3.5082236872760917,3,2,true
full_TAC,2,31,,485.30706858884867,2.2518670934145493,6,0,false
full_TAC,3,1,,469.02236135982446,39.94256490926082,3,1,true
full_TAC,3,2,,469.02236135982446,38.68620831539928,3,3,true
full_TAC,3,3,,469.02236135982446,37.42985172153773,3,3,true
full_TAC,3,4,,469.02236135982446,36.17349512767619,3,3,true
full_TAC,3,5,,469.02236135982446,34.91713853381465,3,3,true
full_TAC,3,6,,469.02236135982446,33.660781939953104,3,2,true
full_TAC,3,7,,469.02236135982446,32.404425346091564,3,1,true
full_TAC,3,8,,469.02236135982446,31.14806875223002,10,0,false
full_TAC,3,9,,469.02236135982446,29.891712158368478,10,0,false
full_TAC,3,10,,469.02236135982446,28.635355564506938,10,0,false
full_TAC,3,11,,469.02236135982446,27.378998970645394,10,0,false
full_TAC,3,12,,469.02236135982446,26.12264237678385,10,0,false
full_TAC,3,13,,469.02236135982446,24.86628578292231,10,0,false
full_TAC,3,14,,469.02236135982446,23.609929189060768,3,1,true
full_TAC,3,15,,469.02236135982446,22.353572595199225,10,0,false
full_TAC,3,16,,469.02236135982446,21.09721600133768,10,0,false
full_TAC,3,17,,469.02236135982446,19.84085940747614,10,0,false
full_TAC,3,18,,469.02236135982446,18.5845028136146,3,3,true
full_TAC,3,19,,469.02236135982446,17.328146219753055,3,3,true
full_TAC,3,20,,469.02236135982446,16.071789625891515,3,3,true
full_TAC,3,21,,469.02236135982446,14.815433032029972,3,3,true
full_TAC,3,22,,469.02236135982446,13.559076438168429,3,3,true
full_TAC,3,23,,469.02236135982446,12.302719844306887,3,3,true
full_TAC,3,24,,469.02236135982446,11.046363250445346,3,3,true
full_TAC,3,25,,469.02236135982446,9.790006656583802,3,3,true
full_TAC,3,26,,469.02236135982446,8.533650062722261,3,3,true
full_TAC,3,27,,469.02236135982446,7.2772934688607185,3,3,true
full_TAC,3,28,,469.02236135982446,6.020936874999176,3,3,true
full_TAC,3,29,,469.02236135982446,4.764580281137634,3,3,true
full_TAC,3,30,,469.02236135982446,3.5082236872760917,3,2,true
full_TAC,3,31,,469.02236135982446,2.2518670934145493,5,0,false
full_TAC,4,1,,452.7376541308003,39.94256490926082,3,1,true
full_TAC,4,2,,452.7376541308003,38.68620831539928,3,3,true
full_TAC,4,3,,452.7376541308003,37.42985172153773,3,3,true
full_TAC,4,4,,452.7376541308003,36.17349512767619,3,3,true
full_TAC,4,5,,452.7376541308003,34.91713853381465,3,3,true
full_TAC,4,6,,452.7376541308003,33.660781939953104,3,1,true
full_TAC,4,7,,452.7376541308003,32.404425346091564,3,1,true
full_TAC,4,8,,452.7376541308003,31.14806875223002,10,0,false
full_TAC,4,9,,452.7376541308003,29.891712158368478,10,0,false
full_TAC,4,10,,452.7376541308003,28.635355564506938,10,0,false
full_TAC,4,11,,452.7376541308003,27.378998970645394,10,0,false
full_TAC,4,12,,452.7376541308003,26.12264237678385,10,0,false
full_TAC,4,13,,452.7376541308003,24.86628578292231,10,0,false
full_TAC,4,14,,452.7376541308003,23.609929189060768,3,1,true
full_TAC,4,15,,452.7376541308003,22.353572595199225,10,0,false
full_TAC,4,16,,452.7376541308003,21.09721600133768,10,0,false
full_TAC,4,17,,452.7376541308003,19.84085940747614,10,0,false
full_TAC,4,18,,452.7376541308003,18.5845028136146,3,3,true
full_TAC,4,19,,452.7376541308003,17.328146219753055,3,3,true
full_TAC,4,20,,452.7376541308003,16.071789625891515,3,3,true
full_TAC,4,21,,452.7376541308003,14.815433032029972,3,3,true
full_TAC,4,22,,452.7376541308003,13.559076438168429,3,3,true
full_TAC,4,23,,452.7376541308003,12.302719844306887,3,3,true
full_TAC,4,24,,452.7376541308003,11.046363250445346,3,3,true
full_TAC,4,25,,452.7376541308003,9.790006656583802,3,3,true
full_TAC,4,26,,452.7376541308003,8.533650062722261,3,3,true
full_TAC,4,27,,452.7376541308003,7.2772934688607185,3,3,true
full_TAC,4,28,,452.7376541308003,6.020936874999176,3,3,true
full_TAC,4,29,,452.7376541308003,4.764580281137634,3,3,true
full_TAC,4,30,,452.7376541308003,3.5082236872760917,3,3,true
full_TAC,4,31,,452.7376541308003,2.2518670934145493,5,0,false
full_TAC,5,1,,436.45294690177616,39.94256490926082,3,1,true
full_TAC,5,2,,436.45294690177616,38.68620831539928,3,3,true
full_TAC,5,3,,436.45294690177616,37.42985172153773,3,3,true
full_TAC,5,4,,436.45294690177616,36.17349512767619,3,3,true
full_TAC,5,5,,436.45294690177616,34.91713853381465,3,3,true
full_TAC,5,6,,436.45294690177616,33.660781939953104,3,2,true
full_TAC,5,7,,436.45294690177616,32.404425346091564,3,1,true
full_TAC,5,8,,436.45294690177616,31.14806875223002,10,0,false
full_TAC,5,9,,436.45294690177616,29.891712158368478,10,0,false
full_TAC,5,10,,436.45294690177616,28.635355564506938,10,0,false
full_TAC,5,11,,436.45294690177616,27.378998970645394,10,0,false
full_TAC,5,12,,436.45294690177616,26.12264237678385,10,0,false
full_TAC,5,13,,436.45294690177616,24.86628578292231,10,0,false
full_TAC,5,14,,436.45294690177616,23.609929189060768,3,1,true
full_TAC,5,15,,436.45294690177616,22.353572595199225,10,0,false
full_TAC,5,16,,436.45294690177616,21.09721600133768,10,0,false
full_TAC,5,17,,436.45294690177616,19.84085940747614,10,0,false
full_TAC,5,18,,436.45294690177616,18.5845028136146,3,3,true
full_TAC,5,19,,436.45294690177616,17.328146219753055,3,3,true
full_TAC,5,20,,436.45294690177616,16.071789625891515,3,3,true
full_TAC,5,21,,436.45294690177616,14.815433032029972,3,3,true
full_TAC,5,22,,436.45294690177616,13.559076438168429,3,3,true
full_TAC,5,23,,436.45294690177616,12.302719844306887,3,3,true
full_TAC,5,24,,436.45294690177616,11.046363250445346,3,3,true
full_TAC,5,25,,436.45294690177616,9.790006656583802,3,3,true
full_TAC,5,26,,436.45294690177616,8.533650062722261,3,3,true
full_TAC,5,27,,436.45294690177616,7.2772934688607185,3,3,true
full_TAC,5,28,,436.45294690177616,6.020936874999176,3,3,true
full_TAC,5,29,,436.45294690177616,4.764580281137634,3,3,true
full_TAC,5,30,,436.45294690177616,3.5082236872760917,3,3,true
full_TAC,5,31,,436.45294690177616,2.2518670934145493,5,0,false
full_TAC,6,1,,420.16823967275195,39.94256490926082,3,1,true
full_TAC,6,2,,420.16823967275195,38.68620831539928,3,3,true
full_TAC,6,3,,420.16823967275195,37.42985172153773,3,3,true
full_TAC,6,4,,420.16823967275195,36.17349512767619,3,3,true
full_TAC,6,5,,420.16823967275195,34.91713853381465,3,3,true
full_TAC,6,6,,420.16823967275195,33.660781939953104,3,1,true
full_TAC,6,7,,420.16823967275195,32.404425346091564,3,1,true
full_TAC,6,8,,420.16823967275195,31.14806875223002,10,0,false
full_TAC,6,9,,420.16823967275195,29.891712158368478,10,0,false
full_TAC,6,10,,420.16823967275195,28.635355564506938,10,0,false
full_TAC,6,11,,420.16823967275195,27.378998970645394,10,0,false
full_TAC,6,12,,420.16823967275195,26.12264237678385,10,0,false
full_TAC,6,13,,420.16823967275195,24.86628578292231,10,0,false
full_TAC,6,14,,420.16823967275195,23.609929189060768,3,1,true
full_TAC,6,15,,420.16823967275195,22.353572595199225,10,0,false
full_TAC,6,16,,420.16823967275195,21.09721600133768,10,0,false
full_TAC,6,17,,420.16823967275195,19.84085940747614,10,0,false
full_TAC,6,18,,420.16823967275195,18.5845028136146,3,3,true
full_TAC,6,19,,420.16823967275195,17.328146219753055,3,3,true
full_TAC,6,20,,420.16823967275195,16.071789625891515,3,3,true
full_TAC,6,21,,420.16823967275195,14.815433032029972,3,3,true
full_TAC,6,22,,420.16823967275195,13.559076438168429,3,3,true
full_TAC,6,23,,420.16823967275195,12.302719844306887,3,3,true
full_TAC,6,24,,420.16823967275195,11.046363250445346,3,3,true
full_TAC,6,25,,420.16823967275195,9.790006656583802,3,3,true
full_TAC,6,26,,420.16823967275195,8.533650062722261,3,3,true
full_TAC,6,27,,420.16823967275195,7.2772934688607185,3,3,true
full_TAC,6,28,,420.16823967275195,6.020936874999176,3,3,true
full_TAC,6,29,,420.16823967275195,4.764580281137634,3,3,true
full_TAC,6,30,,420.16823967275195,3.5082236872760917,3,3,true
full_TAC,6,31,,420.16823967275195,2.2518670934145493,5,0,false
full_TAC,7,1,,403.8835324437278,39.94256490926082,3,1,true
full_TAC,7,2,,403.8835324437278,38.68620831539928,3,3,true
full_TAC,7,3,,403.8835324437278,37.42985172153773,3,3,true
full_TAC,7,4,,403.8835324437278,36.17349512767619,3,3,true
full_TAC,7,5,,403.8835324437278,34.91713853381465,3,3,true
full_TAC,7,6,,403.8835324437278,33.660781939953104,3,1,true
full_TAC,7,7,,403.8835324437278,32.404425346091564,3,1,true
full_TAC,7,8,,403.8835324437278,31.14806875223002,10,0,false
full_TAC,7,9,,403.8835324437278,29.891712158368478,10,0,false
full_TAC,7,10,,403.8835324437278,28.635355564506938,10,0,false
full_TAC,7,11,,403.8835324437278,27.378998970645394,10,0,false
full_TAC,7,12,,403.8835324437278,26.12264237678385,10,0,false
full_TAC,7,13,,403.8835324437278,24.86628578292231,10,0,false
full_TAC,7,14,,403.8835324437278,23.609929189060768,3,1,true
full_TAC,7,15,,403.8835324437278,22.353572595199225,10,0,false
full_TAC,7,16,,403.8835324437278,21.09721600133768,10,0,false
full_TAC,7,17,,403.8835324437278,19.84085940747614,10,0,false
full_TAC,7,18,,403.8835324437278,18.5845028136146,3,3,true
full_TAC,7,19,,403.8835324437278,17.328146219753055,3,3,true
full_TAC,7,20,,403.8835324437278,16.071789625891515,3,3,true
full_TAC,7,21,,403.8835324437278,14.815433032029972,3,3,true
full_TAC,7,22,,403.8835324437278,13.559076438168429,3,3,true
full_TAC,7,23,,403.8835324437278,12.302719844306887,3,3,true
full_TAC,7,24,,403.8835324437278,11.046363250445346,3,3,true
full_TAC,7,25,,403.8835324437278,9.790006656583802,3,3,true
full_TAC,7,26,,403.8835324437278,8.533650062722261,3,3,true
full_TAC,7,27,,403.8835324437278,7.2772934688607185,3,3,true
full_TAC,7,28,,403.8835324437278,6.020936874999176,3,3,true
full_TAC,7,29,,403.8835324437278,4.764580281137634,3,1,true
full_TAC,7,30,,403.8835324437278,3.5082236872760917,3,3,true
full_TAC,7,31,,403.8835324437278,2.2518670934145493,5,0,false
full_TAC,8,1,,387.59882521470365,39.94256490926082,3,1,true
full_TAC,8,2,,387.59882521470365,38.68620831539928,3,3,true
full_TAC,8,3,,387.59882521470365,37.42985172153773,3,3,true
full_TAC,8,4,,387.59882521470365,36.17349512767619,3,3,true
full_TAC,8,5,,387.59882521470365,34.91713853381465,3,3,true
full_TAC,8,6,,387.59882521470365,33.660781939953104,3,1,true
full_TAC,8,7,,387.59882521470365,32.404425346091564,3,1,true
full_TAC,8,8,,387.59882521470365,31.14806875223002,10,0,false
full_TAC,8,9,,387.59882521470365,29.891712158368478,10,0,false
full_TAC,8,10,,387.59882521470365,28.635355564506938,10,0,false
full_TAC,8,11,,387.59882521470365,27.378998970645394,10,0,false
full_TAC,8,12,,387.59882521470365,26.12264237678385,10,0,false
full_TAC,8,13,,387.59882521470365,24.86628578292231,10,0,false
full_TAC,8,14,,387.59882521470365,23.609929189060768,3,1,true
full_TAC,8,15,,387.59882521470365,22.353572595199225,10,0,false
full_TAC,8,16,,387.59882521470365,21.09721600133768,10,0,false
full_TAC,8,17,,387.59882521470365,19.84085940747614,10,0,false
full_TAC,8,18,,387.59882521470365,18.5845028136146,3,3,true
full_TAC,8,19,,387.59882521470365,17.328146219753055,3,3,true
full_TAC,8,20,,387.59882521470365,16.071789625891515,3,3,true
full_TAC,8,21,,387.59882521470365,14.815433032029972,3,3,true
full_TAC,8,22,,387.59882521470365,13.559076438168429,3,3,true
full_TAC,8,23,,387.59882521470365,12.302719844306887,3,3,true
full_TAC,8,24,,387.59882521470365,11.046363250445346,3,3,true
full_TAC,8,25,,387.59882521470365,9.790006656583802,3,3,true
full_TAC,8,26,,387.59882521470365,8.533650062722261,3,3,true
full_TAC,8,27,,387.59882521470365,7.2772934688607185,3,3,true
full_TAC,8,28,,387.59882521470365,6.020936874999176,3,3,true
full_TAC,8,29,,387.59882521470365,4.764580281137634,3,2,true
full_TAC,8,30,,387.59882521470365,3.5082236872760917,3,3,true
full_TAC,8,31,,387.59882521470365,2.2518670934145493,5,0,false
full_TAC,9,1,,371.31411798567945,39.94256490926082,3,1,true
full_TAC,9,2,,371.31411798567945,38.68620831539928,3,3,true
full_TAC,9,3,,371.31411798567945,37.42985172153773,3,3,true
full_TAC,9,4,,371.31411798567945,36.17349512767619,3,3,true
full_TAC,9,5,,371.31411798567945,34.91713853381465,3,3,true
full_TAC,9,6,,371.31411798567945,33.660781939953104,3,1,true
full_TAC,9,7,,371.31411798567945,32.404425346091564,3,1,true
full_TAC,9,8,,371.31411798567945,31.14806875223002,10,0,false
full_TAC,9,9,,371.31411798567945,29.891712158368478,10,0,false
full_TAC,9,10,,371.31411798567945,28.635355564506938,10,0,false
full_TAC,9,11,,371.31411798567945,27.378998970645394,10,0,false
full_TAC,9,12,,371.31411798567945,26.12264237678385,10,0,false
full_TAC,9,13,,371.31411798567945,24.86628578292231,10,0,false
full_TAC,9,14,,371.31411798567945,23.609929189060768,3,1,true
full_TAC,9,15,,371.31411798567945,22.353572595199225,10,0,false
full_TAC,9,16,,371.31411798567945,21.09721600133768,10,0,false
full_TAC,9,17,,371.31411798567945,19.84085940747614,10,0,false
full_TAC,9,18,,371.31411798567945,18.5845028136146,3,3,true
full_TAC,9,19,,371.31411798567945,17.328146219753055,3,3,true
full_TAC,9,20,,371.31411798567945,16.071789625891515,3,3,true
full_TAC,9,21,,371.31411798567945,14.815433032029972,3,3,true
full_TAC,9,22,,371.31411798567945,13.559076438168429,3,3,true
full_TAC,9,23,,371.31411798567945,12.302719844306887,3,3,true
full_TAC,9,24,,371.31411798567945,11.046363250445346,3,3,true
full_TAC,9,25,,371.31411798567945,9.790006656583802,3,3,true
full_TAC,9,26,,371.31411798567945,8.533650062722261,3,3,true
full_TAC,9,27,,371.31411798567945,7.2772934688607185,3,3,true
full_TAC,9,28,,371.31411798567945,6.020936874999176,3,3,true
full_TAC,9,29,,371.31411798567945,4.764580281137634,3,3,true
full_TAC,9,30,,371.31411798567945,3.5082236872760917,3,3,true
full_TAC,9,31,,371.31411798567945,2.2518670934145493,5,0,false
full_TAC,10,1,,355.0294107566553,39.94256490926082,3,1,true
full_TAC,10,2,,355.0294107566553,38.68620831539928,3,3,true
full_TAC,10,3,,355.0294107566553,37.42985172153773,3,3,true
full_TAC,10,4,,355.0294107566553,36.17349512767619,3,3,true
full_TAC,10,5,,355.0294107566553,34.91713853381465,3,3,true
full_TAC,10,6,,355.0294107566553,33.660781939953104,3,1,true
full_TAC,10,7,,355.0294107566553,32.404425346091564,3,1,true
full_TAC,10,8,,355.0294107566553,31.14806875223002,10,0,false
full_TAC,10,9,,355.0294107566553,29.891712158368478,10,0,false
full_TAC,10,10,,355.0294107566553,28.635355564506938,10,0,false
full_TAC,10,11,,355.0294107566553,27.378998970645394,10,0,false
full_TAC,10,12,,355.0294107566553,26.12264237678385,10,0,false
full_TAC,10,13,,355.0294107566553,24.86628578292231,10,0,false
full_TAC,10,14,,355.0294107566553,23.609929189060768,3,1,true
full_TAC,10,15,,355.0294107566553,22.353572595199225,10,0,false
full_TAC,10,16,,355.0294107566553,21.09721600133768,10,0,false
full_TAC,10,17,,355.0294107566553,19.84085940747614,10,0,false
full_TAC,10,18,,355.0294107566553,18.5845028136146,3,3,true
full_TAC,10,19,,355.0294107566553,17.328146219753055,3,3,true
full_TAC,10,20,,355.0294107566553,16.071789625891515,3,3,true
full_TAC,10,21,,355.0294107566553,14.815433032029972,3,3,true
full_TAC,10,22,,355.0294107566553,13.559076438168429,3,3,true
full_TAC,10,23,,355.0294107566553,12.302719844306887,3,3,true
full_TAC,10,24,,355.0294107566553,11.046363250445346,3,3,true
full_TAC,10,25,,355.0294107566553,9.790006656583802,3,3,true
full_TAC,10,26,,355.0294107566553,8.533650062722261,3,3,true
full_TAC,10,27,,355.0294107566553,7.2772934688607185,3,3,true
full_TAC,10,28,,355.0294107566553,6.020936874999176,3,3,true
full_TAC,10,29,,355.0294107566553,4.764580281137634,3,3,true
full_TAC,10,30,,355.0294107566553,3.5082236872760917,3,3,true
full_TAC,10,31,,355.0294107566553,2.2518670934145493,5,0,false
full_TAC,11,1,,338.74470352763115,39.94256490926082,3,1,true
full_TAC,11,2,,338.74470352763115,38.68620831539928,3,3,true
full_TAC,11,3,,338.74470352763115,37.42985172153773,3,3,true
full_TAC,11,4,,338.74470352763115,36.17349512767619,3,3,true
full_TAC,11,5,,338.74470352763115,34.91713853381465,3,3,true
full_TAC,11,6,,338.74470352763115,33.660781939953104,3,1,true
full_TAC,11,7,,338.74470352763115,32.404425346091564,3,1,true
full_TAC,11,8,,338.74470352763115,31.14806875223002,10,0,false
full_TAC,11,9,,338.74470352763115,29.891712158368478,10,0,false
full_TAC,11,10,,338.74470352763115,28.635355564506938,10,0,false
full_TAC,11,11,,338.74470352763115,27.378998970645394,10,0,false
full_TAC,11,12,,338.74470352763115,26.12264237678385,10,0,false
full_TAC,11,13,,338.74470352763115,24.86628578292231,10,0,false
full_TAC,11,14,,338.74470352763115,23.609929189060768,3,1,true
full_TAC,11,15,,338.74470352763115,22.353572595199225,10,0,false
full_TAC,11,16,,338.74470352763115,21.09721600133768,10,0,false
full_TAC,11,17,,338.74470352763115,19.84085940747614,10,0,false
full_TAC,11,18,,338.74470352763115,18.5845028136146,3,3,true
full_TAC,11,19,,338.74470352763115,17.328146219753055,3,3,true
full_TAC,11,20,,338.74470352763115,16.071789625891515,3,3,true
full_TAC,11,21,,338.74470352763115,14.815433032029972,3,3,true
full_TAC,11,22,,338.74470352763115,13.559076438168429,3,3,true
full_TAC,11,23,,338.74470352763115,12.302719844306887,3,3,true
full_TAC,11,24,,338.74470352763115,11.046363250445346,3,3,true
full_TAC,11,25,,338.74470352763115,9.790006656583802,3,3,true
full_TAC,11,26,,338.74470352763115,8.533650062722261,3,3,true
full_TAC,11,27,,338.74470352763115,7.2772934688607185,3,3,true
full_TAC,11,28,,338.74470352763115,6.020936874999176,3,3,true
full_TAC,11,29,,338.74470352763115,4.764580281137634,3,3,true
full_TAC,11,30,,338.74470352763115,3.5082236872760917,3,3,true
full_TAC,11,31,,338.74470352763115,2.2518670934145493,5,0,false
full_TAC,12,1,,322.459996298607,39.94256490926082,3,1,true
full_TAC,12,2,,322.459996298607,38.68620831539928,3,3,true
full_TAC,12,3,,322.459996298607,37.42985172153773,3,3,true
full_TAC,12,4,,322.459996298607,36.17349512767619,3,3,true
full_TAC,12,5,,322.459996298607,34.91713853381465,3,3,true
full_TAC,12,6,,322.459996298607,33.660781939953104,3,1,true
full_TAC,12,7,,322.459996298607,32.404425346091564,3,1,true
full_TAC,12,8,,322.459996298607,31.14806875223002,10,0,false
full_TAC,12,9,,322.459996298607,29.891712158368478,10,0,false
full_TAC,12,10,,322.459996298607,28.635355564506938,10,0,false
full_TAC,12,11,,322.459996298607,27.378998970645394,10,0,false
full_TAC,12,12,,322.459996298607,26.12264237678385,10,0,false
full_TAC,12,13,,322.459996298607,24.86628578292231,10,0,false
full_TAC,12,14,,322.459996298607,23.609929189060768,3,1,true
full_TAC,12,15,,322.459996298607,22.353572595199225,10,0,false
full_TAC,12,16,,322.459996298607,21.09721600133768,10,0,false
full_TAC,12,17,,322.459996298607,19.84085940747614,10,0,false
full_TAC,12,18,,322.459996298607,18.5845028136146,3,3,true
full_TAC,12,19,,322.459996298607,17.328146219753055,3,3,true
full_TAC,12,20,,322.459996298607,16.071789625891515,3,3,true
full_TAC,12,21,,322.459996298607,14.815433032029972,3,3,true
full_TAC,12,22,,322.459996298607,13.559076438168429,3,3,true
full_TAC,12,23,,322.459996298607,12.302719844306887,3,3,true
full_TAC,12,24,,322.459996298607,11.046363250445346,3,3,true
full_TAC,12,25,,322.459996298607,9.790006656583802,3,3,true
full_TAC,12,26,,322.459996298607,8.533650062722261,3,3,true
full_TAC,12,27,,322.459996298607,7.2772934688607185,3,1,true
full_TAC,12,28,,322.459996298607,6.020936874999176,3,3,true
full_TAC,12,29,,322.459996298607,4.764580281137634,3,3,true
full_TAC,12,30,,322.459996298607,3.5082236872760917,6,0,false
full_TAC,12,31,,322.459996298607,2.2518670934145493,5,0,false
full_TAC,13,1,,306.1752890695828,39.94256490926082,3,1,true
full_TAC,13,2,,306.1752890695828,38.68620831539928,3,3,true
full_TAC,13,3,,306.1752890695828,37.42985172153773,3,3,true
full_TAC,13,4,,306.1752890695828,36.17349512767619,3,3,true
full_TAC,13,5,,306.1752890695828,34.91713853381465,3,3,true
full_TAC,13,6,,306.1752890695828,33.660781939953104,3,1,true
full_TAC,13,7,,306.1752890695828,32.404425346091564,3,1,true
full_TAC,13,8,,306.1752890695828,31.14806875223002,10,0,false
full_TAC,13,9,,306.1752890695828,29.891712158368478,10,0,false
full_TAC,13,10,,306.1752890695828,28.635355564506938,10,0,false
full_TAC,13,11,,306.1752890695828,27.378998970645394,10,0,false
full_TAC,13,12,,306.1752890695828,26.12264237678385,10,0,false
full_TAC,13,13,,306.1752890695828,24.86628578292231,10,0,false
full_TAC,13,14,,306.1752890695828,23.609929189060768,3,1,true
full_TAC,13,15,,306.1752890695828,22.353572595199225,10,0,false
full_TAC,13,16,,306.1752890695828,21.09721600133768,10,0,false
full_TAC,13,17,,306.1752890695828,19.84085940747614,10,0,false
full_TAC,13,18,,306.1752890695828,18.5845028136146,3,3,true
full_TAC,13,19,,306.1752890695828,17.328146219753055,3,3,true
full_TAC,13,20,,306.1752890695828,16.071789625891515,3,3,true
full_TAC,13,21,,306.1752890695828,14.815433032029972,3,3,true
full_TAC,13,22,,306.1752890695828,13.559076438168429,3,3,true
full_TAC,13,23,,306.1752890695828,12.302719844306887,3,3,true
full_TAC,13,24,,306.1752890695828,11.046363250445346,3,3,true
full_TAC,13,25,,306.1752890695828,9.790006656583802,3,3,true
full_TAC,13,26,,306.1752890695828,8.533650062722261,3,3,true
full_TAC,13,27,,306.1752890695828,7.2772934688607185,3,3,true
full_TAC,13,28,,306.1752890695828,6.020936874999176,3,3,true
full_TAC,13,29,,306.1752890695828,4.764580281137634,3,3,true
full_TAC,13,30,,306.1752890695828,3.5082236872760917,5,0,false
full_TAC,13,31,,306.1752890695828,2.2518670934145493,5,0,false
full_TAC,14,1,,289.89058184055864,39.94256490926082,3,1,true
full_TAC,14,2,,289.89058184055864,38.68620831539928,3,3,true
full_TAC,14,3,,289.89058184055864,37.42985172153773,3,3,true
full_TAC,14,4,,289.89058184055864,36.17349512767619,3,3,true
full_TAC,14,5,,289.89058184055864,34.91713853381465,3,3,true
full_TAC,14,6,,289.89058184055864,33.660781939953104,3,1,true
full_TAC,14,7,,289.89058184055864,32.404425346091564,3,1,true
full_TAC,14,8,,289.89058184055864,31.14806875223002,10,0,false
full_TAC,14,9,,289.89058184055864,29.891712158368478,10,0,false
full_TAC,14,10,,289.89058184055864,28.635355564506938,10,0,false
full_TAC,14,11,,289.89058184055864,27.378998970645394,10,0,false
full_TAC,14,12,,289.89058184055864,26.12264237678385,10,0,false
full_TAC,14,13,,289.89058184055864,24.86628578292231,10,0,false
full_TAC,14,14,,289.89058184055864,23.609929189060768,6,1,true
full_TAC,14,15,,289.89058184055864,22.353572595199225,10,0,false
full_TAC,14,16,,289.89058184055864,21.09721600133768,10,0,false
full_TAC,14,17,,289.89058184055864,19.84085940747614,10,0,false
full_TAC,14,18,,289.89058184055864,18.5845028136146,3,3,true
full_TAC,14,19,,289.89058184055864,17.328146219753055,3,3,true
full_TAC,14,20,,289.89058184055864,16.071789625891515,3,3,true
full_TAC,14,21,,289.89058184055864,14.815433032029972,3,3,true
full_TAC,14,22,,289.89058184055864,13.559076438168429,3,3,true
full_TAC,14,23,,289.89058184055864,12.302719844306887,3,3,true
full_TAC,14,24,,289.89058184055864,11.046363250445346,3,3,true
full_TAC,14,25,,289.89058184055864,9.790006656583802,3,2,true
full_TAC,14,26,,289.89058184055864,8.533650062722261,3,3,true
full_TAC,14,27,,289.89058184055864,7.2772934688607185,3,3,true
full_TAC,14,28,,289.89058184055864,6.020936874999176,3,3,true
full_TAC,14,29,,289.89058184055864,4.764580281137634,3,3,true
full_TAC,14,30,,289.89058184055864,3.5082236872760917,5,0,false
full_TAC,14,31,,289.89058184055864,2.2518670934145493,5,0,false
full_TAC,15,1,,273.6058746115345,39.94256490926082,3,1,true
full_TAC,15,2,,273.6058746115345,38.68620831539928,3,3,true
full_TAC,15,3,,273.6058746115345,37.42985172153773,3,3,true
full_TAC,15,4,,273.6058746115345,36.17349512767619,3,3,true
full_TAC,15,5,,273.6058746115345,34.91713853381465,3,3,true
full_TAC,15,6,,273.6058746115345,33.660781939953104,3,1,true
full_TAC,15,7,,273.6058746115345,32.404425346091564,6,1,true
full_TAC,15,8,,273.6058746115345,31.14806875223002,10,0,false
full_TAC,15,9,,273.6058746115345,29.891712158368478,10,0,false
full_TAC,15,10,,273.6058746115345,28.635355564506938,10,0,false
full_TAC,15,11,,273.6058746115345,27.378998970645394,10,0,false
full_TAC,15,12,,273.6058746115345,26.12264237678385,10,0,false
full_TAC,15,13,,273.6058746115345,24.86628578292231,10,0,false
full_TAC,15,14,,273.6058746115345,23.609929189060768,6,1,true
full_TAC,15,15,,273.6058746115345,22.353572595199225,10,0,false
full_TAC,15,16,,273.6058746115345,21.09721600133768,10,0,false
full_TAC,15,17,,273.6058746115345,19.84085940747614,10,0,false
full_TAC,15,18,,273.6058746115345,18.5845028136146,3,3,true
full_TAC,15,19,,273.6058746115345,17.328146219753055,3,3,true
full_TAC,15,20,,273.6058746115345,16.071789625891515,3,3,true
full_TAC,15,21,,273.6058746115345,14.815433032029972,3,3,true
full_TAC,15,22,,273.6058746115345,13.559076438168429,3,2,true
full_TAC,15,23,,273.6058746115345,12.302719844306887,3,3,true
full_TAC,15,24,,273.6058746115345,11.046363250445346,3,3,true
full_TAC,15,25,,273.6058746115345,9.790006656583802,3,3,true
full_TAC,15,26,,273.6058746115345,8.533650062722261,3,3,true
full_TAC,15,27,,273.6058746115345,7.2772934688607185,3,3,true
full_TAC,15,28,,273.6058746115345,6.020936874999176,3,3,true
full_TAC,15,29,,273.6058746115345,4.764580281137634,6,0,false
full_TAC,15,30,,273.6058746115345,3.5082236872760917,5,0,false
full_TAC,15,31,,273.6058746115345,2.2518670934145493,5,0,false
full_TAC,16,1,,257.3211673825103,39.94256490926082,3,1,true
full_TAC,16,2,,257.3211673825103,38.68620831539928,3,3,true
full_TAC,16,3,,257.3211673825103,37.42985172153773,3,3,true
full_TAC,16,4,,257.3211673825103,36.17349512767619,3,3,true
full_TAC,16,5,,257.3211673825103,34.91713853381465,3,3,true
full_TAC,16,6,,257.3211673825103,33.660781939953104,3,1,true
full_TAC,16,7,,257.3211673825103,32.404425346091564,11,0,false
full_TAC,16,8,,257.3211673825103,31.14806875223002,10,0,false
full_TAC,16,9,,257.3211673825103,29.891712158368478,10,0,false
full_TAC,16,10,,257.3211673825103,28.635355564506938,10,0,false
full_TAC,16,11,,257.3211673825103,27.378998970645394,10,0,false
full_TAC,16,12,,257.3211673825103,26.12264237678385,10,0,false
full_TAC,16,13,,257.3211673825103,24.86628578292231,5,1,true
full_TAC,16,14,,257.3211673825103,23.609929189060768,6,1,true
full_TAC,16,15,,257.3211673825103,22.353572595199225,10,0,false
full_TAC,16,16,,257.3211673825103,21.09721600133768,10,0,false
full_TAC,16,17,,257.3211673825103,19.84085940747614,3,3,true
full_TAC,16,18,,257.3211673825103,18.5845028136146,3,3,true
full_TAC,16,19,,257.3211673825103,17.328146219753055,3,3,true
full_TAC,16,20,,257.3211673825103,16.071789625891515,3,3,true
full_TAC,16,21,,257.3211673825103,14.815433032029972,3,3,true
full_TAC,16,22,,257.3211673825103,13.559076438168429,3,3,true
full_TAC,16,23,,257.3211673825103,12.302719844306887,3,3,true
full_TAC,16,24,,257.3211673825103,11.046363250445346,3,3,true
full_TAC,16,25,,257.3211673825103,9.790006656583802,3,3,true
full_TAC,16,26,,257.3211673825103,8.533650062722261,3,3,true
full_TAC,16,27,,257.3211673825103,7.2772934688607185,3,3,true
full_TAC,16,28,,257.3211673825103,6.020936874999176,6,0,false
full_TAC,16,29,,257.3211673825103,4.764580281137634,5,0,false
full_TAC,16,30,,257.3211673825103,3.5082236872760917,5,0,false
full_TAC,16,31,,257.3211673825103,2.2518670934145493,5,0,false
full_TAC,17,1,,241.03646015348613,39.94256490926082,3,1,true
full_TAC,17,2,,241.03646015348613,38.68620831539928,3,3,true
full_TAC,17,3,,241.03646015348613,37.42985172153773,3,3,true
full_TAC,17,4,,241.03646015348613,36.17349512767619,3,3,true
full_TAC,17,5,,241.03646015348613,34.91713853381465,3,3,true
full_TAC,17,6,,241.03646015348613,33.660781939953104,3,1,true
full_TAC,17,7,,241.03646015348613,32.404425346091564,10,0,false
full_TAC,17,8,,241.03646015348613,31.14806875223002,10,0,false
full_TAC,17,9,,241.03646015348613,29.891712158368478,10,0,false
full_TAC,17,10,,241.03646015348613,28.635355564506938,10,0,false
full_TAC,17,11,,241.03646015348613,27.378998970645394,10,0,false
full_TAC,17,12,,241.03646015348613,26.12264237678385,10,0,false
full_TAC,17,13,,241.03646015348613,24.86628578292231,6,1,true
full_TAC,17,14,,241.03646015348613,23.609929189060768,6,1,true
full_TAC,17,15,,241.03646015348613,22.353572595199225,10,0,false
full_TAC,17,16,,241.03646015348613,21.09721600133768,3,3,true
full_TAC,17,17,,241.03646015348613,19.84085940747614,3,3,true
full_TAC,17,18,,241.03646015348613,18.5845028136146,3,3,true
full_TAC,17,19,,241.03646015348613,17.328146219753055,3,3,true
full_TAC,17,20,,241.03646015348613,16.071789625891515,11,0,false
full_TAC,17,21,,241.03646015348613,14.815433032029972,3,3,true
full_TAC,17,22,,241.03646015348613,13.559076438168429,3,3,true
full_TAC,17,23,,241.03646015348613,12.302719844306887,3,3,true
full_TAC,17,24,,241.03646015348613,11.046363250445346,3,3,true
full_TAC,17,25,,241.03646015348613,9.790006656583802,3,3,true
full_TAC,17,26,,241.03646015348613,8.533650062722261,6,0,false
full_TAC,17,27,,241.03646015348613,7.2772934688607185,6,0,false
full_TAC,17,28,,241.03646015348613,6.020936874999176,5,0,false
full_TAC,17,29,,241.03646015348613,4.764580281137634,5,0,false
full_TAC,17,30,,241.03646015348613,3.5082236872760917,5,0,false
full_TAC,17,31,,241.03646015348613,2.2518670934145493,5,0,false
full_TAC,18,1,,224.75175292446195,39.94256490926082,3,1,true
full_TAC,18,2,,224.75175292446195,38.68620831539928,3,3,true
full_TAC,18,3,,224.75175292446195,37.42985172153773,3,3,true
full_TAC,18,4,,224.75175292446195,36.17349512767619,3,3,true
full_TAC,18,5,,224.75175292446195,34.91713853381465,3,3,true
full_TAC,18,6,,224.75175292446195,33.660781939953104,3,1,true
full_TAC,18,7,,224.75175292446195,32.404425346091564,10,0,false
full_TAC,18,8,,224.75175292446195,31.14806875223002,10,0,false
full_TAC,18,9,,224.75175292446195,29.891712158368478,10,0,false
full_TAC,18,10,,224.75175292446195,28.635355564506938,10,0,false
full_TAC,18,11,,224.75175292446195,27.378998970645394,10,0,false
full_TAC,18,12,,224.75175292446195,26.12264237678385,10,0,false
full_TAC,18,13,,224.75175292446195,24.86628578292231,6,1,true
full_TAC,18,14,,224.75175292446195,23.609929189060768,11,0,false
full_TAC,18,15,,224.75175292446195,22.353572595199225,3,3,true
full_TAC,18,16,,224.75175292446195,21.09721600133768,3,3,true
full_TAC,18,17,,224.75175292446195,19.84085940747614,3,3,true
full_TAC,18,18,,224.75175292446195,18.5845028136146,3,3,true
full_TAC,18,19,,224.75175292446195,17.328146219753055,11,0,false
full_TAC,18,20,,224.75175292446195,16.071789625891515,3,1,true
full_TAC,18,21,,224.75175292446195,14.815433032029972,3,3,true
full_TAC,18,22,,224.75175292446195,13.559076438168429,3,3,true
full_TAC,18,23,,224.75175292446195,12.302719844306887,3,3,true
full_TAC,18,24,,224.75175292446195,11.046363250445346,6,0,false
full_TAC,18,25,,224.75175292446195,9.790006656583802,6,0,false
full_TAC,18,26,,224.75175292446195,8.533650062722261,5,0,false
full_TAC,18,27,,224.75175292446195,7.2772934688607185,5,0,false
full_TAC,18,28,,224.75175292446195,6.020936874999176,5,0,false
full_TAC,18,29,,224.75175292446195,4.764580281137634,5,0,false
full_TAC,18,30,,224.75175292446195,3.5082236872760917,5,0,false
full_TAC,18,31,,224.75175292446195,2.2518670934145493,5,0,false
full_TAC,19,1,,208.4670456954378,39.94256490926082,3,1,true
full_TAC,19,2,,208.4670456954378,38.68620831539928,3,3,true
full_TAC,19,3,,208.4670456954378,37.42985172153773,3,3,true
full_TAC,19,4,,208.4670456954378,36.17349512767619,3,3,true
full_TAC,19,5,,208.4670456954378,34.91713853381465,3,3,true
full_TAC,19,6,,208.4670456954378,33.660781939953104,3,1,true
full_TAC,19,7,,208.4670456954378,32.404425346091564,10,0,false
full_TAC,19,8,,208.4670456954378,31.14806875223002,10,0,false
full_TAC,19,9,,208.4670456954378,29.891712158368478,10,0,false
full_TAC,19,10,,208.4670456954378,28.635355564506938,10,0,false
full_TAC,19,11,,208.4670456954378,27.378998970645394,10,0,false
full_TAC,19,12,,208.4670456954378,26.12264237678385,10,0,false
full_TAC,19,13,,208.4670456954378,24.86628578292231,6,1,true
full_TAC,19,14,,208.4670456954378,23.609929189060768,3,3,true
full_TAC,19,15,,208.4670456954378,22.353572595199225,3,3,true
full_TAC,19,16,,208.4670456954378,21.09721600133768,3,3,true
full_TAC,19,17,,208.4670456954378,19.84085940747614,3,1,true
full_TAC,19,18,,208.4670456954378,18.5845028136146,6,1,true
full_TAC,19,19,,208.4670456954378,17.328146219753055,10,0,false
full_TAC,19,20,,208.4670456954378,16.071789625891515,3,1,true
full_TAC,19,21,,208.4670456954378,14.815433032029972,3,3,true
full_TAC,19,22,,208.4670456954378,13.559076438168429,3,3,true
full_TAC,19,23,,208.4670456954378,12.302719844306887,6,0,false
full_TAC,19,24,,208.4670456954378,11.046363250445346,5,0,false
full_TAC,19,25,,208.4670456954378,9.790006656583802,5,0,false
full_TAC,19,26,,208.4670456954378,8.533650062722261,5,0,false
full_TAC,19,27,,208.4670456954378,7.2772934688607185,5,0,false
full_TAC,19,28,,208.4670456954378,6.020936874999176,5,0,false
full_TAC,19,29,,208.4670456954378,4.764580281137634,5,0,false
full_TAC,19,30,,208.4670456954378,3.5082236872760917,5,0,false
full_TAC,19,31,,208.4670456954378,2.2518670934145493,5,0,false
full_TAC,20,1,,192.18233846641363,39.94256490926082,3,1,true
full_TAC,20,2,,192.18233846641363,38.68620831539928,3,3,true
full_TAC,20,3,,192.18233846641363,37.42985172153773,3,3,true
full_TAC,20,4,,192.18233846641363,36.17349512767619,3,3,true
full_TAC,20,5,,192.18233846641363,34.91713853381465,3,3,true
full_TAC,20,6,,192.18233846641363,33.660781939953104,3,1,true
full_TAC,20,7,,192.18233846641363,32.404425346091564,10,0,false
full_TAC,20,8,,192.18233846641363,31.14806875223002,10,0,false
full_TAC,20,9,,192.18233846641363,29.891712158368478,10,0,false
full_TAC,20,10,,192.18233846641363,28.635355564506938,10,0,false
full_TAC,20,11,,192.18233846641363,27.378998970645394,10,0,false
full_TAC,20,12,,192.18233846641363,26.12264237678385,10,0,false
full_TAC,20,13,,192.18233846641363,24.86628578292231,3,3,true
full_TAC,20,14,,192.18233846641363,23.609929189060768,3,3,true
full_TAC,20,15,,192.18233846641363,22.353572595199225,3,3,true
full_TAC,20,16,,192.18233846641363,21.09721600133768,3,1,true
full_TAC,20,17,,192.18233846641363,19.84085940747614,3,1,true
full_TAC,20,18,,192.18233846641363,18.5845028136146,3,1,true
full_TAC,20,19,,192.18233846641363,17.328146219753055,3,3,true
full_TAC,20,20,,192.18233846641363,16.071789625891515,3,3,true
full_TAC,20,21,,192.18233846641363,14.815433032029972,6,0,false
full_TAC,20,22,,192.18233846641363,13.559076438168429,6,0,false
full_TAC,20,23,,192.18233846641363,12.302719844306887,5,0,false
full_TAC,20,24,,192.18233846641363,11.046363250445346,5,0,false
full_TAC,20,25,,192.18233846641363,9.790006656583802,5,0,false
full_TAC,20,26,,192.18233846641363,8.533650062722261,5,0,false
full_TAC,20,27,,192.18233846641363,7.2772934688607185,5,0,false
full_TAC,20,28,,192.18233846641363,6.020936874999176,5,0,false
full_TAC,20,29,,192.18233846641363,4.764580281137634,5,0,false
full_TAC,20,30,,192.18233846641363,3.5082236872760917,5,0,false
full_TAC,20,31,,192.18233846641363,2.2518670934145493,5,0,false
full_TAC,21,1,,175.89763123738945,39.94256490926082,3,1,true
full_TAC,21,2,,175.89763123738945,38.68620831539928,3,3,true
full_TAC,21,3,,175.89763123738945,37.42985172153773,3,3,true
full_TAC,21,4,,175.89763123738945,36.17349512767619,3,3,true
full_TAC,21,5,,175.89763123738945,34.91713853381465,3,3,true
full_TAC,21,6,,175.89763123738945,33.660781939953104,3,1,true
full_TAC,21,7,,175.89763123738945,32.404425346091564,10,0,false
full_TAC,21,8,,175.89763123738945,31.14806875223002,10,0,false
full_TAC,21,9,,175.89763123738945,29.891712158368478,10,0,false
full_TAC,21,10,,175.89763123738945,28.635355564506938,10,0,false
full_TAC,21,11,,175.89763123738945,27.378998970645394,10,0,false
full_TAC,21,12,,175.89763123738945,26.12264237678385,3,3,true
full_TAC,21,13,,175.89763123738945,24.86628578292231,3,3,true
full_TAC,21,14,,175.89763123738945,23.609929189060768,3,3,true
full_TAC,21,15,,175.89763123738945,22.353572595199225,3,3,true
full_TAC,21,16,,175.89763123738945,21.09721600133768,3,3,true
full_TAC,21,17,,175.89763123738945,19.84085940747614,3,3,true
full_TAC,21,18,,175.89763123738945,18.5845028136146,3,3,true
full_TAC,21,19,,175.89763123738945,17.328146219753055,3,3,true
full_TAC,21,20,,175.89763123738945,16.071789625891515,6,0,false
full_TAC,21,21,,175.89763123738945,14.815433032029972,5,0,false
full_TAC,21,22,,175.89763123738945,13.559076438168429,5,0,false
full_TAC,21,23,,175.89763123738945,12.302719844306887,5,0,false
full_TAC,21,24,,175.89763123738945,11.046363250445346,5,0,false
full_TAC,21,25,,175.89763123738945,9.790006656583802,5,0,false
full_TAC,21,26,,175.89763123738945,8.533650062722261,5,0,false
full_TAC,21,27,,175.89763123738945,7.2772934688607185,5,0,false
full_TAC,21,28,,175.89763123738945,6.020936874999176,5,0,false
full_TAC,21,29,,175.89763123738945,4.764580281137634,5,0,false
full_TAC,21,30,,175.89763123738945,3.5082236872760917,5,0,false
full_TAC,21,31,,175.89763123738945,2.2518670934145493,5,0,false
full_TAC,22,1,,159.6129240083653,39.94256490926082,3,1,true
full_TAC,22,2,,159.6129240083653,38.68620831539928,3,3,true
full_TAC,22,3,,159.6129240083653,37.42985172153773,3,3,true
full_TAC,22,4,,159.6129240083653,36.17349512767619,3,3,true
full_TAC,22,5,,159.6129240083653,34.91713853381465,3,3,true
full_TAC,22,6,,159.6129240083653,33.660781939953104,3,1,true
full_TAC,22,7,,159.6129240083653,32.404425346091564,10,0,false
full_TAC,22,8,,159.6129240083653,31.14806875223002,10,0,false
full_TAC,22,9,,159.6129240083653,29.891712158368478,10,0,false
full_TAC,22,10,,159.6129240083653,28.635355564506938,10,0,false
full_TAC,22,11,,159.6129240083653,27.378998970645394,3,3,true
full_TAC,22,12,,159.6129240083653,26.12264237678385,3,3,true
full_TAC,22,13,,159.6129240083653,24.86628578292231,3,3,true
full_TAC,22,14,,159.6129240083653,23.609929189060768,3,3,true
full_TAC,22,15,,159.6129240083653,22.353572595199225,3,3,true
full_TAC,22,16,,159.6129240083653,21.09721600133768,3,3,true
full_TAC,22,17,,159.6129240083653,19.84085940747614,3,3,true
full_TAC,22,18,,159.6129240083653,18.5845028136146,6,0,false
full_TAC,22,19,,159.6129240083653,17.328146219753055,6,0,false
full_TAC,22,20,,159.6129240083653,16.071789625891515,5,0,false
full_TAC,22,21,,159.6129240083653,14.815433032029972,5,0,false
full_TAC,22,22,,159.6129240083653,13.559076438168429,5,0,false
full_TAC,22,23,,159.6129240083653,12.302719844306887,5,0,false
full_TAC,22,24,,159.6129240083653,11.046363250445346,5,0,false
full_TAC,22,25,,159.6129240083653,9.790006656583802,5,0,false
full_TAC,22,26,,159.6129240083653,8.533650062722261,5,0,false
full_TAC,22,27,,159.6129240083653,7.2772934688607185,5,0,false
full_TAC,22,28,,159.6129240083653,6.020936874999176,5,0,false
full_TAC,22,29,,159.6129240083653,4.764580281137634,5,0,false
full_TAC,22,30,,159.6129240083653,3.5082236872760917,5,0,false
full_TAC,22,31,,159.6129240083653,2.2518670934145493,5,0,false
full_TAC,23,1,,143.32821677934112,39.94256490926082,3,1,true
full_TAC,23,2,,143.32821677934112,38.68620831539928,3,3,true
full_TAC,23,3,,143.32821677934112,37.42985172153773,3,3,true
full_TAC,23,4,,143.32821677934112,36.17349512767619,3,3,true
full_TAC,23,5,,143.32821677934112,34.91713853381465,3,3,true
full_TAC,23,6,,143.32821677934112,33.660781939953104,3,1,true
full_TAC,23,7,,143.32821677934112,32.404425346091564,5,1,true
full_TAC,23,8,,143.32821677934112,31.14806875223002,10,0,false
full_TAC,23,9,,143.32821677934112,29.891712158368478,10,0,false
full_TAC,23,10,,143.32821677934112,28.635355564506938,3,3,true
full_TAC,23,11,,143.32821677934112,27.378998970645394,3,3,true
full_TAC,23,12,,143.32821677934112,26.12264237678385,3,3,true
full_TAC,23,13,,143.32821677934112,24.86628578292231,3,3,true
full_TAC,23,14,,143.32821677934112,23.609929189060768,3,3,true
full_TAC,23,15,,143.32821677934112,22.353572595199225,3,3,true
full_TAC,23,16,,143.32821677934112,21.09721600133768,3,3,true
full_TAC,23,17,,143.32821677934112,19.84085940747614,6,0,false
full_TAC,23,18,,143.32821677934112,18.5845028136146,5,0,false
full_TAC,23,19,,143.32821677934112,17.328146219753055,5,0,false
full_TAC,23,20,,143.32821677934112,16.071789625891515,5,0,false
full_TAC,23,21,,143.32821677934112,14.815433032029972,5,0,false
full_TAC,23,22,,143.32821677934112,13.559076438168429,5,0,false
full_TAC,23,23,,143.32821677934112,12.302719844306887,5,0,false
full_TAC,23,24,,143.32821677934112,11.046363250445346,5,0,false
full_TAC,23,25,,143.32821677934112,9.790006656583802,5,0,false
full_TAC,23,26,,143.32821677934112,8.533650062722261,5,0,false
full_TAC,23,27,,143.32821677934112,7.2772934688607185,5,0,false
full_TAC,23,28,,143.32821677934112,6.020936874999176,5,0,false
full_TAC,23,29,,143.32821677934112,4.764580281137634,5,0,false
full_TAC,23,30,,143.32821677934112,3.5082236872760917,5,0,false
full_TAC,23,31,,143.32821677934112,2.2518670934145493,5,0,false
full_TAC,24,1,,127.04350955031695,39.94256490926082,3,1,true
full_TAC,24,2,,127.04350955031695,38.68620831539928,3,3,true
full_TAC,24,3,,127.04350955031695,37.42985172153773,3,3,true
full_TAC,24,4,,127.04350955031695,36.17349512767619,3,3,true
full_TAC,24,5,,127.04350955031695,34.91713853381465,3,3,true
full_TAC,24,6,,127.04350955031695,33.660781939953104,3,1,true
full_TAC,24,7,,127.04350955031695,32.404425346091564,3,1,true
full_TAC,24,8,,127.04350955031695,31.14806875223002,10,0,false
full_TAC,24,9,,127.04350955031695,29.891712158368478,3,3,true
full_TAC,24,10,,127.04350955031695,28.635355564506938,3,3,true
full_TAC,24,11,,127.04350955031695,27.378998970645394,3,3,true
full_TAC,24,12,,127.04350955031695,26.12264237678385,3,3,true
full_TAC,24,13,,127.04350955031695,24.86628578292231,3,3,true
full_TAC,24,14,,127.04350955031695,23.609929189060768,3,3,true
full_TAC,24,15,,127.04350955031695,22.353572595199225,6,0,false
full_TAC,24,16,,127.04350955031695,21.09721600133768,6,0,false
full_TAC,24,17,,127.04350955031695,19.84085940747614,5,0,false
full_TAC,24,18,,127.04350955031695,18.5845028136146,5,0,false
full_TAC,24,19,,127.04350955031695,17.328146219753055,5,0,false
full_TAC,24,20,,127.04350955031695,16.071789625891515,5,0,false
full_TAC,24,21,,127.04350955031695,14.815433032029972,5,0,false
full_TAC,24,22,,127.04350955031695,13.559076438168429,5,0,false
full_TAC,24,23,,127.04350955031695,12.302719844306887,5,0,false
full_TAC,24,24,,127.04350955031695,11.046363250445346,5,0,false
full_TAC,24,25,,127.04350955031695,9.790006656583802,5,0,false
full_TAC,24,26,,127.04350955031695,8.533650062722261,5,0,false
full_TAC,24,27,,127.04350955031695,7.2772934688607185,5,0,false
full_TAC,24,28,,127.04350955031695,6.020936874999176,5,0,false
full_TAC,24,29,,127.04350955031695,4.764580281137634,5,0,false
full_TAC,24,30,,127.04350955031695,3.5082236872760917,5,0,false
full_TAC,24,31,,127.04350955031695,2.2518670934145493,5,0,false
full_TAC,25,1,,110.75880232129279,39.94256490926082,3,1,true
full_TAC,25,2,,110.75880232129279,38.68620831539928,3,3,true
full_TAC,25,3,,110.75880232129279,37.42985172153773,3,3,true
full_TAC,25,4,,110.75880232129279,36.17349512767619,3,3,true
full_TAC,25,5,,110.75880232129279,34.91713853381465,3,3,true
full_TAC,25,6,,110.75880232129279,33.660781939953104,3,2,true
full_TAC,25,7,,110.75880232129279,32.404425346091564,3,1,true
full_TAC,25,8,,110.75880232129279,31.14806875223002,3,3,true
full_TAC,25,9,,110.75880232129279,29.891712158368478,3,3,true
full_TAC,25,10,,110.75880232129279,28.635355564506938,3,3,true
full_TAC,25,11,,110.75880232129279,27.378998970645394,3,3,true
full_TAC,25,12,,110.75880232129279,26.12264237678385,3,3,true
full_TAC,25,13,,110.75880232129279,24.86628578292231,3,3,true
full_TAC,25,14,,110.75880232129279,23.609929189060768,6,0,false
full_TAC,25,15,,110.75880232129279,22.353572595199225,5,0,false
full_TAC,25,16,,110.75880232129279,21.09721600133768,5,0,false
full_TAC,25,17,,110.75880232129279,19.84085940747614,5,0,false
full_TAC,25,18,,110.75880232129279,18.5845028136146,5,0,false
full_TAC,25,19,,110.75880232129279,17.328146219753055,5,0,false
full_TAC,25,20,,110.75880232129279,16.071789625891515,5,0,false
full_TAC,25,21,,110.75880232129279,14.815433032029972,5,0,false
full_TAC,25,22,,110.75880232129279,13.559076438168429,5,0,false
full_TAC,25,23,,110.75880232129279,12.302719844306887,5,0,false
full_TAC,25,24,,110.75880232129279,11.046363250445346,5,0,false
full_TAC,25,25,,110.75880232129279,9.790006656583802,5,0,false
full_TAC,25,26,,110.75880232129279,8.533650062722261,5,0,false
full_TAC,25,27,,110.75880232129279,7.2772934688607185,5,0,false
full_TAC,25,28,,110.75880232129279,6.020936874999176,5,0,false
full_TAC,25,29,,110.75880232129279,4.764580281137634,5,0,false
full_TAC,25,30,,110.75880232129279,3.5082236872760917,5,0,false
full_TAC,25,31,,110.75880232129279,2.2518670934145493,5,0,false
full_TAC,26,1,,94.47409509226861,39.94256490926082,3,1,true
full_TAC,26,2,,94.47409509226861,38.68620831539928,3,3,true
full_TAC,26,3,,94.47409509226861,37.42985172153773,3,3,true
full_TAC,26,4,,94.47409509226861,36.17349512767619,3,3,true
full_TAC,26,5,,94.47409509226861,34.91713853381465,3,3,true
full_TAC,26,6,,94.47409509226861,33.660781939953104,3,3,true
full_TAC,26,7,,94.47409509226861,32.404425346091564,3,3,true
full_TAC,26,8,,94.47409509226861,31.14806875223002,3,3,true
full_TAC,26,9,,94.47409509226861,29.891712158368478,3,3,true
full_TAC,26,10,,94.47409509226861,28.635355564506938,3,3,true
full_TAC,26,11,,94.47409509226861,27.378998970645394,3,3,true
full_TAC,26,12,,94.47409509226861,26.12264237678385,6,0,false
full_TAC,26,13,,94.47409509226861,24.86628578292231,6,0,false
full_TAC,26,14,,94.47409509226861,23.609929189060768,5,0,false
full_TAC,26,15,,94.47409509226861,22.353572595199225,5,0,false
full_TAC,26,16,,94.47409509226861,21.09721600133768,5,0,false
full_TAC,26,17,,94.47409509226861,19.84085940747614,5,0,false
full_TAC,26,18,,94.47409509226861,18.5845028136146,5,0,false
full_TAC,26,19,,94.47409509226861,17.328146219753055,5,0,false
full_TAC,26,20,,94.47409509226861,16.071789625891515,5,0,false
full_TAC,26,21,,94.47409509226861,14.815433032029972,5,0,false
full_TAC,26,22,,94.47409509226861,13.559076438168429,5,0,false
full_TAC,26,23,,94.47409509226861,12.302719844306887,5,0,false
full_TAC,26,24,,94.47409509226861,11.046363250445346,5,0,false
full_TAC,26,25,,94.47409509226861,9.790006656583802,5,0,false
full_TAC,26,26,,94.47409509226861,8.533650062722261,5,0,false
full_TAC,26,27,,94.47409509226861,7.2772934688607185,5,0,false
full_TAC,26,28,,94.47409509226861,6.020936874999176,5,0,false
full_TAC,26,29,,94.47409509226861,4.764580281137634,5,0,false
full_TAC,26,30,,94.47409509226861,3.5082236872760917,5,0,false
full_TAC,26,31,,94.47409509226861,2.2518670934145493,5,0,false
full_TAC,27,1,,78.18938786324445,39.94256490926082,3,1,true
full_TAC,27,2,,78.18938786324445,38.68620831539928,3,3,true
full_TAC,27,3,,78.18938786324445,37.42985172153773,3,3,true
full_TAC,27,4,,78.18938786324445,36.17349512767619,3,3,true
full_TAC,27,5,,78.18938786324445,34.91713853381465,3,3,true
full_TAC,27,6,,78.18938786324445,33.660781939953104,3,3,true
full_TAC,27,7,,78.18938786324445,32.404425346091564,3,3,true
full_TAC,27,8,,78.18938786324445,31.14806875223002,3,3,true
full_TAC,27,9,,78.18938786324445,29.891712158368478,3,3,true
full_TAC,27,10,,78.18938786324445,28.635355564506938,6,0,false
full_TAC,27,11,,78.18938786324445,27.378998970645394,6,0,false
full_TAC,27,12,,78.18938786324445,26.12264237678385,5,0,false
full_TAC,27,13,,78.18938786324445,24.86628578292231,5,0,false
full_TAC,27,14,,78.18938786324445,23.609929189060768,5,0,false
full_TAC,27,15,,78.18938786324445,22.353572595199225,5,0,false
full_TAC,27,16,,78.18938786324445,21.09721600133768,5,0,false
full_TAC,27,17,,78.18938786324445,19.84085940747614,5,0,false
full_TAC,27,18,,78.18938786324445,18.5845028136146,5,0,false
full_TAC,27,19,,78.18938786324445,17.328146219753055,5,0,false
full_TAC,27,20,,78.18938786324445,16.071789625891515,5,0,false
full_TAC,27,21,,78.18938786324445,14.815433032029972,5,0,false
full_TAC,27,22,,78.18938786324445,13.559076438168429,5,0,false
full_TAC,27,23,,78.18938786324445,12.302719844306887,5,0,false
full_TAC,27,24,,78.18938786324445,11.046363250445346,5,0,false
full_TAC,27,25,,78.18938786324445,9.790006656583802,5,0,false
full_TAC,27,26,,78.18938786324445,8.533650062722261,5,0,false
full_TAC,27,27,,78.18938786324445,7.2772934688607185,5,0,false
full_TAC,27,28,,78.18938786324445,6.020936874999176,5,0,false
full_TAC,27,29,,78.18938786324445,4.764580281137634,5,0,false
full_TAC,27,30,,78.18938786324445,3.5082236872760917,5,0,false
full_TAC,27,31,,78.18938786324445,2.2518670934145493,5,0,false
full_TAC,28,1,,61.904680634220284,39.94256490926082,3,1,true
full_TAC,28,2,,61.904680634220284,38.68620831539928,3,3,true
full_TAC,28,3,,61.904680634220284,37.42985172153773,3,3,true
full_TAC,28,4,,61.904680634220284,36.17349512767619,3,3,true
full_TAC,28,5,,61.904680634220284,34.91713853381465,3,3,true
full_TAC,28,6,,61.904680634220284,33.660781939953104,3,3,true
full_TAC,28,7,,61.904680634220284,32.404425346091564,3,3,true
full_TAC,28,8,,61.904680634220284,31.14806875223002,6,0,false
full_TAC,28,9,,61.904680634220284,29.891712158368478,6,0,false
full_TAC,28,10,,61.904680634220284,28.635355564506938,5,0,false
full_TAC,28,11,,61.904680634220284,27.378998970645394,5,0,false
full_TAC,28,12,,61.904680634220284,26.12264237678385,5,0,false
full_TAC,28,13,,61.904680634220284,24.86628578292231,5,0,false
full_TAC,28,14,,61.904680634220284,23.609929189060768,5,0,false
full_TAC,28,15,,61.904680634220284,22.353572595199225,5,0,false
full_TAC,28,16,,61.904680634220284,21.09721600133768,5,0,false
full_TAC,28,17,,61.904680634220284,19.84085940747614,5,0,false
full_TAC,28,18,,61.904680634220284,18.5845028136146,5,0,false
full_TAC,28,19,,61.904680634220284,17.328146219753055,5,0,false
full_TAC,28,20,,61.904680634220284,16.071789625891515,5,0,false
full_TAC,28,21,,61.904680634220284,14.815433032029972,5,0,false
full_TAC,28,22,,61.904680634220284,13.559076438168429,5,0,false
full_TAC,28,23,,61.904680634220284,12.302719844306887,5,0,false
full_TAC,28,24,,61.904680634220284,11.046363250445346,5,0,false
full_TAC,28,25,,61.904680634220284,9.790006656583802,5,0,false
full_TAC,28,26,,61.904680634220284,8.533650062722261,5,0,false
full_TAC,28,27,,61.904680634220284,7.2772934688607185,5,0,false
full_TAC,28,28,,61.904680634220284,6.020936874999176,5,0,false
full_TAC,28,29,,61.904680634220284,4.764580281137634,5,0,false
full_TAC,28,30,,61.904680634220284,3.5082236872760917,5,0,false
full_TAC,28,31,,61.904680634220284,2.2518670934145493,5,0,false
full_TAC,29,1,,45.61997340519611,39.94256490926082,3,1,true
full_TAC,29,2,,45.61997340519611,38.68620831539928,3,3,true
full_TAC,29,3,,45.61997340519611,37.42985172153773,3,3,true
full_TAC,29,4,,45.61997340519611,36.17349512767619,3,3,true
full_TAC,29,5,,45.61997340519611,34.91713853381465,3,3,true
full_TAC,29,6,,45.61997340519611,33.660781939953104,6,0,false
full_TAC,29,7,,45.61997340519611,32.404425346091564,6,0,false
full_TAC,29,8,,45.61997340519611,31.14806875223002,5,0,false
full_TAC,29,9,,45.61997340519611,29.891712158368478,5,0,false
full_TAC,29,10,,45.61997340519611,28.635355564506938,5,0,false
full_TAC,29,11,,45.61997340519611,27.378998970645394,5,0,false
full_TAC,29,12,,45.61997340519611,26.12264237678385,5,0,false
full_TAC,29,13,,45.61997340519611,24.86628578292231,5,0,false
full_TAC,29,14,,45.61997340519611,23.609929189060768,5,0,false
full_TAC,29,15,,45.61997340519611,22.353572595199225,5,0,false
full_TAC,29,16,,45.61997340519611,21.09721600133768,5,0,false
full_TAC,29,17,,45.61997340519611,19.84085940747614,5,0,false
full_TAC,29,18,,45.61997340519611,18.5845028136146,5,0,false
full_TAC,29,19,,45.61997340519611,17.328146219753055,5,0,false
full_TAC,29,20,,45.61997340519611,16.071789625891515,5,0,false
full_TAC,29,21,,45.61997340519611,14.815433032029972,5,0,false
full_TAC,29,22,,45.61997340519611,13.559076438168429,5,0,false
full_TAC,29,23,,45.61997340519611,12.302719844306887,5,0,false
full_TAC,29,24,,45.61997340519611,11.046363250445346,5,0,false
full_TAC,29,25,,45.61997340519611,9.790006656583802,5,0,false
full_TAC,29,26,,45.61997340519611,8.533650062722261,5,0,false
full_TAC,29,27,,45.61997340519611,7.2772934688607185,5,0,false
full_TAC,29,28,,45.61997340519611,6.020936874999176,5,0,false
full_TAC,29,29,,45.61997340519611,4.764580281137634,5,0,false
full_TAC,29,30,,45.61997340519611,3.5082236872760917,5,0,false
full_TAC,29,31,,45.61997340519611,2.2518670934145493,5,0,false
full_TAC,30,1,,29.33526617617195,39.94256490926082,3,1,true
full_TAC,30,2,,29.33526617617195,38.68620831539928,3,3,true
full_TAC,30,3,,29.33526617617195,37.42985172153773,3,3,true
full_TAC,30,4,,29.33526617617195,36.17349512767619,6,0,false
full_TAC,30,5,,29.33526617617195,34.91713853381465,6,0,false
full_TAC,30,6,,29.33526617617195,33.660781939953104,5,0,false
full_TAC,30,7,,29.33526617617195,32.404425346091564,5,0,false
full_TAC,30,8,,29.33526617617195,31.14806875223002,5,0,false
full_TAC,30,9,,29.33526617617195,29.891712158368478,5,0,false
full_TAC,30,10,,29.33526617617195,28.635355564506938,5,0,false
full_TAC,30,11,,29.33526617617195,27.378998970645394,5,0,false
full_TAC,30,12,,29.33526617617195,26.12264237678385,5,0,false
full_TAC,30,13,,29.33526617617195,24.86628578292231,5,0,false
full_TAC,30,14,,29.33526617617195,23.609929189060768,5,0,false
full_TAC,30,15,,29.33526617617195,22.353572595199225,5,0,false
full_TAC,30,16,,29.33526617617195,21.09721600133768,5,0,false
full_TAC,30,17,,29.33526617617195,19.84085940747614,5,0,false
full_TAC,30,18,,29.33526617617195,18.5845028136146,5,0,false
full_TAC,30,19,,29.33526617617195,17.328146219753055,5,0,false
full_TAC,30,20,,29.33526617617195,16.071789625891515,5,0,false
full_TAC,30,21,,29.33526617617195,14.815433032029972,5,0,false
full_TAC,30,22,,29.33526617617195,13.559076438168429,5,0,false
full_TAC,30,23,,29.33526617617195,12.302719844306887,5,0,false
full_TAC,30,24,,29.33526617617195,11.046363250445346,5,0,false
full_TAC,30,25,,29.33526617617195,9.790006656583802,5,0,false
full_TAC,30,26,,29.33526617617195,8.533650062722261,5,0,false
full_TAC,30,27,,29.33526617617195,7.2772934688607185,5,0,false
full_TAC,30,28,,29.33526617617195,6.020936874999176,5,0,false
full_TAC,30,29,,29.33526617617195,4.764580281137634,5,0,false
full_TAC,30,30,,29.33526617617195,3.5082236872760917,5,0,false
full_TAC,30,31,,29.33526617617195,2.2518670934145493,5,0,false
full_TAC,31,1,,13.05055894714778,39.94256490926082,3,1,true
full_TAC,31,2,,13.05055894714778,38.68620831539928,6,0,false
full_TAC,31,3,,13.05055894714778,37.42985172153773,6,0,false
full_TAC,31,4,,13.05055894714778,36.17349512767619,5,0,false
full_TAC,31,5,,13.05055894714778,34.91713853381465,5,0,false
full_TAC,31,6,,13.05055894714778,33.660781939953104,5,0,false
full_TAC,31,7,,13.05055894714778,32.404425346091564,5,0,false
full_TAC,31,8,,13.05055894714778,31.14806875223002,5,0,false
full_TAC,31,9,,13.05055894714778,29.891712158368478,5,0,false
full_TAC,31,10,,13.05055894714778,28.635355564506938,5,0,false
full_TAC,31,11,,13.05055894714778,27.378998970645394,5,0,false
full_TAC,31,12,,13.05055894714778,26.12264237678385,5,0,false
full_TAC,31,13,,13.05055894714778,24.86628578292231,5,0,false
full_TAC,31,14,,13.05055894714778,23.609929189060768,5,0,false
full_TAC,31,15,,13.05055894714778,22.353572595199225,5,0,false
full_TAC,31,16,,13.05055894714778,21.09721600133768,5,0,false
full_TAC,31,17,,13.05055894714778,19.84085940747614,5,0,false
full_TAC,31,18,,13.05055894714778,18.5845028136146,5,0,false
full_TAC,31,19,,13.05055894714778,17.328146219753055,5,0,false
full_TAC,31,20,,13.05055894714778,16.071789625891515,5,0,false
full_TAC,31,21,,13.05055894714778,14.815433032029972,5,0,false
full_TAC,31,22,,13.05055894714778,13.559076438168429,5,0,false
full_TAC,31,23,,13.05055894714778,12.302719844306887,5,0,false
full_TAC,31,24,,13.05055894714778,11.046363250445346,5,0,false
full_TAC,31,25,,13.05055894714778,9.790006656583802,5,0,false
full_TAC,31,26,,13.05055894714778,8.533650062722261,5,0,false
full_TAC,31,27,,13.05055894714778,7.2772934688607185,5,0,false
full_TAC,31,28,,13.05055894714778,6.020936874999176,5,0,false
full_TAC,31,29,,13.05055894714778,4.764580281137634,5,0,false
full_TAC,31,30,,13.05055894714778,3.5082236872760917,5,0,false
full_TAC,31,31,,13.05055894714778,2.2518670934145493,5,0,false
full_TotEmiss,1,1,3.363746459034643e7,,39.94256490926082,9,0,false
full_TotEmiss,1,2,3.363746459034643e7,,33.660781939953104,3,3,true
full_TotEmiss,1,3,3.363746459034643e7,,27.378998970645394,3,2,true
full_TotEmiss,1,4,3.363746459034643e7,,21.09721600133768,3,2,true
full_TotEmiss,1,5,3.363746459034643e7,,14.815433032029972,3,3,true
full_TotEmiss,1,6,3.363746459034643e7,,8.533650062722261,3,3,true
full_TotEmiss,1,7,3.363746459034643e7,,2.2518670934145493,3,3,true
full_TotEmiss,2,1,2.8382416357179236e7,,39.94256490926082,9,0,false
full_TotEmiss,2,2,2.8382416357179236e7,,33.660781939953104,3,3,true
full_TotEmiss,2,3,2.8382416357179236e7,,27.378998970645394,3,3,true
full_TotEmiss,2,4,2.8382416357179236e7,,21.09721600133768,3,3,true
full_TotEmiss,2,5,2.8382416357179236e7,,14.815433032029972,3,3,true
full_TotEmiss,2,6,2.8382416357179236e7,,8.533650062722261,3,2,true
full_TotEmiss,2,7,2.8382416357179236e7,,2.2518670934145493,6,0,false
full_TotEmiss,3,1,2.312736812401204e7,,39.94256490926082,9,0,false
full_TotEmiss,3,2,2.312736812401204e7,,33.660781939953104,3,3,true
full_TotEmiss,3,3,2.312736812401204e7,,27.378998970645394,3,3,true
full_TotEmiss,3,4,2.312736812401204e7,,21.09721600133768,3,1,true
full_TotEmiss,3,5,2.312736812401204e7,,14.815433032029972,3,3,true
full_TotEmiss,3,6,2.312736812401204e7,,8.533650062722261,3,3,true
full_TotEmiss,3,7,2.312736812401204e7,,2.2518670934145493,5,0,false
full_TotEmiss,4,1,1.7872319890844844e7,,39.94256490926082,9,0,false
full_TotEmiss,4,2,1.7872319890844844e7,,33.660781939953104,3,2,true
full_TotEmiss,4,3,1.7872319890844844e7,,27.378998970645394,3,3,true
full_TotEmiss,4,4,1.7872319890844844e7,,21.09721600133768,3,3,true
full_TotEmiss,4,5,1.7872319890844844e7,,14.815433032029972,3,2,true
full_TotEmiss,4,6,1.7872319890844844e7,,8.533650062722261,3,1,true
full_TotEmiss,4,7,1.7872319890844844e7,,2.2518670934145493,5,0,false
full_TotEmiss,5,1,1.2617271657677647e7,,39.94256490926082,9,0,false
full_TotEmiss,5,2,1.2617271657677647e7,,33.660781939953104,3,3,true
full_TotEmiss,5,3,1.2617271657677647e7,,27.378998970645394,3,3,true
full_TotEmiss,5,4,1.2617271657677647e7,,21.09721600133768,3,3,true
full_TotEmiss,5,5,1.2617271657677647e7,,14.815433032029972,3,3,true
full_TotEmiss,5,6,1.2617271657677647e7,,8.533650062722261,3,3,true
full_TotEmiss,5,7,1.2617271657677647e7,,2.2518670934145493,5,0,false
full_TotEmiss,6,1,7.362223424510451e6,,39.94256490926082,9,0,false
full_TotEmiss,6,2,7.362223424510451e6,,33.660781939953104,3,3,true
full_TotEmiss,6,3,7.362223424510451e6,,27.378998970645394,3,3,true
full_TotEmiss,6,4,7.362223424510451e6,,21.09721600133768,3,3,true
full_TotEmiss,6,5,7.362223424510451e6,,14.815433032029972,3,2,true
full_TotEmiss,6,6,7.362223424510451e6,,8.533650062722261,3,1,true
full_TotEmiss,6,7,7.362223424510451e6,,2.2518670934145493,5,0,false
full_TotEmiss,7,1,2.107175191343255e6,,39.94256490926082,4,0,false
full_TotEmiss,7,2,2.107175191343255e6,,33.660781939953104,5,0,false
full_TotEmiss,7,3,2.107175191343255e6,,27.378998970645394,5,0,false
full_TotEmiss,7,4,2.107175191343255e6,,21.09721600133768,5,0,false
full_TotEmiss,7,5,2.107175191343255e6,,14.815433032029972,5,0,false
full_TotEmiss,7,6,2.107175191343255e6,,8.533650062722261,5,0,false
full_TotEmiss,7,7,2.107175191343255e6,,2.2518670934145493,4,0,false
full_ISI,1,1,3.363746459034643e7,501.5917758178728,,3,3,true
full_ISI,1,2,3.363746459034643e7,420.16823967275195,,10,0,false
full_ISI,1,3,3.363746459034643e7,338.74470352763115,,10,0,false
full_ISI,1,4,3.363746459034643e7,257.3211673825103,,3,3,true
full_ISI,1,5,3.363746459034643e7,175.89763123738945,,3,1,true
full_ISI,1,6,3.363746459034643e7,94.47409509226861,,3,2,true
full_ISI,1,7,3.363746459034643e7,13.05055894714778,,3,3,true
full_ISI,2,1,2.8382416357179236e7,501.5917758178728,,10,0,false
full_ISI,2,2,2.8382416357179236e7,420.16823967275195,,9,0,false
full_ISI,2,3,2.8382416357179236e7,338.74470352763115,,9,0,false
full_ISI,2,4,2.8382416357179236e7,257.3211673825103,,3,3,true
full_ISI,2,5,2.8382416357179236e7,175.89763123738945,,3,2,true
full_ISI,2,6,2.8382416357179236e7,94.47409509226861,,3,2,true
full_ISI,2,7,2.8382416357179236e7,13.05055894714778,,3,3,true
full_ISI,3,1,2.312736812401204e7,501.5917758178728,,9,0,false
full_ISI,3,2,2.312736812401204e7,420.16823967275195,,9,0,false
full_ISI,3,3,2.312736812401204e7,338.74470352763115,,9,0,false
full_ISI,3,4,2.312736812401204e7,257.3211673825103,,3,3,true
full_ISI,3,5,2.312736812401204e7,175.89763123738945,,3,3,true
full_ISI,3,6,2.312736812401204e7,94.47409509226861,,3,3,true
full_ISI,3,7,2.312736812401204e7,13.05055894714778,,3,3,true
full_ISI,4,1,1.7872319890844844e7,501.5917758178728,,9,0,false
full_ISI,4,2,1.7872319890844844e7,420.16823967275195,,9,0,false
full_ISI,4,3,1.7872319890844844e7,338.74470352763115,,9,0,false
full_ISI,4,4,1.7872319890844844e7,257.3211673825103,,3,3,true
full_ISI,4,5,1.7872319890844844e7,175.89763123738945,,3,3,true
full_ISI,4,6,1.7872319890844844e7,94.47409509226861,,3,3,true
full_ISI,4,7,1.7872319890844844e7,13.05055894714778,,3,3,true
full_ISI,5,1,1.2617271657677647e7,501.5917758178728,,9,0,false
full_ISI,5,2,1.2617271657677647e7,420.16823967275195,,9,0,false
full_ISI,5,3,1.2617271657677647e7,338.74470352763115,,9,0,false
full_ISI,5,4,1.2617271657677647e7,257.3211673825103,,3,3,true
full_ISI,5,5,1.2617271657677647e7,175.89763123738945,,3,2,true
full_ISI,5,6,1.2617271657677647e7,94.47409509226861,,3,3,true
full_ISI,5,7,1.2617271657677647e7,13.05055894714778,,3,3,true
full_ISI,6,1,7.362223424510451e6,501.5917758178728,,3,2,true
full_ISI,6,2,7.362223424510451e6,420.16823967275195,,3,2,true
full_ISI,6,3,7.362223424510451e6,338.74470352763115,,3,2,true
full_ISI,6,4,7.362223424510451e6,257.3211673825103,,3,3,true
full_ISI,6,5,7.362223424510451e6,175.89763123738945,,3,3,true
full_ISI,6,6,7.362223424510451e6,94.47409509226861,,3,3,true
full_ISI,6,7,7.362223424510451e6,13.05055894714778,,3,3,true
full_ISI,7,1,2.107175191343255e6,501.5917758178728,,3,1,true
full_ISI,7,2,2.107175191343255e6,420.16823967275195,,3,1,true
full_ISI,7,3,2.107175191343255e6,338.74470352763115,,11,0,false
full_ISI,7,4,2.107175191343255e6,257.3211673825103,,3,1,true
full_ISI,7,5,2.107175191343255e6,175.89763123738945,,6,1,true
full_ISI,7,6,2.107175191343255e6,94.47409509226861,,3,1,true
full_ISI,7,7,2.107175191343255e6,13.05055894714778,,6,0,false
group_TAC_TotEmiss,1,,,,39.94256490926082,3,2,true
group_TAC_TotEmiss,2,,,,39.31438661233005,3,3,true
group_TAC_TotEmiss,3,,,,38.68620831539928,3,3,true
group_TAC_TotEmiss,4,,,,38.0580300184685,3,3,true
group_TAC_TotEmiss,5,,,,37.42985172153773,3,3,true
group_TAC_TotEmiss,6,,,,36.80167342460696,3,3,true
group_TAC_TotEmiss,7,,,,36.17349512767619,3,3,true
group_TAC_TotEmiss,8,,,,35.54531683074542,3,3,true
group_TAC_TotEmiss,9,,,,34.91713853381465,3,3,true
group_TAC_TotEmiss,10,,,,34.288960236883874,3,3,true
group_TAC_TotEmiss,11,,,,33.660781939953104,3,3,true
group_TAC_TotEmiss,12,,,,33.032603643022334,3,3,true
group_TAC_TotEmiss,13,,,,32.404425346091564,3,3,true
group_TAC_TotEmiss,14,,,,31.77624704916079,3,3,true
group_TAC_TotEmiss,15,,,,31.14806875223002,3,3,true
group_TAC_TotEmiss,16,,,,30.51989045529925,3,3,true
group_TAC_TotEmiss,17,,,,29.891712158368478,3,3,true
group_TAC_TotEmiss,18,,,,29.263533861437708,3,3,true
group_TAC_TotEmiss,19,,,,28.635355564506938,3,3,true
group_TAC_TotEmiss,20,,,,28.007177267576164,3,3,true
group_TAC_TotEmiss,21,,,,27.378998970645394,3,3,true
group_TAC_TotEmiss,22,,,,26.750820673714625,3,3,true
group_TAC_TotEmiss,23,,,,26.12264237678385,3,3,true
group_TAC_TotEmiss,24,,,,25.49446407985308,3,3,true
group_TAC_TotEmiss,25,,,,24.86628578292231,3,3,true
group_TAC_TotEmiss,26,,,,24.238107485991538,3,3,true
group_TAC_TotEmiss,27,,,,23.609929189060768,3,3,true
group_TAC_TotEmiss,28,,,,22.981750892129995,3,3,true
group_TAC_TotEmiss,29,,,,22.353572595199225,3,3,true
group_TAC_TotEmiss,30,,,,21.725394298268455,3,3,true
group_TAC_TotEmiss,31,,,,21.09721600133768,3,3,true
group_TAC_TotEmiss,32,,,,20.46903770440691,3,3,true
group_TAC_TotEmiss,33,,,,19.84085940747614,3,3,true
group_TAC_TotEmiss,34,,,,19.21268111054537,3,3,true
group_TAC_TotEmiss,35,,,,18.5845028136146,3,3,true
group_TAC_TotEmiss,36,,,,17.95632451668383,3,3,true
group_TAC_TotEmiss,37,,,,17.328146219753055,3,3,true
group_TAC_TotEmiss,38,,,,16.699967922822285,3,3,true
group_TAC_TotEmiss,39,,,,16.071789625891515,3,3,true
group_TAC_TotEmiss,40,,,,15.443611328960744,3,3,true
group_TAC_TotEmiss,41,,,,14.815433032029972,3,3,true
group_TAC_TotEmiss,42,,,,14.1872547350992,3,3,true
group_TAC_TotEmiss,43,,,,13.559076438168429,3,3,true
group_TAC_TotEmiss,44,,,,12.930898141237659,3,3,true
group_TAC_TotEmiss,45,,,,12.302719844306887,3,3,true
group_TAC_TotEmiss,46,,,,11.674541547376116,3,3,true
group_TAC_TotEmiss,47,,,,11.046363250445346,3,3,true
group_TAC_TotEmiss,48,,,,10.418184953514574,3,3,true
group_TAC_TotEmiss,49,,,,9.790006656583802,3,3,true
group_TAC_TotEmiss,50,,,,9.16182835965303,3,3,true
group_TAC_TotEmiss,51,,,,8.533650062722261,3,3,true
group_TAC_TotEmiss,52,,,,7.905471765791489,3,3,true
group_TAC_TotEmiss,53,,,,7.2772934688607185,3,3,true
group_TAC_TotEmiss,54,,,,6.649115171929947,3,3,true
group_TAC_TotEmiss,55,,,,6.020936874999176,3,3,true
group_TAC_TotEmiss,56,,,,5.392758578068405,3,3,true
group_TAC_TotEmiss,57,,,,4.764580281137634,3,3,true
group_TAC_TotEmiss,58,,,,4.136401984206863,3,3,true
group_TAC_TotEmiss,59,,,,3.5082236872760917,3,3,true
group_TAC_TotEmiss,60,,,,2.8800453903453205,3,3,true
group_TAC_TotEmiss,61,,,,2.2518670934145493,3,3,true
group_TAC_ISI,1,,,501.5917758178728,,3,3,true
group_TAC_ISI,2,,,493.4494222033607,,3,3,true
group_TAC_ISI,3,,,485.30706858884867,,3,3,true
group_TAC_ISI,4,,,477.16471497433656,,3,3,true
group_TAC_ISI,5,,,469.02236135982446,,3,3,true
group_TAC_ISI,6,,,460.8800077453124,,3,3,true
group_TAC_ISI,7,,,452.7376541308003,,3,3,true
group_TAC_ISI,8,,,444.5953005162882,,3,3,true
group_TAC_ISI,9,,,436.45294690177616,,3,3,true
group_TAC_ISI,10,,,428.31059328726406,,3,3,true
group_TAC_ISI,11,,,420.16823967275195,,3,3,true
group_TAC_ISI,12,,,412.0258860582399,,3,3,true
group_TAC_ISI,13,,,403.8835324437278,,3,3,true
group_TAC_ISI,14,,,395.7411788292157,,3,3,true
group_TAC_ISI,15,,,387.59882521470365,,3,3,true
group_TAC_ISI,16,,,379.45647160019155,,3,3,true
group_TAC_ISI,17,,,371.31411798567945,,3,3,true
group_TAC_ISI,18,,,363.1717643711674,,3,3,true
group_TAC_ISI,19,,,355.0294107566553,,3,3,true
group_TAC_ISI,20,,,346.88705714214325,,3,3,true
group_TAC_ISI,21,,,338.74470352763115,,3,3,true
group_TAC_ISI,22,,,330.60234991311904,,3,3,true
group_TAC_ISI,23,,,322.459996298607,,3,3,true
group_TAC_ISI,24,,,314.3176426840949,,3,3,true
group_TAC_ISI,25,,,306.1752890695828,,3,3,true
group_TAC_ISI,26,,,298.03293545507074,,3,3,true
group_TAC_ISI,27,,,289.89058184055864,,3,3,true
group_TAC_ISI,28,,,281.74822822604654,,3,3,true
group_TAC_ISI,29,,,273.6058746115345,,3,3,true
group_TAC_ISI,30,,,265.4635209970224,,3,3,true
group_TAC_ISI,31,,,257.3211673825103,,3,3,true
group_TAC_ISI,32,,,249.1788137679982,,3,3,true
group_TAC_ISI,33,,,241.03646015348613,,3,3,true
group_TAC_ISI,34,,,232.89410653897406,,3,3,true
group_TAC_ISI,35,,,224.75175292446195,,3,3,true
group_TAC_ISI,36,,,216.60939930994988,,3,3,true
group_TAC_ISI,37,,,208.4670456954378,,3,3,true
group_TAC_ISI,38,,,200.3246920809257,,3,3,true
group_TAC_ISI,39,,,192.18233846641363,,3,3,true
group_TAC_ISI,40,,,184.03998485190155,,3,3,true
group_TAC_ISI,41,,,175.89763123738945,,3,3,true
group_TAC_ISI,42,,,167.75527762287737,,3,3,true
group_TAC_ISI,43,,,159.6129240083653,,3,3,true
group_TAC_ISI,44,,,151.4705703938532,,3,3,true
group_TAC_ISI,45,,,143.32821677934112,,3,3,true
group_TAC_ISI,46,,,135.18586316482904,,3,3,true
group_TAC_ISI,47,,,127.04350955031695,,3,3,true
group_TAC_ISI,48,,,118.90115593580487,,3,3,true
group_TAC_ISI,49,,,110.75880232129279,,3,3,true
group_TAC_ISI,50,,,102.6164487067807,,3,3,true
group_TAC_ISI,51,,,94.47409509226861,,3,3,true
group_TAC_ISI,52,,,86.33174147775654,,3,3,true
group_TAC_ISI,53,,,78.18938786324445,,3,3,true
group_TAC_ISI,54,,,70.04703424873237,,3,3,true
group_TAC_ISI,55,,,61.904680634220284,,3,3,true
group_TAC_ISI,56,,,53.7623270197082,,3,3,true
group_TAC_ISI,57,,,45.61997340519611,,3,3,true
group_TAC_ISI,58,,,37.47761979068403,,3,3,true
group_TAC_ISI,59,,,29.33526617617195,,3,3,true
group_TAC_ISI,60,,,21.192912561659863,,3,3,true
group_TAC_ISI,61,,,13.05055894714778,,3,3,true
group_TotEmiss_ISI,1,,3.363746459034643e7,,,3,3,true
group_TotEmiss_ISI,2,,3.3111959767029714e7,,,3,3,true
group_TotEmiss_ISI,3,,3.2586454943712994e7,,,3,2,true
group_TotEmiss_ISI,4,,3.2060950120396275e7,,,3,2,true
group_TotEmiss_ISI,5,,3.1535445297079556e7,,,3,3,true
group_TotEmiss_ISI,6,,3.1009940473762836e7,,,3,3,true
group_TotEmiss_ISI,7,,3.0484435650446117e7,,,3,3,true
group_TotEmiss_ISI,8,,2.9958930827129398e7,,,3,2,true
group_TotEmiss_ISI,9,,2.9433426003812674e7,,,3,2,true
group_TotEmiss_ISI,10,,2.8907921180495955e7,,,3,2,true
group_TotEmiss_ISI,11,,2.8382416357179236e7,,,3,3,true
group_TotEmiss_ISI,12,,2.7856911533862516e7,,,3,3,true
group_TotEmiss_ISI,13,,2.7331406710545797e7,,,3,3,true
group_TotEmiss_ISI,14,,2.6805901887229078e7,,,3,3,true
group_TotEmiss_ISI,15,,2.6280397063912358e7,,,3,3,true
group_TotEmiss_ISI,16,,2.575489224059564e7,,,3,3,true
group_TotEmiss_ISI,17,,2.522938741727892e7,,,3,2,true
group_TotEmiss_ISI,18,,2.47038825939622e7,,,3,3,true
group_TotEmiss_ISI,19,,2.417837777064548e7,,,3,3,true
group_TotEmiss_ISI,20,,2.365287294732876e7,,,3,3,true
group_TotEmiss_ISI,21,,2.312736812401204e7,,,3,3,true
group_TotEmiss_ISI,22,,2.2601863300695322e7,,,3,2,true
group_TotEmiss_ISI,23,,2.20763584773786e7,,,3,3,true
group_TotEmiss_ISI,24,,2.155085365406188e7,,,3,3,true
group_TotEmiss_ISI,25,,2.102534883074516e7,,,3,2,true
group_TotEmiss_ISI,26,,2.049984400742844e7,,,3,3,true
group_TotEmiss_ISI,27,,1.997433918411172e7,,,3,3,true
group_TotEmiss_ISI,28,,1.9448834360795002e7,,,3,3,true
group_TotEmiss_ISI,29,,1.8923329537478283e7,,,3,3,true
group_TotEmiss_ISI,30,,1.8397824714161564e7,,,3,3,true
group_TotEmiss_ISI,31,,1.7872319890844844e7,,,3,2,true
group_TotEmiss_ISI,32,,1.7346815067528125e7,,,3,3,true
group_TotEmiss_ISI,33,,1.6821310244211406e7,,,3,3,true
group_TotEmiss_ISI,34,,1.6295805420894684e7,,,3,3,true
group_TotEmiss_ISI,35,,1.5770300597577965e7,,,3,3,true
group_TotEmiss_ISI,36,,1.5244795774261246e7,,,3,3,true
group_TotEmiss_ISI,37,,1.4719290950944526e7,,,3,3,true
group_TotEmiss_ISI,38,,1.4193786127627807e7,,,3,3,true
group_TotEmiss_ISI,39,,1.3668281304311087e7,,,3,3,true
group_TotEmiss_ISI,40,,1.3142776480994368e7,,,3,3,true
group_TotEmiss_ISI,41,,1.2617271657677647e7,,,3,3,true
group_TotEmiss_ISI,42,,1.2091766834360927e7,,,3,3,true
group_TotEmiss_ISI,43,,1.1566262011044208e7,,,3,3,true
group_TotEmiss_ISI,44,,1.1040757187727489e7,,,3,3,true
group_TotEmiss_ISI,45,,1.051525236441077e7,,,3,3,true
group_TotEmiss_ISI,46,,9.98974754109405e6,,,3,2,true
group_TotEmiss_ISI,47,,9.46424271777733e6,,,3,3,true
group_TotEmiss_ISI,48,,8.938737894460611e6,,,3,3,true
group_TotEmiss_ISI,49,,8.41323307114389e6,,,3,3,true
group_TotEmiss_ISI,50,,7.887728247827171e6,,,3,3,true
group_TotEmiss_ISI,51,,7.362223424510451e6,,,3,3,true
group_TotEmiss_ISI,52,,6.836718601193732e6,,,3,3,true
group_TotEmiss_ISI,53,,6.311213777877012e6,,,3,3,true
group_TotEmiss_ISI,54,,5.785708954560292e6,,,3,2,true
group_TotEmiss_ISI,55,,5.260204131243573e6,,,3,3,true
group_TotEmiss_ISI,56,,4.734699307926853e6,,,3,3,true
group_TotEmiss_ISI,57,,4.209194484610134e6,,,3,3,true
group_TotEmiss_ISI,58,,3.683689661293414e6,,,3,3,true
group_TotEmiss_ISI,59,,3.158184837976694e6,,,3,3,true
group_TotEmiss_ISI,60,,2.6326800146599747e6,,,3,2,true
group_TotEmiss_ISI,61,,2.107175191343255e6,,,3,1,true
