scenario,mechanism,sink_index,sink,capacity,minimum_CO2_fraction,effective_carbon_loss,safety_index,processing_cost,mean_distance,mean_compressor_power,mean_pump_power,source1_capacity,source2_capacity,source3_capacity,source4_capacity,capture_fraction,power_price,power_carbon_intensity,treatment_emission_factor,treatment_cost_source1,treatment_cost_source2,treatment_cost_source3,treatment_cost_source4,source_capture_fraction1,source_capture_fraction2,source_capture_fraction3,source_capture_fraction4,transport_safety,treatment_safety,condition
supply_chain_condition1,Frozen original direct-use-expansion supply chain.,1,Algae,300.0,0.06,0.22,7.0,-7.0,2.2725,0.53,0.0,357.0,1260.0,399.0,3426.0,0.4,0.02,0.366,0.0338,0.0,29.0,43.0,35.0,0.99,0.99,0.99,0.99,12.0,19.0,Supply-chain condition 1
supply_chain_condition1,Frozen original direct-use-expansion supply chain.,2,Greenhouse,1400.0,0.2,0.16,3.0,-5.0,9.233875,2.2525,0.0,357.0,1260.0,399.0,3426.0,0.4,0.02,0.366,0.0338,0.0,29.0,43.0,35.0,0.99,0.99,0.99,0.99,12.0,19.0,Supply-chain condition 1
supply_chain_condition1,Frozen original direct-use-expansion supply chain.,3,Saline Storage,1400.0,0.95,0.0,18.0,9.0,6.7725,4.37,0.2045,357.0,1260.0,399.0,3426.0,0.4,0.02,0.366,0.0338,0.0,29.0,43.0,35.0,0.99,0.99,0.99,0.99,12.0,19.0,Supply-chain condition 1
supply_chain_condition1,Frozen original direct-use-expansion supply chain.,4,Methanol,756.0,0.999,0.18,32.0,-20.0,3.38625,4.37,0.0175,357.0,1260.0,399.0,3426.0,0.4,0.02,0.366,0.0338,0.0,29.0,43.0,35.0,0.99,0.99,0.99,0.99,12.0,19.0,Supply-chain condition 1
supply_chain_condition1,Frozen original direct-use-expansion supply chain.,5,Urea,900.0,0.999,0.12,25.0,-17.0,0.3764999999999999,0.7866,0.0316349999999999,357.0,1260.0,399.0,3426.0,0.4,0.02,0.366,0.0338,0.0,29.0,43.0,35.0,0.99,0.99,0.99,0.99,12.0,19.0,Supply-chain condition 1
supply_chain_condition1,Frozen original direct-use-expansion supply chain.,6,Acetic Acid,913.0,0.999,0.3,30.0,-26.0,1.7999999999999998,4.37,0.2035,357.0,1260.0,399.0,3426.0,0.4,0.02,0.366,0.0338,0.0,29.0,43.0,35.0,0.99,0.99,0.99,0.99,12.0,19.0,Supply-chain condition 1
carbon_cost_alignment_1_capacity_supply,Base-scale carbon-loss-aligned costs under capacity and source changes.,1,Algae,250.0,0.06,0.3,2.0,32.78688524590164,2.2725,0.53,0.0,357.0,1050.0,350.0,2800.0,0.4,0.08,0.732,0.0676,7.387978142076502,7.387978142076502,7.387978142076502,7.387978142076502,1.0,1.0,1.0,1.0,1.0,1.0,Supply-chain condition 2
carbon_cost_alignment_1_capacity_supply,Base-scale carbon-loss-aligned costs under capacity and source changes.,2,Greenhouse,1000.0,0.2,0.45,1.0,49.18032786885246,9.233875,2.2525,0.0,357.0,1050.0,350.0,2800.0,0.4,0.08,0.732,0.0676,7.387978142076502,7.387978142076502,7.387978142076502,7.387978142076502,1.0,1.0,1.0,1.0,1.0,1.0,Supply-chain condition 2
carbon_cost_alignment_1_capacity_supply,Base-scale carbon-loss-aligned costs under capacity and source changes.,3,Saline Storage,650.0,0.95,0.02,60.0,2.185792349726776,6.7725,4.37,0.0,357.0,1050.0,350.0,2800.0,0.4,0.08,0.732,0.0676,7.387978142076502,7.387978142076502,7.387978142076502,7.387978142076502,1.0,1.0,1.0,1.0,1.0,1.0,Supply-chain condition 2
carbon_cost_alignment_1_capacity_supply,Base-scale carbon-loss-aligned costs under capacity and source changes.,4,Methanol,500.0,0.999,0.3,2.0,32.78688524590164,3.38625,4.37,0.0,357.0,1050.0,350.0,2800.0,0.4,0.08,0.732,0.0676,7.387978142076502,7.387978142076502,7.387978142076502,7.387978142076502,1.0,1.0,1.0,1.0,1.0,1.0,Supply-chain condition 2
carbon_cost_alignment_1_capacity_supply,Base-scale carbon-loss-aligned costs under capacity and source changes.,5,Urea,700.0,0.999,0.0,60.0,0.0,0.3764999999999999,0.7866,0.0,357.0,1050.0,350.0,2800.0,0.4,0.08,0.732,0.0676,7.387978142076502,7.387978142076502,7.387978142076502,7.387978142076502,1.0,1.0,1.0,1.0,1.0,1.0,Supply-chain condition 2
carbon_cost_alignment_1_capacity_supply,Base-scale carbon-loss-aligned costs under capacity and source changes.,6,Acetic Acid,500.0,0.999,0.4,1.0,43.715846994535525,1.7999999999999998,4.37,0.0,357.0,1050.0,350.0,2800.0,0.4,0.08,0.732,0.0676,7.387978142076502,7.387978142076502,7.387978142076502,7.387978142076502,1.0,1.0,1.0,1.0,1.0,1.0,Supply-chain condition 2
