pair,i,j,current_code,paper_text,difference_paper_minus_current
f1-f2,f1,f2,0.7960601705,0.7971489528,0.0010887823
f1-f3,f1,f3,0.7953421839,0.7969134066,0.0015712227
f1-f4,f1,f4,0.5492619117,0.5487283324,-0.0005335793
f1-f5,f1,f5,0.0617463656,0.0811360971,0.0193897316
f2-f3,f2,f3,0.7951051031,0.7969009616,0.0017958585
f2-f4,f2,f4,0.5500274507,0.5485052417,-0.0015222090
f2-f5,f2,f5,0.0616355085,0.0811951590,0.0195596505
f3-f4,f3,f4,0.5493982309,0.5480893032,-0.0013089277
f3-f5,f3,f5,0.0615469538,0.0810745145,0.0195275608
f4-f5,f4,f5,0.0523547155,0.0737329522,0.0213782367
