objective,f1,f2,f3,f4,f5,f6,f7,f8,f9,f10
f1,1,0.750602360032,0.732080653326,0.712042505585,0.690137782481,0.593882497299,0.56855477215,0.529975682428,0.460084232293,0.335611784962
f2,0.750602360032,1,0.732119158125,0.712079143437,0.690169922383,0.593891485018,0.56856422556,0.529979569817,0.460115245045,0.335546980035
f3,0.732080653326,0.732119158125,1,0.723248163592,0.700171881808,0.598694692905,0.572034272067,0.531512524636,0.457407680477,0.326978223798
f4,0.712042505585,0.712079143437,0.723248163592,1,0.711975222013,0.60429605672,0.576122196324,0.533309249461,0.454225962247,0.316854488038
f5,0.690137782481,0.690169922383,0.700171881808,0.711975222013,1,0.611055658941,0.581001132458,0.535440460004,0.450236384473,0.304623726733
f6,0.593882497299,0.593891485018,0.598694692905,0.60429605672,0.611055658941,1,0.559451820487,0.526424712882,0.447291838797,0.307389996161
f7,0.56855477215,0.56856422556,0.572034272067,0.576122196324,0.581001132458,0.559451820487,1,0.528922307669,0.438179757842,0.28590224275
f8,0.529975682428,0.529979569817,0.531512524636,0.533309249461,0.535440460004,0.526424712882,0.528922307669,1,0.423424361083,0.255284050929
f9,0.460084232293,0.460115245045,0.457407680477,0.454225962247,0.450236384473,0.447291838797,0.438179757842,0.423424361083,1,0.206967061964
f10,0.335611784962,0.335546980035,0.326978223798,0.316854488038,0.304623726733,0.307389996161,0.28590224275,0.255284050929,0.206967061964,1
