objective,f1,f2,f3,f4,f5,f6,f7,f8,f9,f10,f11,f12,f13,f14,f15,f16
f1,1,0.922535211268,0.922535211268,0.922535211268,0.922535211268,0.922535211268,0.922535211268,0.922535211268,0.922535211268,0.922535211268,0.922535211268,0.922535211268,0.652065632663,0.570615775143,0.455756866895,0.255456937086
f2,0.922535211268,1,0.922535211268,0.922535211268,0.922535211268,0.922535211268,0.922535211268,0.922535211268,0.922535211268,0.922535211268,0.922535211268,0.922535211268,0.652065632663,0.570615775143,0.455756866895,0.255456937086
f3,0.922535211268,0.922535211268,1,0.922535211268,0.922535211268,0.922535211268,0.922535211268,0.922535211268,0.922535211268,0.922535211268,0.922535211268,0.922535211268,0.652065632663,0.570615775143,0.455756866895,0.255456937086
f4,0.922535211268,0.922535211268,0.922535211268,1,0.922535211268,0.922535211268,0.922535211268,0.922535211268,0.922535211268,0.922535211268,0.922535211268,0.922535211268,0.652065632663,0.570615775143,0.455756866895,0.255456937086
f5,0.922535211268,0.922535211268,0.922535211268,0.922535211268,1,0.922535211268,0.922535211268,0.922535211268,0.922535211268,0.922535211268,0.922535211268,0.922535211268,0.652065632663,0.570615775143,0.455756866895,0.255456937086
f6,0.922535211268,0.922535211268,0.922535211268,0.922535211268,0.922535211268,1,0.922535211268,0.922535211268,0.922535211268,0.922535211268,0.922535211268,0.922535211268,0.652065632663,0.570615775143,0.455756866895,0.255456937086
f7,0.922535211268,0.922535211268,0.922535211268,0.922535211268,0.922535211268,0.922535211268,1,0.922535211268,0.922535211268,0.922535211268,0.922535211268,0.922535211268,0.652065632663,0.570615775143,0.455756866895,0.255456937086
f8,0.922535211268,0.922535211268,0.922535211268,0.922535211268,0.922535211268,0.922535211268,0.922535211268,1,0.922535211268,0.922535211268,0.922535211268,0.922535211268,0.652065632663,0.570615775143,0.455756866895,0.255456937086
f9,0.922535211268,0.922535211268,0.922535211268,0.922535211268,0.922535211268,0.922535211268,0.922535211268,0.922535211268,1,0.922535211268,0.922535211268,0.922535211268,0.652065632663,0.570615775143,0.455756866895,0.255456937086
f10,0.922535211268,0.922535211268,0.922535211268,0.922535211268,0.922535211268,0.922535211268,0.922535211268,0.922535211268,0.922535211268,1,0.922535211268,0.922535211268,0.652065632663,0.570615775143,0.455756866895,0.255456937086
f11,0.922535211268,0.922535211268,0.922535211268,0.922535211268,0.922535211268,0.922535211268,0.922535211268,0.922535211268,0.922535211268,0.922535211268,1,0.922535211268,0.652065632663,0.570615775143,0.455756866895,0.255456937086
f12,0.922535211268,0.922535211268,0.922535211268,0.922535211268,0.922535211268,0.922535211268,0.922535211268,0.922535211268,0.922535211268,0.922535211268,0.922535211268,1,0.652065632663,0.570615775143,0.455756866895,0.255456937086
f13,0.652065632663,0.652065632663,0.652065632663,0.652065632663,0.652065632663,0.652065632663,0.652065632663,0.652065632663,0.652065632663,0.652065632663,0.652065632663,0.652065632663,1,0.555361317414,0.456384022319,0.265440243339
f14,0.570615775143,0.570615775143,0.570615775143,0.570615775143,0.570615775143,0.570615775143,0.570615775143,0.570615775143,0.570615775143,0.570615775143,0.570615775143,0.570615775143,0.555361317414,1,0.445075195732,0.229759522766
f15,0.455756866895,0.455756866895,0.455756866895,0.455756866895,0.455756866895,0.455756866895,0.455756866895,0.455756866895,0.455756866895,0.455756866895,0.455756866895,0.455756866895,0.456384022319,0.445075195732,1,0.172389709443
f16,0.255456937086,0.255456937086,0.255456937086,0.255456937086,0.255456937086,0.255456937086,0.255456937086,0.255456937086,0.255456937086,0.255456937086,0.255456937086,0.255456937086,0.265440243339,0.229759522766,0.172389709443,1
