family,seed,method,solution_index,f1,f2,f3,collapsed_block_l2,radial_gap,distance_to_true_front,nearest_true_f1,nearest_true_f2,nearest_true_f3,g_value,evals,total_seconds,groups,ari_vs_known
DTLZ5,0,Full NSGA-III,0,0.6582278120954567,0.6612240046762724,0.3686321002249333,0.9329957325604973,0.0031802740745772162,0.0038202357255008646,0.6576554971506582,0.6576554971506582,0.3673941944765065,0.003180274074577496,5600,0.37987416699616006,1 1 2,1.0
DTLZ5,0,Full NSGA-III,1,0.6566686001941184,0.6491805362123153,0.403427307557698,0.9233899604597249,0.007671876932697552,0.009317317872162884,0.6480650775042617,0.6480650775042617,0.4000291372372648,0.007671876932697655,5600,0.37987416699616006,1 1 2,1.0
DTLZ5,0,Full NSGA-III,2,0.1715330931017911,0.17164429955180444,0.9705774456353606,0.24266307423606356,0.0004528702411517038,0.0004620852164751772,0.17154356120607284,0.17154356120607284,0.9701265964901059,0.00045287024115169813,5600,0.37987416699616006,1 1 2,1.0
DTLZ5,0,Full NSGA-III,3,0.5002990610403708,0.5006433820333843,0.7072138151696452,0.7077732309516247,0.0005470137972063416,0.000714642352306082,0.5003925448287652,0.5003925448287652,0.7065512027868784,0.0005470137972063643,5600,0.37987416699616006,1 1 2,1.0
DTLZ5,0,Full NSGA-III,4,0.3195887457770654,0.32001404497296904,0.8928642142673391,0.4522675705899321,0.0008758467095466571,0.0009262190356542655,0.31953438210746177,0.31953438210746177,0.8920737398345527,0.0008758467095467222,5600,0.37987416699616006,1 1 2,1.0
DTLZ5,0,Full NSGA-III,5,0.31445783487678813,0.3123782496811743,0.9011966200957418,0.4432424853161883,0.004300377805992905,0.004543829227976453,0.3120810439687091,0.3120810439687091,0.8973354133158912,0.004300377805992854,5600,0.37987416699616006,1 1 2,1.0
DTLZ5,0,Full NSGA-III,6,1.9148206155841336e-06,1.9156628055681323e-06,1.0003201984076318,2.70856086778628e-06,0.0003201984112988221,0.0003202098632957548,4.3297802811774664e-17,4.3297802811774664e-17,1.0,0.00032019841129889154,5600,0.37987416699616006,1 1 2,1.0
DTLZ5,0,Full NSGA-III,7,0.07118476326863606,0.07121980455001933,0.9953095161646462,0.10069523862504479,0.0003902058945084441,0.0004902771505609897,0.0709664491428047,0.0709664491428047,0.9949510169813002,0.0003902058945085382,5600,0.37987416699616006,1 1 2,1.0
DTLZ5,0,Full NSGA-III,8,0.7071721400101055,0.7074394906087486,1.9105853618158117e-05,1.0002814946200085,0.0002814948024738584,0.00033960619705882764,0.7071067811865475,0.7071067811865475,0.0,0.000281494802473749,5600,0.37987416699616006,1 1 2,1.0
DTLZ5,0,ORCA-reduced NSGA-III (L2),0,0.03189978459469273,0.03190024421557056,0.9990019833410905,0.045113433012804946,2.0092076970845696e-05,0.00036071081774159724,0.03164496827006695,0.03164496827006695,0.9989980940754456,2.0092076970741816e-05,5616,0.6072637499964912,1 1 2,1.0
DTLZ5,0,ORCA-reduced NSGA-III (L2),1,0.28346220014669044,0.2834684106065213,0.9161490776899206,0.4008804793498802,1.714549095699347e-05,0.0001373376230818953,0.2833722174398269,0.2833722174398269,0.916187957117136,1.7145490956896942e-05,5616,0.6072637499964912,1 1 2,1.0
DTLZ5,0,ORCA-reduced NSGA-III (L2),2,0.7063840865127056,0.7063973179735292,0.045550016586279066,0.9989873114902836,2.522594662335287e-05,2.9275082944370742e-05,0.7063732549447894,0.7063732549447894,0.0455373406931845,2.522594662327573e-05,5616,0.6072637499964912,1 1 2,1.0
DTLZ5,0,ORCA-reduced NSGA-III (L2),3,0.23510602377847226,0.2351112816243631,0.9431311630875976,0.33249384530239673,2.4273680863551306e-05,0.0003547813780388027,0.23533895684362194,0.23533895684362194,0.9429905358928644,2.427368086350473e-05,5616,0.6072637499964912,1 1 2,1.0
DTLZ5,0,ORCA-reduced NSGA-III (L2),4,0.6813191489602177,0.6813313432239844,0.2676410434263987,0.9635394034492176,1.995486372452504e-05,3.2371056616342046e-05,0.6813071111593232,0.6813071111593232,0.2676588137302323,1.995486372462389e-05,5616,0.6072637499964912,1 1 2,1.0
DTLZ5,0,ORCA-reduced NSGA-III (L2),5,0.38228967678704845,0.38229623652454714,0.8412736140747132,0.5406438841222366,1.855141647655323e-05,0.0002068106166189274,0.3821633615661444,0.3821633615661444,0.8413693185236366,1.855141647662493e-05,5616,0.6072637499964912,1 1 2,1.0
DTLZ5,0,ORCA-reduced NSGA-III (L2),6,0.6992947222581347,0.6993240233535266,0.14828484199907346,0.9889727995336604,2.7795905761740514e-05,0.0003908402522651253,0.6993307001893077,0.6993307001893077,0.14789571848253516,2.7795905761755757e-05,5616,0.6072637499964912,1 1 2,1.0
DTLZ5,0,ORCA-reduced NSGA-III (L2),7,1.0489368075366788e-05,1.0489604919472455e-05,1.00002039545467,1.483437406792564e-05,2.0395564697128776e-05,2.5219699149327415e-05,4.3297802811774664e-17,4.3297802811774664e-17,1.0,2.0395564697213923e-05,5616,0.6072637499964912,1 1 2,1.0
DTLZ5,0,ORCA-reduced NSGA-III (L2),8,0.47790160224137856,0.47791884257764167,0.7370915572210678,0.6758671182382151,5.016136302282703e-05,0.00011851397804043191,0.47794184641075227,0.47794184641075227,0.7369824847979508,5.016136302282379e-05,5616,0.6072637499964912,1 1 2,1.0
DTLZ5,0,ORCA-reduced NSGA-III (L2),9,0.6919577019894504,0.6919676709866147,0.20595015232792302,0.9785830159128867,2.009193668484066e-05,8.785228341379978e-05,0.6919611933882053,0.6919611933882053,0.20586260876988133,2.009193668494406e-05,5616,0.6072637499964912,1 1 2,1.0
DTLZ5,0,ORCA-reduced NSGA-III (L2),10,0.703961317794725,0.7039719222676465,0.09436431943412403,0.9955591415342893,2.131431022833752e-05,0.00025613146727682573,0.7039686162622394,0.7039686162622394,0.09410831331851433,2.1314310228246927e-05,5616,0.6072637499964912,1 1 2,1.0
DTLZ5,0,ORCA-reduced NSGA-III (L2),11,0.6239525734727215,0.6239614222519027,0.4705263103989117,0.8824084487366658,1.9839392930265376e-05,0.00021290773863553254,0.6238741091935511,0.6238741091935511,0.4707039321653326,1.9839392930254127e-05,5616,0.6072637499964912,1 1 2,1.0
DTLZ5,0,ORCA-reduced NSGA-III (L2),12,0.5947317458680557,0.5947412186693647,0.5409456719659295,0.8410843992891478,2.259311790431262e-05,0.00022454853241171514,0.5946376167451239,0.5946376167451239,0.5411212521268759,2.259311790439061e-05,5616,0.6072637499964912,1 1 2,1.0
DTLZ5,0,ORCA-reduced NSGA-III (L2),13,0.5214350917429957,0.5214473823470377,0.6754517340610142,0.7374292694608778,1.84860809500087e-05,0.000145771695281324,0.5215005264979948,0.5215005264979948,0.6753328081210245,1.8486080950072585e-05,5616,0.6072637499964912,1 1 2,1.0
DTLZ5,0,ORCA-reduced NSGA-III (L2),14,0.06697900135874622,0.06698102762160453,0.9955244672165158,0.0947240449107885,2.0804539079932738e-05,0.00017016758654667488,0.06709750159097468,0.06709750159097468,0.9954877450579179,2.0804539080013176e-05,5616,0.6072637499964912,1 1 2,1.0
DTLZ5,0,ORCA-reduced NSGA-III (L2),15,0.18926547140376862,0.1892683942066079,0.9635350830654031,0.26766386328983355,2.1899764746091677e-05,2.2013209619742653e-05,0.18926336223299428,0.18926336223299428,0.9635137567427488,2.1899764746171677e-05,5616,0.6072637499964912,1 1 2,1.0
DTLZ5,0,ORCA-reduced NSGA-III (L2),16,0.3328204422730798,0.3328289044509938,0.8823214152062865,0.47068516699902196,1.780292378872339e-05,3.604579082546455e-05,0.3328379423652793,0.3328379423652793,0.8822912264349533,1.7802923788786643e-05,5616,0.6072637499964912,1 1 2,1.0
DTLZ5,0,ORCA-reduced NSGA-III (L2),17,0.4311618993164381,0.431177496736175,0.7926133004091459,0.6097660347328576,2.523023137346314e-05,6.739555890663902e-05,0.43119329391440075,0.43119329391440075,0.7925557939769908,2.5230231373494603e-05,5616,0.6072637499964912,1 1 2,1.0
DTLZ5,0,ORCA-reduced NSGA-III (L2),18,0.14567671507447763,0.14567887016297928,0.9785694404330719,0.20601951006361682,2.1093915697489862e-05,0.0001573269120001499,0.14556684665393632,0.14556684665393632,0.9785809043254721,2.1093915697490492e-05,5616,0.6072637499964912,1 1 2,1.0
DTLZ5,0,ORCA-reduced NSGA-III (L2),19,0.666853239481754,0.6668625157085057,0.33262578084031247,0.9430794546931804,1.9383784141568938e-05,0.0002132930798407458,0.6667950025245808,0.6667950025245808,0.3328195445229867,1.9383784141503547e-05,5616,0.6072637499964912,1 1 2,1.0
DTLZ5,0,ORCA-reduced NSGA-III (L2),20,0.10457197827364705,0.10457532689292016,0.9890495507292523,0.14788947776912736,4.5154696807214734e-05,4.706565262646326e-05,0.10457806544745715,0.10457806544745715,0.9890029607915918,4.51546968071833e-05,5616,0.6072637499964912,1 1 2,1.0
DTLZ5,0,ORCA-reduced NSGA-III (L2),21,0.647867379512602,0.6478850429769307,0.400688380993007,0.9162353247663753,1.917432244380457e-05,7.780837188448866e-05,0.6478427173189766,0.6478427173189766,0.40074883310314097,1.9174322443731668e-05,5616,0.6072637499964912,1 1 2,1.0
DTLZ5,0,ORCA-reduced NSGA-III (L2),22,0.5605038380173267,0.5605139803511554,0.6096806995546041,0.792679301231746,2.5514679820926034e-05,0.0001714534165797648,0.5604215763898185,0.5604215763898185,0.6097994042580738,2.5514679820969436e-05,5616,0.6072637499964912,1 1 2,1.0
DTLZ5,0,ORCA-reduced NSGA-III (L2),23,0.7071222563188783,0.7071258850283973,3.736131677445331e-07,1.0000244510304213,2.4451030491201564e-05,2.4588128860903826e-05,0.7071067811865475,0.7071067811865475,0.0,2.4451030491306122e-05,5616,0.6072637499964912,1 1 2,1.0
DTLZ5,1,Full NSGA-III,0,0.707799436300093,0.7072095771935961,1.486029793262401e-06,1.000562555816014,0.0005625558171176159,0.0007002430532825658,0.7071067811865475,0.7071067811865475,0.0,0.000562555817117634,5600,0.3532075829934911,1 1 2,1.0
DTLZ5,1,Full NSGA-III,1,0.4999659993320163,0.49981267916459227,0.7075560138113227,0.7069502915635224,0.00020709226755544208,0.0004268906135766228,0.4996071467461131,0.4996071467461131,0.7076619234072267,0.00020709226755539703,5600,0.3532075829934911,1 1 2,1.0
DTLZ5,1,Full NSGA-III,2,6.097020462610262e-08,6.096252289210504e-08,1.0000943528588757,8.621945864779746e-08,9.435285887926526e-05,9.435289826929093e-05,4.3297802811774664e-17,4.3297802811774664e-17,1.0,9.435285887952326e-05,5600,0.3532075829934911,1 1 2,1.0
DTLZ5,1,Full NSGA-III,3,0.311201972123174,0.3113062030701526,0.8983006260191528,0.44017975819352245,0.0003510554948746858,0.0003713061648934421,0.31108397031469787,0.31108397031469787,0.8980275757606156,0.0003510554948746834,5600,0.3532075829934911,1 1 2,1.0
DTLZ5,1,Full NSGA-III,4,0.17198070142789063,0.17178911857178147,0.9707481856252833,0.24308200863761772,0.0007201920707298193,0.0007986006801620336,0.17154356120607284,0.17154356120607284,0.9701265964901059,0.0007201920707298518,5600,0.3532075829934911,1 1 2,1.0
DTLZ5,1,Full NSGA-III,5,0.06916029135757787,0.06913341490082857,0.9954885575059976,0.0977884193374408,0.0002799823458865536,0.0003807735344400897,0.06930858459954568,0.06930858459954568,0.9951847266721969,0.0002799823458866379,5600,0.3532075829934911,1 1 2,1.0
DTLZ5,1,Full NSGA-III,6,0.6715977238675139,0.6621574878870928,0.3614486962693502,0.9431309778970103,0.010020396578100721,0.012021891330947195,0.6602736420998162,0.6602736420998162,0.3578790788750964,0.01002039657810078,5600,0.3532075829934911,1 1 2,1.0
DTLZ5,1,Full NSGA-III,7,0.6524162485006334,0.6522451092216578,0.38634815452774335,0.9225349011344842,0.0001677560880504192,0.00020863725860975716,0.6522138119073483,0.6522138119073483,0.386308538754416,0.00016775608805022355,5600,0.3532075829934911,1 1 2,1.0
DTLZ5,1,Full NSGA-III,8,0.314411158047805,0.3142956857173521,0.8960091365200334,0.4445628801030315,0.00023423611316086834,0.0004101956467064162,0.31407287873159256,0.31407287873159256,0.8959444478819547,0.00023423611316089344,5600,0.3532075829934911,1 1 2,1.0
DTLZ5,1,ORCA-reduced NSGA-III (L2),0,0.031750688731353886,0.03175101328732494,0.9990177548314176,0.04490248411488174,2.6353426795244772e-05,0.0001510261796688328,0.03164496827006695,0.03164496827006695,0.9989980940754456,2.6353426795228475e-05,5616,0.3816101670017815,1 1 2,1.0
DTLZ5,1,ORCA-reduced NSGA-III (L2),1,0.5603412721325274,0.5603522259083903,0.6099871291198129,0.7924499721342583,3.0627544685746244e-05,0.00021563600517625285,0.5604215763898185,0.5604215763898185,0.6097994042580738,3.062754468576431e-05,5616,0.3816101670017815,1 1 2,1.0
DTLZ5,1,ORCA-reduced NSGA-III (L2),2,0.43119873869422476,0.4311857079153167,0.7926016165223859,0.6097978902570286,3.539411153963279e-05,4.676428846802418e-05,0.43119329391440075,0.43119329391440075,0.7925557939769908,3.539411153954425e-05,5616,0.3816101670017815,1 1 2,1.0
DTLZ5,1,ORCA-reduced NSGA-III (L2),3,0.2355962637324828,0.2356301920962013,0.9430726726321,0.33320742325464225,0.00020660504590286344,0.00039720429420197367,0.23533895684362194,0.23533895684362194,0.9429905358928644,0.00020660504590263256,5616,0.3816101670017815,1 1 2,1.0
DTLZ5,1,ORCA-reduced NSGA-III (L2),4,3.884985387323776e-06,3.884899522355072e-06,1.0000288999221913,5.494138309008423e-06,2.8899937283721755e-05,2.941752978113429e-05,4.3297802811774664e-17,4.3297802811774664e-17,1.0,2.889993728379663e-05,5616,0.3816101670017815,1 1 2,1.0
DTLZ5,1,ORCA-reduced NSGA-III (L2),5,0.7064000454755748,0.70642202513092,0.0449912632134415,0.9990160668567669,2.8657391129671694e-05,0.00023970046777328956,0.706398326713184,0.706398326713184,0.044752743308395,2.86573911295673e-05,5616,0.3816101670017815,1 1 2,1.0
DTLZ5,1,ORCA-reduced NSGA-III (L2),6,0.2834107286162507,0.28340428985461324,0.9161984333320253,0.4007987432649855,2.9600483330449734e-05,5.120060134593064e-05,0.2833722174398269,0.2833722174398269,0.916187957117136,2.9600483330356025e-05,5616,0.3816101670017815,1 1 2,1.0
DTLZ5,1,ORCA-reduced NSGA-III (L2),7,0.06752020722387589,0.0675144175418606,0.9955014669009494,0.09548389895459777,7.0170318820173e-05,0.00020796396508245747,0.06765033527928943,0.06765033527928943,0.9954129114458982,7.017031882006398e-05,5616,0.3816101670017815,1 1 2,1.0
DTLZ5,1,ORCA-reduced NSGA-III (L2),8,0.6478308922462986,0.6478437979134772,0.4008369530497543,0.916180359669205,2.8356784848693195e-05,8.891639342354965e-05,0.6478427173189766,0.6478427173189766,0.40074883310314097,2.8356784848769574e-05,5616,0.3816101670017815,1 1 2,1.0
DTLZ5,1,ORCA-reduced NSGA-III (L2),9,0.5216326085171904,0.5216448085062612,0.6751687523804034,0.7377085362865081,3.3363793874974235e-05,0.00025529834260109804,0.5215005264979948,0.5215005264979948,0.6753328081210245,3.3363793874898354e-05,5616,0.3816101670017815,1 1 2,1.0
DTLZ5,1,ORCA-reduced NSGA-III (L2),10,0.47803751319269455,0.4780749232805522,0.736987670197527,0.6760735879245405,0.00011315475417084109,0.0001639770557477437,0.47794184641075227,0.47794184641075227,0.7369824847979508,0.00011315475417087559,5616,0.3816101670017815,1 1 2,1.0
DTLZ5,1,ORCA-reduced NSGA-III (L2),11,0.6668258160028814,0.6668042190138347,0.33281779193576827,0.9430188414780262,2.6108664948232274e-05,3.221002454370123e-05,0.6667950025245808,0.6667950025245808,0.3328195445229867,2.610866494825925e-05,5616,0.3816101670017815,1 1 2,1.0
DTLZ5,1,ORCA-reduced NSGA-III (L2),12,0.6919939746441155,0.6919273756687762,0.20620074283279394,0.9785801725682166,6.894786731415081e-05,0.00034139843788193647,0.6919611933882053,0.6919611933882053,0.20586260876988133,6.894786731391614e-05,5616,0.3816101670017815,1 1 2,1.0
DTLZ5,1,ORCA-reduced NSGA-III (L2),13,0.3327607603591441,0.33275275028958023,0.8823869921645814,0.4705891163850642,3.0459736768406742e-05,0.0001496189386547553,0.3328379423652793,0.3328379423652793,0.8822912264349533,3.045973676840479e-05,5616,0.3816101670017815,1 1 2,1.0
DTLZ5,1,ORCA-reduced NSGA-III (L2),14,0.7039627666919952,0.7039474234113556,0.09459274355205421,0.9955428427828382,2.666911879889433e-05,0.0003027075596229663,0.7039161351185588,0.7039161351185588,0.09489019675130679,2.6669118798920376e-05,5616,0.3816101670017815,1 1 2,1.0
DTLZ5,1,ORCA-reduced NSGA-III (L2),15,0.7071355711500167,0.7071171189183966,1.0605536112500301e-05,1.0000276675438107,2.7667600047687202e-05,3.237604195353059e-05,0.7071067811865475,0.7071067811865475,0.0,2.7667600047760314e-05,5616,0.3816101670017815,1 1 2,1.0
DTLZ5,1,ORCA-reduced NSGA-III (L2),16,0.3822820388010161,0.38229861184212505,0.8412982074712099,0.5406401629607972,3.722915726900311e-05,0.0001934779186544894,0.3821633615661444,0.3821633615661444,0.8413693185236366,3.722915726902806e-05,5616,0.3816101670017815,1 1 2,1.0
DTLZ5,1,ORCA-reduced NSGA-III (L2),17,0.10519653519456852,0.1051866253836464,0.9889516579987495,0.14876335965734863,7.795647890240787e-05,0.00011208164206175539,0.10512728618402288,0.10512728618402288,0.9888864987445046,7.795647890233101e-05,5616,0.3816101670017815,1 1 2,1.0
DTLZ5,1,ORCA-reduced NSGA-III (L2),18,0.18920143217395707,0.18920743380088995,0.963586082298006,0.26757547522557934,4.738534762149804e-05,0.00011042783921309637,0.18926336223299428,0.18926336223299428,0.9635137567427488,4.7385347621603345e-05,5616,0.3816101670017815,1 1 2,1.0
DTLZ5,1,ORCA-reduced NSGA-III (L2),19,0.5950622207723714,0.5950724075569401,0.5402254208188204,0.8415522662474146,2.68607017670508e-05,0.0002980523605006486,0.5949379506103677,0.5949379506103677,0.5404606089689343,2.6860701766754307e-05,5616,0.3816101670017815,1 1 2,1.0
DTLZ5,1,ORCA-reduced NSGA-III (L2),20,0.6813096597167562,0.681318192861813,0.2677422467186331,0.9635233948108622,3.162101295095532e-05,8.420429222166277e-05,0.6813071111593232,0.6813071111593232,0.2676588137302323,3.162101295068998e-05,5616,0.3816101670017815,1 1 2,1.0
DTLZ5,1,ORCA-reduced NSGA-III (L2),21,0.6992915783589702,0.6993035742997182,0.1483902308106473,0.9889561166159706,2.693023347033474e-05,0.00029078716643478396,0.6992483490860615,0.6992483490860615,0.148672433896923,2.6930233470397676e-05,5616,0.3816101670017815,1 1 2,1.0
DTLZ5,1,ORCA-reduced NSGA-III (L2),22,0.6240961271941518,0.624059098954291,0.47027917395860924,0.8825790247713688,5.411674847488612e-05,0.000281694861983518,0.6241353270568706,0.6241353270568706,0.4700108371508324,5.4116748474928894e-05,5616,0.3816101670017815,1 1 2,1.0
DTLZ5,1,ORCA-reduced NSGA-III (L2),23,0.14582834705497094,0.1458243976706693,0.9785379979316379,0.20622963356607737,3.363701270409081e-05,0.00036953476777335756,0.14556684665393632,0.14556684665393632,0.9785809043254721,3.363701270404999e-05,5616,0.3816101670017815,1 1 2,1.0
DTLZ5,2,Full NSGA-III,0,0.648821845326689,0.6494577487461644,0.3981608406341923,0.9180224149657599,0.0006483944893393989,0.0007898548266558378,0.6487297589580938,0.6487297589580938,0.3978685708677513,0.0006483944893394937,5600,0.3608464589997311,1 1 2,1.0
DTLZ5,2,Full NSGA-III,1,0.5003103051492566,0.5007789028315249,0.7072075464159103,0.7078770450860008,0.0006160225917331008,0.0007660436218342528,0.5003925448287652,0.5003925448287652,0.7065512027868784,0.0006160225917333355,5600,0.3608464589997311,1 1 2,1.0
DTLZ5,2,Full NSGA-III,2,0.3078974788529049,0.30856877150755335,0.9015430464150985,0.4359077244482549,0.001396728960641358,0.0015133142851204422,0.3075881840835781,0.3075881840835781,0.900432683782821,0.0013967289606412836,5600,0.3608464589997311,1 1 2,1.0
DTLZ5,2,Full NSGA-III,3,0.07155507497143561,0.07158080954968503,0.9950957919820659,0.10121235621185809,0.00022976173995692406,0.00023507197926408622,0.07151898356036772,0.07151898356036772,0.9948718862149959,0.00022976173995693826,5600,0.3608464589997311,1 1 2,1.0
DTLZ5,2,Full NSGA-III,4,5.338747882183302e-06,5.336979865039211e-06,1.0002383248957236,7.5488795876839e-06,0.0002383249242094987,0.00023844442015845535,4.3297802811774664e-17,4.3297802811774664e-17,1.0,0.00023832492420966517,5600,0.3608464589997311,1 1 2,1.0
DTLZ5,2,Full NSGA-III,5,0.1678095355445434,0.16788167811324187,0.9717029540297788,0.23736953904364713,0.00027542653810708195,0.00028344820863112816,0.1677695986619125,0.1677695986619125,0.971445687380227,0.00027542653810706276,5600,0.3608464589997311,1 1 2,1.0
DTLZ5,2,Full NSGA-III,6,0.07148796682827009,0.07146123626844635,0.9951244874486812,0.10108035264211614,0.00024496160203413275,0.0002609677578813329,0.07151898356036772,0.07151898356036772,0.9948718862149959,0.00024496160203444007,5600,0.3608464589997311,1 1 2,1.0
DTLZ5,2,Full NSGA-III,7,0.7071659616761788,0.70741071391133,1.1899693063372225e-06,1.0002567747883204,0.00025677478902808026,0.00030964309708714666,0.7071067811865475,0.7071067811865475,0.0,0.00025677478902814076,5600,0.3608464589997311,1 1 2,1.0
DTLZ5,2,Full NSGA-III,8,0.31004805448753914,0.30967115445228766,0.899812904556378,0.43820773611532765,0.0008442851900118953,0.0008854947026971152,0.3095869214115565,0.3095869214115565,0.8990616642821723,0.0008442851900119163,5600,0.3608464589997311,1 1 2,1.0
DTLZ5,2,Full NSGA-III,9,0.667605383364551,0.6617728259020441,0.358168862600439,0.9400213939053229,0.005944906610793721,0.007238607432640023,0.6606703310699259,0.6606703310699259,0.35641187871325075,0.005944906610793798,5600,0.3608464589997311,1 1 2,1.0
DTLZ5,2,ORCA-reduced NSGA-III (L2),0,0.43107628294995604,0.431088045650229,0.7927071688896842,0.6096422433070764,2.4159924940425626e-05,0.0002183646654208659,0.43119329391440075,0.43119329391440075,0.7925557939769908,2.415992494040532e-05,5616,0.38814837399695534,1 1 2,1.0
DTLZ5,2,ORCA-reduced NSGA-III (L2),1,0.6919505399877003,0.6919812672509605,0.2060302100440507,0.978587565839417,4.103489122431192e-05,0.00016913498163133978,0.6919611933882053,0.6919611933882053,0.20586260876988133,4.103489122436712e-05,5616,0.38814837399695534,1 1 2,1.0
DTLZ5,2,ORCA-reduced NSGA-III (L2),2,0.6668195807566368,0.6668472678503883,0.3328049486854056,0.9430448726969383,4.638181910343597e-05,5.957174034268426e-05,0.6667950025245808,0.6667950025245808,0.3328195445229867,4.638181910341591e-05,5616,0.38814837399695534,1 1 2,1.0
DTLZ5,2,ORCA-reduced NSGA-III (L2),3,0.1456225275611817,0.14563683208823827,0.978627503005163,0.2059514685405395,6.389647468285631e-05,0.00010084523486531154,0.14556684665393632,0.14556684665393632,0.9785809043254721,6.389647468293502e-05,5616,0.38814837399695534,1 1 2,1.0
DTLZ5,2,ORCA-reduced NSGA-III (L2),4,0.235488621918281,0.23549988988594953,0.9429585543607998,0.3330391706530411,4.29612929011558e-05,0.00022208533737892982,0.23533895684362194,0.23533895684362194,0.9429905358928644,4.2961292901158735e-05,5616,0.38814837399695534,1 1 2,1.0
DTLZ5,2,ORCA-reduced NSGA-III (L2),5,0.5948404229373543,0.5949133485244954,0.5407449295878464,0.8412829613233103,8.104665966102154e-05,0.0003015876721141003,0.5949379506103677,0.5949379506103677,0.5404606089689343,8.104665966108514e-05,5616,0.38814837399695534,1 1 2,1.0
DTLZ5,2,ORCA-reduced NSGA-III (L2),6,0.5213828187064712,0.5214168285021262,0.6755548771895304,0.7373707023522977,4.4971379828728786e-05,0.0002649059264812781,0.5215005264979948,0.5215005264979948,0.6753328081210245,4.4971379828750036e-05,5616,0.38814837399695534,1 1 2,1.0
DTLZ5,2,ORCA-reduced NSGA-III (L2),7,9.475166262503111e-09,9.864875317366947e-09,1.037635524669145,1.3678250645797977e-08,0.037635524669145104,0.03763552466914759,4.3297802811774664e-17,4.3297802811774664e-17,1.0,0.037635524669145354,5616,0.38814837399695534,1 1 2,1.0
DTLZ5,2,ORCA-reduced NSGA-III (L2),8,0.7039441429143922,0.703973396714542,0.09453915613491595,0.9955480398380021,2.6775475532092585e-05,0.00035678122338212955,0.7039161351185588,0.7039161351185588,0.09489019675130679,2.6775475532172884e-05,5616,0.38814837399695534,1 1 2,1.0
DTLZ5,2,ORCA-reduced NSGA-III (L2),9,0.03203804155298763,0.03203948291505472,0.9990084485655432,0.045309652084462596,3.5421811321878494e-05,0.00023225379226534564,0.0321997624013528,0.0321997624013528,0.9989626372405491,3.5421811321841766e-05,5616,0.38814837399695534,1 1 2,1.0
DTLZ5,2,ORCA-reduced NSGA-III (L2),10,0.10491376179701405,0.10492407350179932,0.9889954041605288,0.14837775646845314,6.393198897991503e-05,0.0003142426573579519,0.10512728618402288,0.10512728618402288,0.9888864987445046,6.393198897993768e-05,5616,0.38814837399695534,1 1 2,1.0
DTLZ5,2,ORCA-reduced NSGA-III (L2),11,0.7063850055040715,0.7064130408111492,0.04594299435879466,0.9989990791932901,5.495796965759858e-05,0.00038630097058729235,0.7063477474498804,0.7063477474498804,0.046321909988254306,5.495796965770645e-05,5616,0.38814837399695534,1 1 2,1.0
DTLZ5,2,ORCA-reduced NSGA-III (L2),12,0.33280626678384284,0.3328239404189309,0.8823646084251464,0.47067163344159846,4.9543136660945564e-05,8.114378254424316e-05,0.3328379423652793,0.3328379423652793,0.8822912264349533,4.95431366610374e-05,5616,0.38814837399695534,1 1 2,1.0
DTLZ5,2,ORCA-reduced NSGA-III (L2),13,0.2832989838496413,0.28331313574485706,0.9162664641840987,0.40065527219272074,3.443966908123208e-05,0.0001225445428204489,0.2833722174398269,0.2833722174398269,0.916187957117136,3.4439669081200905e-05,5616,0.38814837399695534,1 1 2,1.0
DTLZ5,2,ORCA-reduced NSGA-III (L2),14,0.6992313016166155,0.6992643227685909,0.14896321489224892,0.9888857397381572,4.252192020137713e-05,0.0002917179493805534,0.6992483490860615,0.6992483490860615,0.148672433896923,4.2521920201623716e-05,5616,0.38814837399695534,1 1 2,1.0
DTLZ5,2,ORCA-reduced NSGA-III (L2),15,0.7075574906795846,0.7087256833319446,5.953672066850287e-05,1.0014637770938708,0.0014637788635909477,0.0016815254457168763,0.7071067811865475,0.7071067811865475,0.0,0.0014637788635911834,5616,0.38814837399695534,1 1 2,1.0
DTLZ5,2,ORCA-reduced NSGA-III (L2),16,0.1892050160615307,0.18922112188837445,0.9635904833807661,0.2675876885649621,5.489386009083219e-05,0.00010524019868620046,0.18926336223299428,0.18926336223299428,0.9635137567427488,5.489386009085962e-05,5616,0.38814837399695534,1 1 2,1.0
DTLZ5,2,ORCA-reduced NSGA-III (L2),17,0.6478614449848541,0.6479133577289728,0.40076070360597965,0.9162511506249229,6.265432534524606e-05,7.403851586373268e-05,0.6478427173189766,0.6478427173189766,0.40074883310314097,6.265432534521622e-05,5616,0.38814837399695534,1 1 2,1.0
DTLZ5,2,ORCA-reduced NSGA-III (L2),18,0.6812970145275795,0.6813446396093145,0.26779523306687103,0.9635331545559496,5.521186676449297e-05,0.00014184696662340797,0.6813071111593232,0.6813071111593232,0.2676588137302323,5.521186676456005e-05,5616,0.38814837399695534,1 1 2,1.0
DTLZ5,2,ORCA-reduced NSGA-III (L2),19,0.5604229804331697,0.5604757146619698,0.6098490335846755,0.7925950692020755,6.139185932241276e-05,7.345742922397528e-05,0.5604215763898185,0.5604215763898185,0.6097994042580738,6.139185932248659e-05,5616,0.38814837399695534,1 1 2,1.0
DTLZ5,2,ORCA-reduced NSGA-III (L2),20,0.06721904691994018,0.06722405713066314,0.9955295952748988,0.09506563062396305,5.8322896287599235e-05,0.00018039127551109182,0.06709750159097468,0.06709750159097468,0.9954877450579179,5.832289628754017e-05,5616,0.38814837399695534,1 1 2,1.0
DTLZ5,2,ORCA-reduced NSGA-III (L2),21,0.6239778639605628,0.6240162024666813,0.4704623230499679,0.882465067667681,3.9695743772494296e-05,0.00029888210815269653,0.6238741091935511,0.6238741091935511,0.4707039321653326,3.969574377247998e-05,5616,0.38814837399695534,1 1 2,1.0
DTLZ5,2,ORCA-reduced NSGA-III (L2),22,0.3825662204316613,0.3825834645186695,0.8410416738851436,0.5410425309885301,3.905801223513805e-05,0.00012558859337040104,0.3826305068230693,0.3826305068230693,0.840944582298169,3.90580122351388e-05,5616,0.38814837399695534,1 1 2,1.0
DTLZ5,2,ORCA-reduced NSGA-III (L2),23,0.47778923241159726,0.47781575345246735,0.7372114769656025,0.6757147659003852,3.560267903335301e-05,0.0003027009740865634,0.47794184641075227,0.47794184641075227,0.7369824847979508,3.5602679033445956e-05,5616,0.38814837399695534,1 1 2,1.0
DTLZ5,3,Full NSGA-III,0,0.07094810143119558,0.07098675359077516,0.9953358126518554,0.10036310219422596,0.00038299277295705814,0.00038576756888929594,0.0709664491428047,0.0709664491428047,0.9949510169813002,0.00038299277295711966,5600,0.36360866699396865,1 1 2,1.0
DTLZ5,3,Full NSGA-III,1,0.17129707226419139,0.17118637968147452,0.9706707899975717,0.24217238396384827,0.0004245329405130338,0.000493697508039649,0.17100473849019424,0.17100473849019424,0.9703168342494118,0.0004245329405130735,5600,0.36360866699396865,1 1 2,1.0
DTLZ5,3,Full NSGA-III,2,0.7117717932905017,0.7345067953216534,9.651115908221852e-05,1.022799744865857,0.0227997494192429,0.027794467559891713,0.7071067811865475,0.7071067811865475,0.0,0.022799749419242704,5600,0.36360866699396865,1 1 2,1.0
DTLZ5,3,Full NSGA-III,3,2.603744700222351e-06,2.602751275356151e-06,1.000254854603739,3.6815486775681847e-06,0.00025485461051433234,0.0002548811935935467,4.3297802811774664e-17,4.3297802811774664e-17,1.0,0.00025485461051428956,5600,0.36360866699396865,1 1 2,1.0
DTLZ5,3,Full NSGA-III,4,0.5009374887284255,0.5013067856956595,0.7062507850507384,0.7086937709603882,0.0005183818315581679,0.0006009476986065495,0.5007847809902671,0.5007847809902671,0.7059951885509279,0.0005183818315579485,5600,0.36360866699396865,1 1 2,1.0
DTLZ5,3,Full NSGA-III,5,0.3205012530313837,0.31743073420940493,0.8997315787644764,0.4510912592983918,0.006479129461424149,0.006834704789167153,0.31705481266749486,0.31705481266749486,0.8938414241512638,0.00647912946142406,5600,0.36360866699396865,1 1 2,1.0
DTLZ5,3,Full NSGA-III,6,0.6516523027926905,0.6513315353089542,0.38960033739251937,0.921348735616941,0.0003359013447936654,0.0004971667093330609,0.6513524329676117,0.6513524329676117,0.3892043372501723,0.0003359013447936167,5600,0.36360866699396865,1 1 2,1.0
DTLZ5,3,ORCA-reduced NSGA-III (L2),0,0.6238571447652969,0.6238542451979294,0.4707647545940979,0.8822651848090725,5.655231123169457e-06,6.61946975895016e-05,0.6238741091935511,0.6238741091935511,0.4707039321653326,5.655231123222284e-06,5616,0.38094591700064484,1 1 2,1.0
DTLZ5,3,ORCA-reduced NSGA-III (L2),1,0.06713792137258934,0.0671379698028686,0.9954899933472839,0.09494739320003938,7.66713563660204e-06,5.7240630016986715e-05,0.06709750159097468,0.06709750159097468,0.9954877450579179,7.667135636595432e-06,5616,0.38094591700064484,1 1 2,1.0
DTLZ5,3,ORCA-reduced NSGA-III (L2),2,0.6478468211035644,0.6478508156863293,0.4007478253417255,0.9161965853458721,7.5012296447685145e-06,9.134559912402527e-06,0.6478427173189766,0.6478427173189766,0.40074883310314097,7.501229645058803e-06,5616,0.38094591700064484,1 1 2,1.0
DTLZ5,3,ORCA-reduced NSGA-III (L2),3,0.7071134417536382,0.707109694763919,4.6350128008310456e-05,1.0000067699459834,6.771020143236939e-06,4.691680352983826e-05,0.7071067811865475,0.7071067811865475,0.0,6.771020143314783e-06,5616,0.38094591700064484,1 1 2,1.0
DTLZ5,3,ORCA-reduced NSGA-III (L2),4,0.10497195041928653,0.10497264345437872,0.9889275864032131,0.14845324600233323,8.068666405236513e-06,0.00022300620918747457,0.10512728618402288,0.10512728618402288,0.9888864987445046,8.06866640529202e-06,5616,0.38094591700064484,1 1 2,1.0
DTLZ5,3,ORCA-reduced NSGA-III (L2),5,0.23517321140659866,0.23517591838562688,0.9430903759036839,0.3325870592067824,1.6804395789993265e-05,0.0002530239444003029,0.23533895684362194,0.23533895684362194,0.9429905358928644,1.680439579002849e-05,5616,0.38094591700064484,1 1 2,1.0
DTLZ5,3,ORCA-reduced NSGA-III (L2),6,0.03218087891959208,0.032180754952126384,0.9989689091249365,0.04551054775902233,5.045665066649718e-06,2.7517368029501366e-05,0.0321997624013528,0.0321997624013528,0.9989626372405491,5.04566506675156e-06,5616,0.38094591700064484,1 1 2,1.0
DTLZ5,3,ORCA-reduced NSGA-III (L2),7,0.7064905507513911,0.7066732386685772,0.04561554735805696,0.9992577067760547,0.0002983268566008057,0.00033145862971782234,0.7063732549447894,0.7063732549447894,0.0455373406931845,0.0002983268566009103,5616,0.38094591700064484,1 1 2,1.0
DTLZ5,3,ORCA-reduced NSGA-III (L2),8,0.7039222917289776,0.7039232011391641,0.0948499090786141,0.9954970948701879,5.48555855695021e-06,4.136337836827383e-05,0.7039161351185588,0.7039161351185588,0.09489019675130679,5.485558557020194e-06,5616,0.38094591700064484,1 1 2,1.0
DTLZ5,3,ORCA-reduced NSGA-III (L2),9,7.478553497149895e-09,7.478514879205013e-09,1.0000068737738632,1.0576244475626672e-08,6.873773863436128e-06,6.873781999711002e-06,4.3297802811774664e-17,4.3297802811774664e-17,1.0,6.873773863514702e-06,5616,0.38094591700064484,1 1 2,1.0
DTLZ5,3,ORCA-reduced NSGA-III (L2),10,0.47764008686092196,0.4776373437171282,0.7373827992143783,0.6754831490789857,5.438618658315519e-06,0.00019896980631381258,0.47753240818012993,0.47753240818012993,0.7375131173581739,5.438618658213348e-06,5616,0.38094591700064484,1 1 2,1.0
DTLZ5,3,ORCA-reduced NSGA-III (L2),11,0.43116514870318984,0.43116273553070833,0.792596302881396,0.6097578945504251,6.794630829087822e-06,5.8025331227931883e-05,0.43119329391440075,0.43119329391440075,0.7925557939769908,6.794630829017055e-06,5616,0.38094591700064484,1 1 2,1.0
DTLZ5,3,ORCA-reduced NSGA-III (L2),12,0.5604930628762613,0.5604964797539005,0.6096770649125728,0.7926593072366761,7.450386914298335e-06,0.0001602739752809338,0.5604215763898185,0.5604215763898185,0.6097994042580738,7.450386914201408e-06,5616,0.38094591700064484,1 1 2,1.0
DTLZ5,3,ORCA-reduced NSGA-III (L2),13,0.6919851927796679,0.691956412782033,0.20598934206031871,0.9785944942704784,3.9395853451473783e-05,0.0001290742107898995,0.6919611933882053,0.6919611933882053,0.20586260876988133,3.939585345151189e-05,5616,0.38094591700064484,1 1 2,1.0
DTLZ5,3,ORCA-reduced NSGA-III (L2),14,0.33286951711572155,0.3328649265547811,0.8822888985095734,0.47074533960005754,1.743744217264087e-05,4.15996464544346e-05,0.3328379423652793,0.3328379423652793,0.8822912264349533,1.743744217257335e-05,5616,0.38094591700064484,1 1 2,1.0
DTLZ5,3,ORCA-reduced NSGA-III (L2),15,0.3823476743862084,0.3823460380775844,0.8412092333924494,0.5407201096151018,5.605627728444418e-06,0.0003049084660993958,0.3821633615661444,0.3821633615661444,0.8413693185236366,5.60562772848351e-06,5616,0.38094591700064484,1 1 2,1.0
DTLZ5,3,ORCA-reduced NSGA-III (L2),16,0.699267981738527,0.699263888479301,0.1485431536478552,0.9889113691407665,5.382241273554911e-06,0.0001316825599087332,0.6992483490860615,0.6992483490860615,0.148672433896923,5.382241273541201e-06,5616,0.38094591700064484,1 1 2,1.0
DTLZ5,3,ORCA-reduced NSGA-III (L2),17,0.1457115953989563,0.1457125677360775,0.9785462823511646,0.2060680019555441,8.424031135545462e-06,0.00020829189631429182,0.14556684665393632,0.14556684665393632,0.9785809043254721,8.424031135576304e-06,5616,0.38094591700064484,1 1 2,1.0
DTLZ5,3,ORCA-reduced NSGA-III (L2),18,0.5211978162321179,0.5212003470147819,0.6758061389930227,0.7370868099304569,5.451422198099465e-06,0.00014852574180736707,0.5211253126163425,0.5211253126163425,0.6759118412197247,5.4514221981106e-06,5616,0.38094591700064484,1 1 2,1.0
DTLZ5,3,ORCA-reduced NSGA-III (L2),19,0.28342768466625473,0.2834292947141988,0.9161610791132342,0.40082841408445846,7.2701832660726495e-06,8.400509241153858e-05,0.2833722174398269,0.2833722174398269,0.916187957117136,7.270183265984015e-06,5616,0.38094591700064484,1 1 2,1.0
DTLZ5,3,ORCA-reduced NSGA-III (L2),20,0.6812796466661245,0.6812837560130582,0.26781523097509363,0.9634778218354483,7.2555291898979135e-06,0.0001605182722736664,0.6813071111593232,0.6813071111593232,0.2676588137302323,7.255529189898864e-06,5616,0.38094591700064484,1 1 2,1.0
DTLZ5,3,ORCA-reduced NSGA-III (L2),21,0.5948456265444294,0.5948425980691404,0.5406806228464951,0.8412366111247654,7.285882634766594e-06,0.0002569473615143779,0.5949379506103677,0.5949379506103677,0.5404606089689343,7.285882634715192e-06,5616,0.38094591700064484,1 1 2,1.0
DTLZ5,3,ORCA-reduced NSGA-III (L2),22,0.18918086717345328,0.18918112827086672,0.9635522787813694,0.267542332722016,5.946853871341418e-06,0.00012268580535400363,0.18926336223299428,0.18926336223299428,0.9635137567427488,5.94685387128616e-06,5616,0.38094591700064484,1 1 2,1.0
DTLZ5,3,ORCA-reduced NSGA-III (L2),23,0.6667900240693031,0.6667927352034735,0.33284982914000666,0.9429854123571962,5.248324729034692e-06,3.0774726481361776e-05,0.6667950025245808,0.6667950025245808,0.3328195445229867,5.248324728999807e-06,5616,0.38094591700064484,1 1 2,1.0
DTLZ5,4,Full NSGA-III,0,0.7071967566344352,0.7078496239172588,0.0005463390710377693,1.0005889978777847,0.0005891470331116366,0.0007857629844586125,0.7071065630970524,0.7071065630970524,0.0007853980826519387,0.0005891470331115281,5600,0.3595161659977748,1 1 2,1.0
DTLZ5,4,Full NSGA-III,1,0.31257930699176484,0.3136764529224738,0.8991830987543258,0.44283037415863524,0.0023118204246164176,0.0024535724745872603,0.31257929218854447,0.31257929218854447,0.8969885017043513,0.0023118204246163837,5600,0.3595161659977748,1 1 2,1.0
DTLZ5,4,Full NSGA-III,2,0.17140296746997674,0.17145372784400403,0.9703697952741085,0.2424362968887285,0.0001964295224388124,0.00029492758451928356,0.17154356120607284,0.17154356120607284,0.9701265964901059,0.00019642952243884918,5600,0.3595161659977748,1 1 2,1.0
DTLZ5,4,Full NSGA-III,3,0.06987537369290882,0.0698608359229638,0.9952426600023248,0.0988084219314271,0.00013551908382991584,0.00013595903540784184,0.06986124932152221,0.06986124932152221,0.9951074372581447,0.00013551908382989898,5600,0.3595161659977748,1 1 2,1.0
DTLZ5,4,Full NSGA-III,4,0.645603601930178,0.6579893703438594,0.4184471744709584,0.9218210359450083,0.012349771636985585,0.015112844772163075,0.6437720327363631,0.6437720327363631,0.41366065770505905,0.012349771636985656,5600,0.3595161659977748,1 1 2,1.0
DTLZ5,4,Full NSGA-III,5,1.0672212033524628e-06,1.0665012404624238e-06,1.0004413048550782,1.508769695080388e-06,0.0004413048562159627,0.00044130743422424824,4.3297802811774664e-17,4.3297802811774664e-17,1.0,0.00044130485621587376,5600,0.3595161659977748,1 1 2,1.0
DTLZ5,4,Full NSGA-III,6,0.5005786312380953,0.5003624661813202,0.7068351420329477,0.707772254058647,0.00027870197660173623,0.00034081427820427976,0.5003925448287652,0.5003925448287652,0.7065512027868784,0.0002787019766018211,5600,0.3595161659977748,1 1 2,1.0
DTLZ5,4,Full NSGA-III,7,0.6480615656557324,0.6474140945046066,0.4026871598023008,0.916039738572175,0.0006426691446965727,0.0008318004728487745,0.6473967982200022,0.6473967982200022,0.4021874827850556,0.0006426691446965375,5600,0.3595161659977748,1 1 2,1.0
DTLZ5,4,ORCA-reduced NSGA-III (L2),0,0.5212712030908059,0.521266673553284,0.6757873369380965,0.7371856022258181,6.55662979933691e-05,0.00023826090987798154,0.5211253126163425,0.5211253126163425,0.6759118412197247,6.55662979936368e-05,5616,0.40035241700388724,1 1 2,1.0
DTLZ5,4,ORCA-reduced NSGA-III (L2),1,0.33288438654126207,0.33291785764426424,0.8823771945602589,0.47079328238771523,0.00011790715966686349,0.00012623007512679057,0.3328379423652793,0.3328379423652793,0.8822912264349533,0.00011790715966682937,5616,0.40035241700388724,1 1 2,1.0
DTLZ5,4,ORCA-reduced NSGA-III (L2),2,0.6992876118738621,0.6993231944699086,0.14855418008232943,0.988967185726527,6.221749638157803e-05,0.00014535254609066473,0.6992483490860615,0.6992483490860615,0.148672433896923,6.221749638167119e-05,5616,0.40035241700388724,1 1 2,1.0
DTLZ5,4,ORCA-reduced NSGA-III (L2),3,0.5947721110086417,0.5948529334645716,0.5409342256225624,0.8411919379577304,0.00010685075893923646,0.000315323500406463,0.5946376167451239,0.5946376167451239,0.5411212521268759,0.00010685075893917945,5616,0.40035241700388724,1 1 2,1.0
DTLZ5,4,ORCA-reduced NSGA-III (L2),4,0.2838762379702728,0.28387517053750877,0.9159083489032565,0.4014608709847756,2.946682712501314e-05,3.619652094769411e-05,0.28388094446875856,0.28388094446875856,0.9158729271766096,2.9466827124937598e-05,5616,0.40035241700388724,1 1 2,1.0
DTLZ5,4,ORCA-reduced NSGA-III (L2),5,0.47799464979504,0.4779958360345538,0.7370163769213696,0.6759873552804483,7.601928521272505e-05,8.277531576686917e-05,0.47794184641075227,0.47794184641075227,0.7369824847979508,7.601928521276579e-05,5616,0.40035241700388724,1 1 2,1.0
DTLZ5,4,ORCA-reduced NSGA-III (L2),6,0.5607532462345654,0.5607922711682628,0.6092868146564382,0.7930524412450046,8.129523496758218e-05,0.00011488844445853957,0.5607600619280183,0.5607600619280183,0.6091767443796341,8.129523496762305e-05,5616,0.40035241700388724,1 1 2,1.0
DTLZ5,4,ORCA-reduced NSGA-III (L2),7,5.151848125493596e-05,5.151719672008304e-05,1.0000918760085755,7.285722660595119e-05,9.187866241933129e-05,0.00011725773501339266,4.3297802811774664e-17,4.3297802811774664e-17,1.0,9.187866241950303e-05,5616,0.40035241700388724,1 1 2,1.0
DTLZ5,4,ORCA-reduced NSGA-III (L2),8,0.712090742293872,0.7110944278587429,2.0483730587517208e-05,1.0063441312952497,0.0063441315037187085,0.006382915782368902,0.7071067811865475,0.7071067811865475,0.0,0.006344131503718678,5616,0.40035241700388724,1 1 2,1.0
DTLZ5,4,ORCA-reduced NSGA-III (L2),9,0.4313928451750829,0.4314275852270953,0.7924204686091405,0.6101061777782091,7.987042729018512e-05,0.0003361935157432314,0.43119329391440075,0.43119329391440075,0.7925557939769908,7.987042729021679e-05,5616,0.40035241700388724,1 1 2,1.0
DTLZ5,4,ORCA-reduced NSGA-III (L2),10,0.1892796212819942,0.18927990260403735,0.9635730823150535,0.2676820064226376,6.336875449131085e-05,6.369822664646291e-05,0.18926336223299428,0.18926336223299428,0.9635137567427488,6.336875449123985e-05,5616,0.40035241700388724,1 1 2,1.0
DTLZ5,4,ORCA-reduced NSGA-III (L2),11,0.6813074642108097,0.6814203619477667,0.26782631036059595,0.9635940900951961,0.0001222440220791654,0.000202190471861552,0.6813071111593232,0.6813071111593232,0.2676588137302323,0.00012224402207919937,5616,0.40035241700388724,1 1 2,1.0
DTLZ5,4,ORCA-reduced NSGA-III (L2),12,0.6668316876337556,0.6668889261557914,0.33285191035690315,0.9430828910873673,9.786205648243396e-05,0.00010590086373615679,0.6667950025245808,0.6667950025245808,0.3328195445229867,9.786205648237908e-05,5616,0.40035241700388724,1 1 2,1.0
DTLZ5,4,ORCA-reduced NSGA-III (L2),13,0.03222507811052782,0.032225107138489625,0.9989994485334881,0.04557316303831405,3.8404942295233724e-05,5.136450252273752e-05,0.0321997624013528,0.0321997624013528,0.9989626372405491,3.840494229518788e-05,5616,0.40035241700388724,1 1 2,1.0
DTLZ5,4,ORCA-reduced NSGA-III (L2),14,0.3824381757908189,0.3824668032453586,0.8412070260106046,0.5408694980186377,8.453367529859257e-05,0.00036423452543486197,0.3826305068230693,0.3826305068230693,0.840944582298169,8.453367529829614e-05,5616,0.40035241700388724,1 1 2,1.0
DTLZ5,4,ORCA-reduced NSGA-III (L2),15,0.10514107047241335,0.10514720332680808,0.9889346188588465,0.148696264470679,5.112841545562574e-05,5.387248451139518e-05,0.10512728618402288,0.10512728618402288,0.9888864987445046,5.112841545569491e-05,5616,0.40035241700388724,1 1 2,1.0
DTLZ5,4,ORCA-reduced NSGA-III (L2),16,0.6240125312977249,0.6240680178482577,0.47041569884464096,0.8825262206402977,7.172734616367471e-05,0.0003739514573456506,0.6238741091935511,0.6238741091935511,0.4707039321653326,7.172734616377738e-05,5616,0.40035241700388724,1 1 2,1.0
DTLZ5,4,ORCA-reduced NSGA-III (L2),17,0.14564894872758855,0.14566400448160635,0.978649061800871,0.20598936493680725,9.279800966188745e-05,0.00014431159145510846,0.14556684665393632,0.14556684665393632,0.9785809043254721,9.279800966157391e-05,5616,0.40035241700388724,1 1 2,1.0
DTLZ5,4,ORCA-reduced NSGA-III (L2),18,0.7064382969656191,0.7064244510618989,0.04497258127213568,0.9990448300640915,5.655117301661683e-05,0.00022496407041380247,0.706398326713184,0.706398326713184,0.044752743308395,5.6551173016462954e-05,5616,0.40035241700388724,1 1 2,1.0
DTLZ5,4,ORCA-reduced NSGA-III (L2),19,0.7039580771332774,0.7040114734415347,0.09483800897649919,0.9955848176315778,9.168431955708378e-05,0.00011649932302759783,0.7039161351185588,0.7039161351185588,0.09489019675130679,9.168431955701422e-05,5616,0.40035241700388724,1 1 2,1.0
DTLZ5,4,ORCA-reduced NSGA-III (L2),20,0.6478012776508354,0.6478331180341406,0.4009753335988277,0.9161518674040301,5.772948494464636e-05,0.00023046012000202973,0.6478427173189766,0.6478427173189766,0.40074883310314097,5.772948494462031e-05,5616,0.40035241700388724,1 1 2,1.0
DTLZ5,4,ORCA-reduced NSGA-III (L2),21,0.6920019329758699,0.6920021422247331,0.20583715469450087,0.978638666764174,5.1285854224536465e-05,6.312235079223933e-05,0.6919611933882053,0.6919611933882053,0.20586260876988133,5.12858542245277e-05,5616,0.40035241700388724,1 1 2,1.0
DTLZ5,4,ORCA-reduced NSGA-III (L2),22,0.06727361785733718,0.06728039530933727,0.9955854820891981,0.09514405526671506,0.0001214143289687275,0.00027206539430331574,0.06709750159097468,0.06709750159097468,0.9954877450579179,0.00012141432896879277,5616,0.40035241700388724,1 1 2,1.0
DTLZ5,4,ORCA-reduced NSGA-III (L2),23,0.2351969912011887,0.23519374221295872,0.9431584065202386,0.33261647741239114,9.074630056615796e-05,0.00026348070161807496,0.23533895684362194,0.23533895684362194,0.9429905358928644,9.074630056607675e-05,5616,0.40035241700388724,1 1 2,1.0
DTLZ6,0,Full NSGA-III,0,4.763519141787758,0.8626200414209215,0.7844975716558036,4.840994520761143,3.9041476721213506,4.115929828682121,0.6937357578420003,0.6937357578420003,0.19354946805086026,3.904147672121351,5600,0.4083623330006958,1 2 1,-0.49999999999999994
DTLZ6,0,Full NSGA-III,1,2.0503164692327034,1.2841816343667598,4.362956733342077,2.419280904329165,3.988818652854272,3.996207776064566,0.33626282203238195,0.33626282203238195,0.8796900755593626,3.988818652854272,5600,0.4083623330006958,1 2 1,-0.49999999999999994
DTLZ6,0,Full NSGA-III,2,7.656515125160175e-07,2.7910544258906753e-07,5.274696822006306,8.149368605609299e-07,4.274696822006369,4.274696822006384,4.3297802811774664e-17,4.3297802811774664e-17,1.0,4.274696822006369,5600,0.4083623330006958,1 2 1,-0.49999999999999994
DTLZ6,0,Full NSGA-III,3,0.9015414697501916,4.790862044148501,0.0013819373678142985,4.874949861049043,3.8749500569229394,4.088381563117266,0.7071067811865475,0.7071067811865475,0.0,3.8749500569229394,5600,0.4083623330006958,1 2 1,-0.49999999999999994
DTLZ6,0,Full NSGA-III,4,3.7439612031361467,2.5606330321157618,1.7734444880090352,4.535866732582762,3.8702353503501916,3.8889016392663383,0.6570415636561554,0.6570415636561554,0.36958458741747957,3.8702353503501916,5600,0.4083623330006958,1 2 1,-0.49999999999999994
DTLZ6,0,Full NSGA-III,5,4.478153086677202,1.7737040327743454,0.9254058564409812,4.816625485087722,3.9047178372187528,4.00289331105192,0.6920753078922497,0.6920753078922497,0.20509396971070412,3.9047178372187528,5600,0.4083623330006958,1 2 1,-0.49999999999999994
DTLZ6,0,Full NSGA-III,6,2.392139136088129,3.9966742665057318,1.8075627715880547,4.657868057271866,3.9963004325385274,4.028830044514944,0.6564239824969166,0.6564239824969166,0.3717729285542121,3.996300432538527,5600,0.4083623330006958,1 2 1,-0.49999999999999994
DTLZ6,0,Full NSGA-III,7,0.6132523019014205,3.974624900521571,3.2560177935954355,4.021656559880953,4.174492570082943,4.310774471136026,0.49921398530943634,0.49921398530943634,0.708216629106476,4.174492570082943,5600,0.4083623330006958,1 2 1,-0.49999999999999994
DTLZ6,0,Full NSGA-III,8,0.724116976920242,4.690978312362405,1.9696017848496914,4.746537993455709,4.138964303651236,4.335563539434765,0.6287712589487194,0.6287712589487194,0.45748596463726043,4.138964303651236,5600,0.4083623330006958,1 2 1,-0.49999999999999994
DTLZ6,0,Full NSGA-III,9,3.786237686317489,1.3857225990242907,3.1178645272111956,4.031851056120185,4.096754079684377,4.167170761266046,0.538048726563496,0.538048726563496,0.648850626636671,4.096754079684377,5600,0.4083623330006958,1 2 1,-0.49999999999999994
DTLZ6,0,Full NSGA-III,10,2.8099346292068486,4.005444882664537,0.00023568532126605794,4.892782575230515,3.892782580906996,3.9116389462242918,0.7071067811865475,0.7071067811865475,0.0,3.8927825809069954,5600,0.4083623330006958,1 2 1,-0.49999999999999994
DTLZ6,0,Full NSGA-III,11,1.8913698050316081,3.173495149945584,3.59260359356037,3.694367497436259,4.153169101298378,4.172477170054442,0.49921398530943634,0.49921398530943634,0.708216629106476,4.153169101298378,5600,0.4083623330006958,1 2 1,-0.49999999999999994
DTLZ6,0,Full NSGA-III,12,3.3866801132572997,0.5189878222981112,3.981855171553952,3.426215193070367,4.253010675456235,4.347690779882518,0.4029471676934648,0.4029471676934648,0.8217464086295903,4.253010675456235,5600,0.4083623330006958,1 2 1,-0.49999999999999994
DTLZ6,0,Full NSGA-III,13,5.635653882651352,0.8009209434293355,0.0001285706095251206,5.6922815322739435,4.692281533725945,4.929439891602781,0.7071067811865475,0.7071067811865475,0.0,4.692281533725945,5600,0.4083623330006958,1 2 1,-0.49999999999999994
DTLZ6,0,Full NSGA-III,14,2.2876197291633202,0.3913210367829815,4.47978932013481,2.3208481594206396,4.045279826915458,4.089887818260024,0.27520902613681286,0.27520902613681286,0.9211514445875087,4.045279826915458,5600,0.4083623330006958,1 2 1,-0.49999999999999994
DTLZ6,0,Full NSGA-III,15,1.5235754662346794,4.7264283680016215,0.9097050115339996,4.965924618755574,4.048561233378552,4.1789732629353695,0.692639475411527,0.692639475411527,0.20124888621627035,4.0485612333785514,5600,0.4083623330006958,1 2 1,-0.49999999999999994
DTLZ6,0,Full NSGA-III,16,4.881530279488389,1.785490935681732,0.00011740225277744792,5.197818364560617,4.19781836588649,4.311464245662275,0.7071067811865475,0.7071067811865475,0.0,4.19781836588649,5600,0.4083623330006958,1 2 1,-0.49999999999999994
DTLZ6,0,Full NSGA-III,17,2.811121489363055,3.8933855532457824,0.9510840859653115,4.802171914267723,3.8954485016960607,3.9108681970716375,0.6933023762886787,0.6933023762886787,0.19663069461542007,3.8954485016960607,5600,0.4083623330006958,1 2 1,-0.49999999999999994
DTLZ6,0,Full NSGA-III,18,0.78313116983831,5.879536233812056,0.00010220826523042587,5.931461940692293,4.931461941572896,5.172988126847404,0.7071067811865475,0.7071067811865475,0.0,4.931461941572895,5600,0.4083623330006958,1 2 1,-0.49999999999999994
DTLZ6,0,Full NSGA-III,19,4.682562402878653,0.6868051732702485,2.623994774755001,4.732662253202047,4.411417612864954,4.588351417198509,0.5816946887713642,0.5816946887713642,0.5685618507342639,4.411417612864954,5600,0.4083623330006958,1 2 1,-0.49999999999999994
DTLZ6,0,Full NSGA-III,20,0.41243183141468837,2.6382231754557197,4.3534212087372115,2.670266192550049,4.1071124678979505,4.167192656596275,0.31407287873159256,0.31407287873159256,0.8959444478819547,4.1071124678979505,5600,0.4083623330006958,1 2 1,-0.49999999999999994
DTLZ6,0,Full NSGA-III,21,0.7709015292785099,5.03011737785284,0.8820434913523224,5.088847610493075,4.164723683166223,4.39123764235179,0.6912675452810303,0.6912675452810303,0.21047175982130567,4.164723683166223,5600,0.4083623330006958,1 2 1,-0.49999999999999994
DTLZ6,0,Full NSGA-III,22,4.411906233740403,3.166454699262053,0.00017081374415313895,5.430594072272035,4.43059407495842,4.446788863321825,0.7071067811865475,0.7071067811865475,0.0,4.430594074958421,5600,0.4083623330006958,1 2 1,-0.49999999999999994
DTLZ6,0,Full NSGA-III,23,4.398114064713636,0.7381535657455305,1.7599963161465326,4.459627564366193,3.7943576259707728,3.9892524029315513,0.6362181130142858,0.6362181130142858,0.4364092406733421,3.7943576259707728,5600,0.4083623330006958,1 2 1,-0.49999999999999994
DTLZ6,0,ORCA-reduced NSGA-III (L2),0,1.2597096165444617,1.5349139211472835,0.04923110576009399,1.985655827011903,0.9862660358372655,0.9959076448131207,0.7068834692871975,0.7068834692871975,0.02513009544333748,0.9862660358372657,5616,0.40344254200317664,1 2 1,-0.49999999999999994
DTLZ6,0,ORCA-reduced NSGA-III (L2),1,0.6909113572712976,1.5998049378686405,0.9370258343400752,1.742622834360709,0.9785731619164517,1.0826733553500887,0.6120018597478872,0.6120018597478872,0.5009066253607098,0.9785731619164517,5616,0.40344254200317664,1 2 1,-0.49999999999999994
DTLZ6,0,ORCA-reduced NSGA-III (L2),2,1.1390558460485298,1.1215455005300017,1.2401071528414924,1.598534494521912,1.0231604683526854,1.0231975038390984,0.558723967439391,0.558723967439391,0.6129070536529765,1.0231604683526854,5616,0.40344254200317664,1 2 1,-0.49999999999999994
DTLZ6,0,ORCA-reduced NSGA-III (L2),3,0.7658137861469686,1.8363725104242858,0.012082935204772625,1.989656943318307,0.9896936320493945,1.1308202334247273,0.7070928235040672,0.7070928235040672,0.006283143965558951,0.9896936320493945,5616,0.40344254200317664,1 2 1,-0.49999999999999994
DTLZ6,0,ORCA-reduced NSGA-III (L2),4,1.4991751873802395,0.6832610064621397,1.0886967415598638,1.6475350816927183,0.9747487031243487,1.0594580297111034,0.5778798295044958,0.5778798295044958,0.5762896887015329,0.9747487031243486,5616,0.40344254200317664,1 2 1,-0.49999999999999994
DTLZ6,0,ORCA-reduced NSGA-III (L2),5,1.3412628808770883,1.161300292088249,0.9549158153771099,1.7741489464030236,1.0148123233890272,1.0187684702729052,0.6222987260950587,0.6222987260950587,0.4748563898705946,1.0148123233890272,5616,0.40344254200317664,1 2 1,-0.49999999999999994
DTLZ6,0,ORCA-reduced NSGA-III (L2),6,1.92969658700164e-07,8.029413000987005e-08,2.019490629022579,2.0900822111318896e-07,1.0194906290225898,1.0194906290226007,4.3297802811774664e-17,4.3297802811774664e-17,1.0,1.0194906290225896,5616,0.40344254200317664,1 2 1,-0.49999999999999994
DTLZ6,0,ORCA-reduced NSGA-III (L2),7,0.6557525065753678,1.5245385348022094,1.0910848443189691,1.6595870251290665,0.9861256837066716,1.0803867165551753,0.5772390199308659,0.5772390199308659,0.5775727034222676,0.9861256837066718,5616,0.40344254200317664,1 2 1,-0.49999999999999994
DTLZ6,0,ORCA-reduced NSGA-III (L2),8,1.392668101161067,1.3570604622585474,0.40934490740672047,1.94451473077911,0.9871338131682958,0.987295423827641,0.6919611933882053,0.6919611933882053,0.20586260876988133,0.9871338131682956,5616,0.40344254200317664,1 2 1,-0.49999999999999994
DTLZ6,0,ORCA-reduced NSGA-III (L2),9,1.0504082995789235,1.6149828709202811,0.18722902054212112,1.9265324469601333,0.9356089417347091,0.9790790773515292,0.7036472168944009,0.7036472168944009,0.09879872627482501,0.9356089417347091,5616,0.40344254200317664,1 2 1,-0.49999999999999994
DTLZ6,0,ORCA-reduced NSGA-III (L2),10,1.6709277756950836,0.8027060702191814,0.7407906947359253,1.8537358675809348,0.9962734081691755,1.0890607908405452,0.6511360834327019,0.6511360834327019,0.38992768778818826,0.9962734081691755,5616,0.40344254200317664,1 2 1,-0.49999999999999994
DTLZ6,1,Full NSGA-III,0,3.4886156519686646,2.0058465790531157,0.005696664786545769,4.024159498064141,3.024163530207182,3.0697786243430287,0.7071059088287018,0.7071059088287018,0.001570795680830879,3.024163530207182,5600,0.40232641599868657,1 2 1,-0.49999999999999994
DTLZ6,1,Full NSGA-III,1,0.6504948745204994,2.951462813194671,2.125262417794104,3.0222965306945713,2.694728225991254,2.8313644740251855,0.5430609423888797,0.5430609423888797,0.6404448654672811,2.6947282259912546,5600,0.40232641599868657,1 2 1,-0.49999999999999994
DTLZ6,1,Full NSGA-III,2,3.51799374147324,0.6743840248038983,2.210988685735705,3.582048824060832,3.209458961245125,3.364995976296514,0.5667934505774516,0.5667934505774516,0.5979049830575188,3.2094589612451254,5600,0.40232641599868657,1 2 1,-0.49999999999999994
DTLZ6,1,Full NSGA-III,3,2.5998952286137498,0.4623121504728091,3.6897061186471993,2.6406794058051304,3.537303049855268,3.6098251626864166,0.35803277583018406,0.35803277583018406,0.862336977557304,3.537303049855268,5600,0.40232641599868657,1 2 1,-0.49999999999999994
DTLZ6,1,Full NSGA-III,4,0.47153255393554844,2.167106723519528,2.9511156580991575,2.2178129994534084,2.6915820630215643,2.764933703351454,0.37794848069044795,0.37794848069044795,0.8451685582696294,2.691582063021564,5600,0.40232641599868657,1 2 1,-0.49999999999999994
DTLZ6,1,Full NSGA-III,5,0.741138130147141,3.1278608090545217,1.22054302625086,3.214467136054934,2.43838977541913,2.6136366705287846,0.6458235092050677,0.6458235092050677,0.4072149185824403,2.43838977541913,5600,0.40232641599868657,1 2 1,-0.49999999999999994
DTLZ6,1,Full NSGA-III,6,3.317828010630794,0.7909104118830295,1.3941678229958936,3.410794920213069,2.6847287425845043,2.8517023799109826,0.6374250262453822,0.6374250262453822,0.43287258152041397,2.684728742584505,5600,0.40232641599868657,1 2 1,-0.49999999999999994
DTLZ6,1,Full NSGA-III,7,3.890139088629376,0.785735571514913,0.02899083289938996,3.968697836473074,2.968803722233975,3.18409539525361,0.7070803925204282,0.7070803925204282,0.00863927232549629,2.9688037222339756,5600,0.40232641599868657,1 2 1,-0.49999999999999994
DTLZ6,1,Full NSGA-III,8,1.2126913733931532,1.9949005282166015,3.106586223520448,2.3345767249291782,2.8860167844140983,2.899693156967738,0.41697367074803166,0.41697367074803166,0.8076298135939659,2.8860167844140983,5600,0.40232641599868657,1 2 1,-0.49999999999999994
DTLZ6,1,Full NSGA-III,9,2.874653611387356e-05,2.23244139854908e-05,3.8539390492352954,3.639701633845574e-05,2.853939049407164,2.8539390494673857,4.3297802811774664e-17,4.3297802811774664e-17,1.0,2.853939049407164,5600,0.40232641599868657,1 2 1,-0.49999999999999994
DTLZ6,1,Full NSGA-III,10,3.4696869125766896,0.7908317521625445,0.5027816471403876,3.558671399769082,2.594013288266425,2.7943362983274547,0.6974194189224132,0.6974194189224132,0.164961535576773,2.594013288266425,5600,0.40232641599868657,1 2 1,-0.49999999999999994
DTLZ6,1,Full NSGA-III,11,2.627390468445537,2.1439356047730964,1.3890501184245905,3.391111993298399,2.6645737518281183,2.670564251833334,0.6539172500878481,0.6539172500878481,0.38050553225294015,2.6645737518281183,5600,0.40232641599868657,1 2 1,-0.49999999999999994
DTLZ6,1,Full NSGA-III,12,2.908074586748188,2.2637388718848963,0.7244224387689419,3.685296661352156,2.7558220607431987,2.7658687728779534,0.693628054183854,0.693628054183854,0.19431995496665003,2.7558220607431987,5600,0.40232641599868657,1 2 1,-0.49999999999999994
DTLZ6,1,Full NSGA-III,13,1.935816879541658,3.5078366902704787,0.007873318554753867,4.00653281987383,3.0065405558750076,3.0584085381344934,0.7071048183818994,0.7071048183818994,0.002356192310064121,3.006540555875007,5600,0.40232641599868657,1 2 1,-0.49999999999999994
DTLZ6,1,Full NSGA-III,14,2.2349151970655567,1.8351654779186004,2.205870137264247,2.891829571295442,2.6371061755045,2.641274414366669,0.5610982015612375,0.5610982015612375,0.6085537087303714,2.6371061755045,5600,0.40232641599868657,1 2 1,-0.49999999999999994
DTLZ6,1,Full NSGA-III,15,0.7880019602690489,3.831667406926292,0.0059709209798970726,3.9118566188817705,2.9118611757814805,3.1256116341662064,0.7071059088287018,0.7071059088287018,0.001570795680830879,2.911861175781481,5600,0.40232641599868657,1 2 1,-0.49999999999999994
DTLZ6,1,ORCA-reduced NSGA-III (L2),0,1.6710488805694295,0.8585387608674593,0.07916241452414202,1.878694537481859,0.8803616282612949,0.9771801348137269,0.7064229627395991,0.7064229627395991,0.04396811831786491,0.8803616282612947,5616,0.3998490430021775,1 2 1,-0.49999999999999994
DTLZ6,1,ORCA-reduced NSGA-III (L2),1,0.8651537916406847,1.144440268677718,1.1612321604895406,1.4346548754879624,0.8457233655985901,0.8581603292367045,0.5476563659162574,0.5476563659162574,0.6325701619131244,0.8457233655985901,5616,0.3998490430021775,1 2 1,-0.49999999999999994
DTLZ6,1,ORCA-reduced NSGA-III (L2),2,1.1052348353773505,1.4569049256703661,0.07705547937555658,1.8286924300642178,0.8303151506437276,0.8505086278907978,0.7064709275059717,0.7064709275059717,0.042398787455584105,0.8303151506437273,5616,0.3998490430021775,1 2 1,-0.49999999999999994
DTLZ6,1,ORCA-reduced NSGA-III (L2),3,0.7120472912894779,1.3191292344166554,1.2477315428588727,1.4990374518754872,0.9503710634569866,0.9994296939052657,0.5337007432124835,0.5337007432124835,0.6559931656571472,0.9503710634569865,5616,0.3998490430021775,1 2 1,-0.49999999999999994
DTLZ6,1,ORCA-reduced NSGA-III (L2),4,0.7657414616943887,1.8656107921464888,0.006091098592640704,2.0166466259439972,1.0166558247289927,1.1599942944029091,0.7071032917573177,0.7071032917573177,0.0031415874858795635,1.0166558247289927,5616,0.3998490430021775,1 2 1,-0.49999999999999994
DTLZ6,1,ORCA-reduced NSGA-III (L2),5,1.4230690750975445,1.043820726735815,0.6186705206463412,1.764847671064635,0.8701445171908724,0.892079188438641,0.6664245104824473,0.6664245104824473,0.33430037938426077,0.8701445171908723,5616,0.3998490430021775,1 2 1,-0.49999999999999994
DTLZ6,1,ORCA-reduced NSGA-III (L2),6,1.2635722199021462,1.4302576002443292,0.1079917325195367,1.9084683801323785,0.9115213240394877,0.9155029069629489,0.7059765064292168,0.7059765064292168,0.05651853448202453,0.9115213240394877,5616,0.3998490430021775,1 2 1,-0.49999999999999994
DTLZ6,1,ORCA-reduced NSGA-III (L2),7,5.7140873570676405e-06,2.875062009346911e-06,1.998391026147376,6.3966222244079845e-06,0.9983910261576134,0.9983910261678675,4.3297802811774664e-17,4.3297802811774664e-17,1.0,0.9983910261576134,5616,0.3998490430021775,1 2 1,-0.49999999999999994
DTLZ6,2,Full NSGA-III,0,3.361948788642856,3.1943604254035574,2.31176129989401e-05,4.637525006384501,3.63752500644212,3.6379412826157407,0.7071067811865475,0.7071067811865475,0.0,3.6375250064421194,5600,0.3838361249945592,1 2 1,-0.49999999999999994
DTLZ6,2,Full NSGA-III,1,0.6356983145607582,3.6328879225178166,2.6494197164337576,3.6880871742288313,3.541080470387982,3.6863284986646105,0.531508949839049,0.531508949839049,0.6595426237037167,3.5410804703879823,5600,0.3838361249945592,1 2 1,-0.49999999999999994
DTLZ6,2,Full NSGA-III,2,3.5747104294651986,2.856834506474911,0.5678685649992685,4.576030818505598,3.611131396851248,3.6188839447382284,0.7016693776992888,0.7016693776992888,0.12377466945294324,3.611131396851248,5600,0.3838361249945592,1 2 1,-0.49999999999999994
DTLZ6,2,Full NSGA-III,3,4.219272014870394,1.9582580696533793,2.6269078688813114e-05,4.651562211002993,3.6515622110771693,3.728362130483007,0.7071067811865475,0.7071067811865475,0.0,3.6515622110771684,5600,0.3838361249945592,1 2 1,-0.49999999999999994
DTLZ6,2,Full NSGA-III,4,0.40243992840673354,2.1476923330044704,3.6900847997783197,2.1850721391345878,3.2885039445915405,3.3432104126342748,0.3105851454955672,0.3105851454955672,0.8983728261668397,3.2885039445915405,5600,0.3838361249945592,1 2 1,-0.49999999999999994
DTLZ6,2,Full NSGA-III,5,1.7081760702790175e-05,1.353223772757854e-05,4.515682176629424,2.1792384142701936e-05,3.5156821766820086,3.5156821766969655,4.3297802811774664e-17,4.3297802811774664e-17,1.0,3.5156821766820086,5600,0.3838361249945592,1 2 1,-0.49999999999999994
DTLZ6,2,Full NSGA-III,6,4.3606025618536846,0.9147174635473226,0.5529122832756388,4.455509257151573,3.489685371332878,3.6898964193608315,0.69949410819833,0.69949410819833,0.14634201444440303,3.489685371332878,5600,0.3838361249945592,1 2 1,-0.49999999999999994
DTLZ6,2,Full NSGA-III,7,0.32054370458832776,1.7024708440768963,4.0028117714933185,1.7323842649606087,3.36161178000617,3.394433094734842,0.23795563335634481,0.23795563335634481,0.9416762889167177,3.36161178000617,5600,0.3838361249945592,1 2 1,-0.49999999999999994
DTLZ6,2,Full NSGA-III,8,1.569881511871539,1.3634609713787593,4.196276191910703,2.0793157003661515,3.6831920375514997,3.6838097914560413,0.31357520987715215,0.31357520987715215,0.8962930187728787,3.6831920375514997,5600,0.3838361249945592,1 2 1,-0.49999999999999994
DTLZ6,2,Full NSGA-III,9,3.584252562122751,1.7533283412634961,1.8803691509393663,3.9901161263002494,3.4109879670166565,3.4674757941066545,0.6327866199981736,0.6327866199981736,0.4462759091667103,3.410987967016658,5600,0.3838361249945592,1 2 1,-0.49999999999999994
DTLZ6,2,Full NSGA-III,10,1.4102238889368965,3.052428963316355,2.7876642736148827,3.3624476193720643,3.3677369535503914,3.414093143566536,0.5300411940248001,0.5300411940248001,0.6619007971543232,3.367736953550392,5600,0.3838361249945592,1 2 1,-0.49999999999999994
DTLZ6,2,Full NSGA-III,11,4.521795833352045,0.8670720255470954,2.2951379453198806e-05,4.604177609085716,3.604177609142921,3.8180415718849106,0.7071067811865475,0.7071067811865475,0.0,3.6041776091429214,5600,0.3838361249945592,1 2 1,-0.49999999999999994
DTLZ6,2,Full NSGA-III,12,2.9453258261510418,2.8313018947527753,2.0957949086370182,4.085488299019222,3.59168497835945,3.5918821421514435,0.6290251345670886,0.6290251345670886,0.4567874343342995,3.5916849783594493,5600,0.3838361249945592,1 2 1,-0.49999999999999994
DTLZ6,2,Full NSGA-III,13,0.7961921545720283,4.359532520391927,0.003208580091833072,4.431641427660504,3.4316425891923004,3.653513033771862,0.7071065630970524,0.7071065630970524,0.0007853980826519387,3.4316425891923013,5600,0.3838361249945592,1 2 1,-0.49999999999999994
DTLZ6,2,Full NSGA-III,14,3.0261692279592833,1.3906523121750491,2.7618081768405642,3.33040749002363,3.3265689010194786,3.3735612513763837,0.5296734371147682,0.5296734371147682,0.6624893206913265,3.3265689010194786,5600,0.3838361249945592,1 2 1,-0.49999999999999994
DTLZ6,2,Full NSGA-III,15,4.057431700321721,0.6368822235359767,3.013172452231065,4.107112242127275,4.093876637327989,4.240463748914693,0.5237450462587687,0.5237450462587687,0.6718498738846354,4.093876637327989,5600,0.3838361249945592,1 2 1,-0.49999999999999994
DTLZ6,2,Full NSGA-III,16,0.767627616918585,3.845772944713346,1.9998653701899705,3.9216350799819795,3.4021225788737794,3.567340847007994,0.602907642126791,0.602907642126791,0.5224985647159488,3.4021225788737794,5600,0.3838361249945592,1 2 1,-0.49999999999999994
DTLZ6,2,Full NSGA-III,17,1.912811143196178,4.077181832882983,2.2449924145569353e-05,4.503582814596231,3.5035828146521864,3.579263731990112,0.7071067811865475,0.7071067811865475,0.0,3.5035828146521864,5600,0.3838361249945592,1 2 1,-0.49999999999999994
DTLZ6,2,Full NSGA-III,18,1.688871549400243,0.31962138976823257,3.9715395197855066,1.7188498896561486,3.327536377708343,3.3603418708474417,0.23795563335634481,0.23795563335634481,0.9416762889167177,3.3275363777083427,5600,0.3838361249945592,1 2 1,-0.49999999999999994
DTLZ6,2,Full NSGA-III,19,0.7958007507022444,4.178575092987494,0.7008972153046442,4.253679424046163,3.3110376417952443,3.5230542887247536,0.6935199226610737,0.6935199226610737,0.19509032201612825,3.3110376417952443,5600,0.3838361249945592,1 2 1,-0.49999999999999994
DTLZ6,2,ORCA-reduced NSGA-III (L2),0,2.8460074290449014e-07,1.2551214555048432e-07,1.9142249517290104,3.110480373551224e-07,0.9142249517290357,0.9142249517290633,4.3297802811774664e-17,4.3297802811774664e-17,1.0,0.9142249517290357,5616,0.39012995899975067,1 2 1,-0.49999999999999994
DTLZ6,2,ORCA-reduced NSGA-III (L2),1,0.7674677871920655,1.9668467252761497,0.002746579226079222,2.11127753862608,1.11127932514967,1.2611866885795224,0.7071059088287018,0.7071059088287018,0.001570795680830879,1.1112793251496695,5616,0.39012995899975067,1 2 1,-0.49999999999999994
DTLZ6,2,ORCA-reduced NSGA-III (L2),2,1.2791008861137143,1.2770222918317111,0.7376687098198755,1.8074526302761036,0.9521885503555554,0.9521892181358665,0.6547592925163642,0.6547592925163642,0.377598381520552,0.9521885503555555,5616,0.39012995899975067,1 2 1,-0.49999999999999994
DTLZ6,2,ORCA-reduced NSGA-III (L2),3,1.3092938565875538,1.3836479107977797,0.018095543697784523,1.9049230808494528,0.9050090269221007,0.9058105080237112,0.7070753765301138,0.7070753765301138,0.009424638433144006,0.9050090269221007,5616,0.39012995899975067,1 2 1,-0.49999999999999994
DTLZ6,2,ORCA-reduced NSGA-III (L2),4,1.2849058936275342,1.4354960429601589,0.10974749159122843,1.926559639573363,0.9296830197583263,0.932840372904565,0.7059449005374865,0.7059449005374865,0.05730265971346096,0.9296830197583263,5616,0.39012995899975067,1 2 1,-0.49999999999999994
DTLZ6,2,ORCA-reduced NSGA-III (L2),5,1.5234980729888086,0.6765314415881674,0.9163636560910731,1.6669556592357149,0.902225938226733,1.0037367032661442,0.6092011758943834,0.6092011758943834,0.5076887378874985,0.9022259382267331,5616,0.39012995899975067,1 2 1,-0.49999999999999994
DTLZ6,2,ORCA-reduced NSGA-III (L2),6,0.7639462024365832,1.7441115892973482,0.2512157249624044,1.9040848290290533,0.9205854254906198,1.0518129416708097,0.7001304769446004,0.7001304769446004,0.14012362579755241,0.9205854254906198,5616,0.39012995899975067,1 2 1,-0.49999999999999994
DTLZ6,2,ORCA-reduced NSGA-III (L2),7,0.740798084766282,1.6967457127724512,0.4746016280191773,1.8514123841556978,0.9112756267800672,1.0380129506926221,0.6817511608487132,0.6817511608487132,0.2653878470519398,0.9112756267800673,5616,0.39012995899975067,1 2 1,-0.49999999999999994
DTLZ6,3,Full NSGA-III,0,3.2881251814374832,0.9363558164978554,0.6877130003986426,3.41884913734032,2.487331156459041,2.6515800965320904,0.6890945601959085,0.6890945601959085,0.22427076094938117,2.487331156459041,5600,0.3776812090000021,1 2 1,-0.49999999999999994
DTLZ6,3,Full NSGA-III,1,0.4730702961780226,2.1090297389748143,3.0148128111921504,2.1614351586402347,2.7095684697191467,2.776999027316406,0.36614205347786183,0.36614205347786183,0.8554998500000038,2.709568469719147,5600,0.3776812090000021,1 2 1,-0.49999999999999994
DTLZ6,3,Full NSGA-III,2,2.024914615489235,3.14388399926341,0.6778703931180085,3.739556898998384,2.80049918704272,2.8300792146247447,0.6952999244094304,0.6952999244094304,0.18197810371712422,2.8004991870427194,5600,0.3776812090000021,1 2 1,-0.49999999999999994
DTLZ6,3,Full NSGA-III,3,0.9921117274973094,1.3631976136423214,3.1626535324122766,1.6859992330003637,2.58398811099558,2.587707772976205,0.3294030024758776,0.3294030024758776,0.8848657095400149,2.58398811099558,5600,0.3776812090000021,1 2 1,-0.49999999999999994
DTLZ6,3,Full NSGA-III,4,2.5373882799388445,2.5025789061986052,0.7185791151249367,3.563879973416784,2.6356012445832055,2.635632905034319,0.6931929615732576,0.6931929615732576,0.1974006992150544,2.635601244583205,5600,0.3776812090000021,1 2 1,-0.49999999999999994
DTLZ6,3,Full NSGA-III,5,3.082719562802603,1.77683512300588,0.0014376705237566945,3.558131947698566,2.558132238145419,2.605351558180576,0.7071065630970524,0.7071065630970524,0.0007853980826519387,2.558132238145419,5600,0.3776812090000021,1 2 1,-0.49999999999999994
DTLZ6,3,Full NSGA-III,6,0.7813085973850986,4.002997262687423,0.07080215818019846,4.078532850110547,3.0791473563765557,3.2972612196630284,0.7069477998942434,0.7069477998942434,0.02120416113354876,3.0791473563765557,5600,0.3776812090000021,1 2 1,-0.49999999999999994
DTLZ6,3,Full NSGA-III,7,1.8734155051899375,1.0435185571371208,2.9948204003059837,2.14443853588197,2.683417687999081,2.700892790209601,0.40111972068409607,0.40111972068409607,0.8235325976284275,2.6834176879990816,5600,0.3776812090000021,1 2 1,-0.49999999999999994
DTLZ6,3,Full NSGA-III,8,1.5934940867894958,3.4245240530361682,0.0015769147590815955,3.7771137650931768,2.7771140942678065,2.8583284071784463,0.7071065630970524,0.7071065630970524,0.0007853980826519387,2.777114094267806,5600,0.3776812090000021,1 2 1,-0.49999999999999994
DTLZ6,3,Full NSGA-III,9,6.389146059087652e-07,2.599664868030324e-06,3.5453768328530075,2.6770262045252144e-06,2.5453768328540183,2.5453768328544153,4.3297802811774664e-17,4.3297802811774664e-17,1.0,2.5453768328540183,5600,0.3776812090000021,1 2 1,-0.49999999999999994
DTLZ6,3,Full NSGA-III,10,2.2072368186512414,2.984740256374936,0.009609898709959491,3.7122188474866045,2.712231286138835,2.7272828644807574,0.7071048183818994,0.7071048183818994,0.002356192310064121,2.7122312861388345,5600,0.3776812090000021,1 2 1,-0.49999999999999994
DTLZ6,3,Full NSGA-III,11,0.6185774357776962,3.1945352675917227,2.5197964266590276,3.253873633062696,3.115466881381047,3.249031190948971,0.5165977388401193,0.5165977388401193,0.6828276154715418,3.1154668813810464,5600,0.3776812090000021,1 2 1,-0.49999999999999994
DTLZ6,3,Full NSGA-III,12,0.8830490255564813,3.4172728937307686,1.4012995418853456,3.5295225756132105,2.7975215625261947,2.953793338653693,0.6421541964999885,0.6421541964999885,0.4186597375374281,2.7975215625261947,5600,0.3776812090000021,1 2 1,-0.49999999999999994
DTLZ6,3,Full NSGA-III,13,3.0177691785434004,0.6137621079231489,2.4221522393292,3.0795510614517787,2.917965825600861,3.0480281760811443,0.5143167189577201,0.5143167189577201,0.6862627960199584,2.9179658256008607,5600,0.3776812090000021,1 2 1,-0.49999999999999994
DTLZ6,3,Full NSGA-III,14,2.7980431768679823,1.5929166092771896,1.6644315526144586,3.219693920814308,2.62446704179624,2.662898146400841,0.6230881472279323,0.6230881472279323,0.47278147337657495,2.62446704179624,5600,0.3776812090000021,1 2 1,-0.49999999999999994
DTLZ6,3,Full NSGA-III,15,0.654686745286128,2.726779681665777,2.2197284180520658,2.804272127807617,2.576469826058454,2.6955518925274236,0.5181120486206625,0.5181120486206625,0.6805290663507332,2.5764698260584535,5600,0.3776812090000021,1 2 1,-0.49999999999999994
DTLZ6,3,Full NSGA-III,16,0.7700075351766131,3.560042342058546,0.5893547827756199,3.642363666834829,2.6897360530882097,2.8944992971549377,0.69437299093157,0.69437299093157,0.18892405598412113,2.6897360530882093,5600,0.3776812090000021,1 2 1,-0.49999999999999994
DTLZ6,3,Full NSGA-III,17,2.0366127897886344,0.4809113621516619,2.9188310331485856,2.092622133538975,2.591467944148806,2.6572431664852783,0.3680406863582161,0.3680406863582161,0.8538689046744509,2.591467944148806,5600,0.3776812090000021,1 2 1,-0.49999999999999994
DTLZ6,3,Full NSGA-III,18,3.389423448095204,0.8124609939800351,0.002879190613138244,3.4854388787119204,2.4854400679075224,2.6843859282189704,0.7071065630970524,0.7071065630970524,0.0007853980826519387,2.4854400679075224,5600,0.3776812090000021,1 2 1,-0.49999999999999994
DTLZ6,3,Full NSGA-III,19,1.9292927733913645,2.616902347702472,1.6807224673237342,3.2512072377612062,2.659942146405819,2.672110065943188,0.6267263043293083,0.6267263043293083,0.4630640116910991,2.6599421464058195,5600,0.3776812090000021,1 2 1,-0.49999999999999994
DTLZ6,3,ORCA-reduced NSGA-III (L2),0,1.80957114617306e-07,9.120504499839618e-08,2.0216271862753707,2.0264214162848826e-07,1.021627186275381,1.0216271862753907,4.3297802811774664e-17,4.3297802811774664e-17,1.0,1.021627186275381,5616,0.3910003749988391,1 2 1,-0.49999999999999994
DTLZ6,3,ORCA-reduced NSGA-III (L2),1,0.8251182996644079,1.5278588644721716,0.025505139009124815,1.7364253275586823,0.7366126310444572,0.8293494423132425,0.7070195471777515,0.7070195471777515,0.015707317311820675,0.7366126310444573,5616,0.3910003749988391,1 2 1,-0.49999999999999994
DTLZ6,3,ORCA-reduced NSGA-III (L2),2,0.8947865473638775,1.5244098515345763,0.027043068065559277,1.7676165762967482,0.7678234324528668,0.8387561357513817,0.7070195471777515,0.7070195471777515,0.015707317311820675,0.7678234324528667,5616,0.3910003749988391,1 2 1,-0.49999999999999994
DTLZ6,3,ORCA-reduced NSGA-III (L2),3,1.075855175143352,1.4126851898828228,0.06681531844805795,1.7757093803877366,0.7769659789586054,0.7973359210700641,0.7066043624724895,0.7066043624724895,0.03769018266993454,0.7769659789586055,5616,0.3910003749988391,1 2 1,-0.49999999999999994
DTLZ6,3,ORCA-reduced NSGA-III (L2),4,0.6941352869131238,1.1584544883942056,1.050621676079258,1.3504964265849226,0.7110366753714645,0.7544299922036148,0.5515002281138823,0.5515002281138823,0.6258554120407296,0.7110366753714645,5616,0.3910003749988391,1 2 1,-0.49999999999999994
DTLZ6,3,ORCA-reduced NSGA-III (L2),5,0.7338577281223466,1.0974398656794493,1.0738315193732213,1.3201974942816017,0.7017742376434133,0.7290754180820663,0.5441264670465712,0.5441264670465712,0.6386335222322997,0.7017742376434132,5616,0.3910003749988391,1 2 1,-0.49999999999999994
DTLZ6,3,ORCA-reduced NSGA-III (L2),6,0.6506786584812837,1.3027606523943454,0.8740728393981639,1.456217028478222,0.6984025914380583,0.7844371636263124,0.5976244187981128,0.5976244187981128,0.5344998672707373,0.6984025914380584,5616,0.3910003749988391,1 2 1,-0.49999999999999994
DTLZ6,3,ORCA-reduced NSGA-III (L2),7,1.3801188431981957,0.9760569290850585,0.02537603370385791,1.6903890529004502,0.6905795140283169,0.7249393325331951,0.7070280523357759,0.7070280523357759,0.01492201127724985,0.6905795140283166,5616,0.3910003749988391,1 2 1,-0.49999999999999994
DTLZ6,3,ORCA-reduced NSGA-III (L2),8,1.0801888839170046,0.7572385435623779,1.072998465779484,1.3191733156770324,0.7004540406489854,0.722109946096094,0.5451889709046124,0.5451889709046124,0.636818633527584,0.7004540406489855,5616,0.3910003749988391,1 2 1,-0.49999999999999994
DTLZ6,3,ORCA-reduced NSGA-III (L2),9,0.9652524776956745,0.8567791201554663,1.1015692866210134,1.2906520857427122,0.6968316650919566,0.6993164057637052,0.5373273712243708,0.5373273712243708,0.6500450694115097,0.6968316650919567,5616,0.3910003749988391,1 2 1,-0.49999999999999994
DTLZ6,3,ORCA-reduced NSGA-III (L2),10,1.0199909746739662,1.4973653248812926,0.10931227568280676,1.8117628168646156,0.8150574861938011,0.8530226931954887,0.7057803395439022,0.7057803395439022,0.06122274599026192,0.815057486193801,5616,0.3910003749988391,1 2 1,-0.49999999999999994
DTLZ6,3,ORCA-reduced NSGA-III (L2),11,0.7603016688230433,1.6103894630875528,0.07807217373122491,1.7808461052091282,0.7825566231538452,0.9062066698564936,0.7063477474498804,0.7063477474498804,0.046321909988254306,0.7825566231538452,5616,0.3910003749988391,1 2 1,-0.49999999999999994
DTLZ6,4,Full NSGA-III,0,2.3293005781810017,1.3339896955123136,2.824818670004876,2.684244715231341,2.8967640690264402,2.918802324569576,0.47794184641075227,0.47794184641075227,0.7369824847979508,2.8967640690264407,5600,0.38523937499849126,1 2 1,-0.49999999999999994
DTLZ6,4,Full NSGA-III,1,2.2239129773427315,3.6518034654670988,0.00016284064985464347,4.275682107125239,3.275682110226157,3.312391828517234,0.7071067811865475,0.7071067811865475,0.0,3.2756821102261564,5600,0.38523937499849126,1 2 1,-0.49999999999999994
DTLZ6,4,Full NSGA-III,2,0.8814154848447661,3.9358244101387934,0.0016192204962322606,4.033312167979131,3.033312493006651,3.233419742512024,0.7071065630970524,0.7071065630970524,0.0007853980826519387,3.033312493006652,5600,0.38523937499849126,1 2 1,-0.49999999999999994
DTLZ6,4,Full NSGA-III,3,3.340441661456174,0.6743258762655171,2.1254321037911286,3.4078242150958054,3.016307695983878,3.168282764620967,0.5661286461353394,0.5661286461353394,0.5991633433796958,3.0163076959838775,5600,0.38523937499849126,1 2 1,-0.49999999999999994
DTLZ6,4,Full NSGA-III,4,3.8091898573793714,1.9326622328467422,0.00016267869115371204,4.271429582216477,3.271429585314311,3.3354018653170288,0.7071067811865475,0.7071067811865475,0.0,3.271429585314311,5600,0.38523937499849126,1 2 1,-0.49999999999999994
DTLZ6,4,Full NSGA-III,5,1.2421274571736056,0.25387427282755654,3.8307936522178165,1.2678062810493913,3.035134789835478,3.0551566219804225,0.18819293447119967,0.18819293447119967,0.9639330053640852,3.0351347898354786,5600,0.38523937499849126,1 2 1,-0.49999999999999994
DTLZ6,4,Full NSGA-III,6,2.4640912503281265,2.898389499397123,0.5480247614411368,3.8042617391760962,2.8435320369826176,2.8478501624303396,0.6998157460209082,0.6998157460209082,0.14323352694952035,2.8435320369826176,5600,0.38523937499849126,1 2 1,-0.49999999999999994
DTLZ6,4,Full NSGA-III,7,0.39750995216490925,2.0537593745492275,3.5371650601775517,2.0918751708978673,3.1094377223118794,3.1637689037787364,0.31108397031469787,0.31108397031469787,0.8980275757606156,3.1094377223118794,5600,0.38523937499849126,1 2 1,-0.49999999999999994
DTLZ6,4,Full NSGA-III,8,4.167102631240693,0.835821245051571,0.00016186630938508015,4.250098998020243,3.2500990011026065,3.4623891638290276,0.7071067811865475,0.7071067811865475,0.0,3.250099001102606,5600,0.38523937499849126,1 2 1,-0.49999999999999994
DTLZ6,4,Full NSGA-III,9,2.825378102960145,3.3624029160092372,0.001763167411403967,4.3918691686199045,3.391869522542013,3.396715177110905,0.7071065630970524,0.7071065630970524,0.0007853980826519387,3.3918695225420126,5600,0.38523937499849126,1 2 1,-0.49999999999999994
DTLZ6,4,Full NSGA-III,10,1.1840604514585429,1.40479042158069,3.7928608020176005,1.8372357718249068,3.214407235276944,3.2153066423906242,0.3075881840835781,0.3075881840835781,0.900432683782821,3.2144072352769446,5600,0.38523937499849126,1 2 1,-0.49999999999999994
DTLZ6,4,Full NSGA-III,11,4.761167074050623e-05,0.00023627570626040388,3.9509710831357125,0.00024102506209843622,2.9509710904874598,2.950971092978757,4.3297802811774664e-17,4.3297802811774664e-17,1.0,2.9509710904874598,5600,0.38523937499849126,1 2 1,-0.49999999999999994
DTLZ6,4,Full NSGA-III,12,0.6060113838124772,2.9919491299960153,2.546975796263771,3.0527052582577023,2.9756880034212565,3.0993815425046125,0.4996071467461131,0.4996071467461131,0.7076619234072267,2.975688003421257,5600,0.38523937499849126,1 2 1,-0.49999999999999994
DTLZ6,4,Full NSGA-III,13,3.475971594868802,1.0873395174512497,1.6052597847835646,3.642071629518821,2.980143807852834,3.103797596174956,0.6330342687582214,0.6330342687582214,0.44557292237689633,2.980143807852834,5600,0.38523937499849126,1 2 1,-0.49999999999999994
DTLZ6,4,Full NSGA-III,14,0.7167411416962455,3.4989666258741714,1.5370470749012735,3.5716222243094693,2.8883157052435804,3.067769491992543,0.6285169954726462,0.6285169954726462,0.4581842127398928,2.8883157052435804,5600,0.38523937499849126,1 2 1,-0.49999999999999994
DTLZ6,4,Full NSGA-III,15,3.9243622117997936,0.8286733231473297,0.5845467695562175,4.0108999296789,3.05327190942044,3.2567308557638484,0.6966727524906146,0.6966727524906146,0.1711553442761914,3.05327190942044,5600,0.38523937499849126,1 2 1,-0.49999999999999994
DTLZ6,4,Full NSGA-III,16,3.4831548053494257,1.9705938640916683,1.0755476832198194,4.00195047136075,3.143960713388105,3.188305391820654,0.6811582539452804,0.6811582539452804,0.2684154730346846,3.143960713388105,5600,0.38523937499849126,1 2 1,-0.49999999999999994
DTLZ6,4,Full NSGA-III,17,2.0663484131522054,0.399448117241226,3.541337677829209,2.104603184190359,3.119517825100041,3.1742455619696313,0.31257929218854447,0.31257929218854447,0.8969885017043513,3.119517825100041,5600,0.38523937499849126,1 2 1,-0.49999999999999994
DTLZ6,4,Full NSGA-III,18,2.2638158499421515,2.6356298636671904,1.5324266470647498,3.4743930377410726,2.7973330653680817,2.800588739368805,0.6467249248153679,0.6467249248153679,0.404343595528745,2.7973330653680817,5600,0.38523937499849126,1 2 1,-0.49999999999999994
DTLZ6,4,Full NSGA-III,19,1.4457273407305766,2.348951162137687,2.9182231994708983,2.758205776559083,3.0154359349607436,3.0323406176447096,0.47875983816398404,0.47875983816398404,0.7359198561816304,3.015435934960743,5600,0.38523937499849126,1 2 1,-0.49999999999999994
DTLZ6,4,ORCA-reduced NSGA-III (L2),0,1.2792660920705345,1.4457944166761811,0.21564562386639669,1.9305033617203147,0.9425102997683599,0.9462929519627791,0.7027137806228833,0.7027137806228833,0.11129548528753667,0.94251029976836,5616,0.39362454100046307,1 2 1,-0.49999999999999994
DTLZ6,4,ORCA-reduced NSGA-III (L2),1,1.3371427552100386,1.3292880766786408,0.47890503948324764,1.8854595033070036,0.945329682972309,0.9453381252174988,0.685304157375467,0.685304157375467,0.2464070286493514,0.9453296829723089,5616,0.39362454100046307,1 2 1,-0.49999999999999994
DTLZ6,4,ORCA-reduced NSGA-III (L2),2,1.0630046496065984,0.466646089492247,1.5370645748376979,1.160920952487142,0.9262151918061092,0.9753587795776657,0.40704435541591505,0.40704435541591505,0.8176978570646277,0.9262151918061093,5616,0.39362454100046307,1 2 1,-0.49999999999999994
DTLZ6,4,ORCA-reduced NSGA-III (L2),3,0.940257832189773,1.7023318147615365,0.11788984105912534,1.9447412163430684,0.9483111694923023,1.0253292393443365,0.7057114674770557,0.7057114674770557,0.06279051952931337,0.9483111694923023,5616,0.39362454100046307,1 2 1,-0.49999999999999994
DTLZ6,4,ORCA-reduced NSGA-III (L2),4,0.7645259595181233,1.7970427748833357,0.034953770289304915,1.9529113337623667,0.9532241150454148,1.091698194072812,0.7069704796242773,0.7069704796242773,0.0196336924606283,0.9532241150454148,5616,0.39362454100046307,1 2 1,-0.49999999999999994
DTLZ6,4,ORCA-reduced NSGA-III (L2),5,0.16341881075340936,0.072669207754489,1.8870313415084694,0.17884776057788285,0.8954877486544135,0.8967003205223409,0.062120176816382676,0.062120176816382676,0.9961336091431725,0.8954877486544136,5616,0.39362454100046307,1 2 1,-0.49999999999999994
DTLZ6,4,ORCA-reduced NSGA-III (L2),6,0.9138653669277262,1.6631720319449008,0.4385958303969269,1.8977068047287173,0.9477313518951345,1.0222996689080848,0.6874395061816758,0.6874395061816758,0.23420898932659942,0.9477313518951344,5616,0.39362454100046307,1 2 1,-0.49999999999999994
DTLZ6,4,ORCA-reduced NSGA-III (L2),7,0.0002926622437627225,0.0001190710434233915,2.03260677844001,0.00031595743749145453,1.0326068029969249,1.032606826778401,4.3297802811774664e-17,4.3297802811774664e-17,1.0,1.0326068029969249,5616,0.39362454100046307,1 2 1,-0.49999999999999994
